-0.54000,-0.14000,-0.54000,-0.14000,0.15000,0.02500, , , , , 
0.54151,-0.88761,-1.22187,-0.15406,0.00,0.00,0.11832,-0.48836,0.12158,-0.50086,0.54151,-0.88761,25.24848
0.54454,-0.89395,-0.37501,-0.31523,0.00,0.00,0.24153,-0.53179,0.24205,-0.52900,0.54454,-0.89395,25.24876
0.52169,-0.88928,0.46791,-0.48476,0.00,0.00,0.34150,-0.54610,0.34800,-0.54803,0.52169,-0.88928,25.24908
0.50318,-0.86722,-1.31101,1.39224,0.00,0.00,0.20156,-0.37217,0.19706,-0.36738,0.51862,-0.88300,25.24813
0.51462,-0.83804,0.11139,2.11294,0.00,0.00,0.29548,-0.16219,0.29354,-0.15672,0.51462,-0.83804,25.24788
0.53984,-0.79436,1.37019,1.82514,0.00,0.00,0.48229,-0.17173,0.48343,-0.17342,0.53984,-0.79436,25.24847
0.58501,-0.78742,2.50020,0.50086,0.00,0.00,0.66595,-0.35491,0.66652,-0.35503,0.58501,-0.78742,25.24965
0.58519,-0.74050,1.51281,1.91581,0.00,0.00,0.19769,-0.04985,0.19087,-0.04970,0.58519,-0.74050,25.24761
0.61369,-0.72515,0.96016,-1.07787,0.00,0.00,0.46393,-0.53376,0.46683,-0.54242,0.61369,-0.72515,25.24943
0.60742,-0.71264,-1.08678,0.02124,0.00,0.00,0.21656,-0.36518,0.21146,-0.36668,0.61681,-0.71576,25.24815
0.60112,-0.66886,-0.29779,0.52526,0.00,0.00,0.28503,-0.27469,0.28309,-0.28764,0.60112,-0.66886,25.24809
0.61849,-0.65162,0.15170,0.40452,0.00,0.00,0.37989,-0.26795,0.37661,-0.27181,0.61849,-0.65162,25.24829
0.63712,-0.62651,1.51754,1.85527,0.00,0.00,0.54938,-0.08184,0.55650,-0.07857,0.63712,-0.62651,25.24867
0.66997,-0.59325,1.93731,1.99972,0.00,0.00,0.63232,-0.04123,0.63283,-0.04062,0.66997,-0.59325,25.24901
0.72957,-0.63364,2.56877,-2.11863,0.00,0.00,0.81101,-0.77552,0.81181,-0.78225,0.72957,-0.63364,25.25232
0.79325,-0.64771,1.11234,0.51158,0.00,0.00,0.81780,-0.37156,0.81875,-0.37045,0.78590,-0.65217,25.25056
0.82441,-0.63183,0.18723,-0.08477,0.00,0.00,0.48067,-0.34703,0.47182,-0.35303,0.82441,-0.63183,25.24879
0.77749,-0.63219,-2.42520,0.41522,0.00,0.00,0.08271,-0.28664,0.08036,-0.28325,0.77749,-0.63219,25.24779
0.78142,-0.55830,1.43671,2.49089,0.00,0.00,0.56425,0.09619,0.57290,0.08959,0.78142,-0.55830,25.24875
0.79099,-0.57697,-0.03697,0.39865,0.00,0.00,0.42587,-0.26132,0.42216,-0.25574,0.79099,-0.57697,25.24840
0.79784,-0.57284,0.61937,-0.48312,0.00,0.00,0.51660,-0.37445,0.51808,-0.37693,0.79784,-0.57284,25.24903
0.83593,-0.61621,1.12970,-3.55381,0.00,0.00,0.60976,-0.82984,0.61271,-0.83011,0.83593,-0.61621,25.25154
0.87459,-0.72218,1.75599,-4.45689,0.00,0.00,0.72062,-1.01442,0.72367,-1.01362,0.87459,-0.72218,25.25339
0.89281,-0.79829,-0.46209,-0.71929,0.00,0.00,0.60007,-0.90295,0.60327,-0.90217,0.89901,-0.79515,25.25197
0.89372,-0.86086,-0.24883,-3.72627,0.00,0.00,0.44795,-0.98215,0.45107,-0.98634,0.89372,-0.86086,25.25197
0.85906,-0.90267,-3.55187,-0.75781,0.00,0.00,0.05457,-0.65668,0.04503,-0.64737,0.89653,-0.89914,25.24908
0.79956,-0.90985,-2.81428,-0.62366,0.00,0.00,0.03782,-0.57835,0.03786,-0.57860,0.79956,-0.90985,25.24875
0.70414,-0.93516,-5.12394,-1.68497,0.00,0.00,-0.33691,-0.74042,-0.33851,-0.74079,0.70414,-0.93516,25.25001
0.59473,-0.93654,-6.86868,0.12589,0.00,0.00,-0.63852,-0.48794,-0.64157,-0.48803,0.59473,-0.93654,25.24995
0.41070,-0.97661,-10.18660,-2.56182,0.00,0.00,-1.20402,-0.88560,-1.21124,-0.88553,0.41070,-0.97661,25.25605
0.14741,-1.01122,-8.69359,-1.92724,0.00,0.00,-1.19585,-0.79569,-1.20155,-0.79646,0.23157,-0.99112,25.25540
-0.01568,-0.98565,-8.25429,2.97749,0.00,0.00,-1.16364,-0.12881,-1.16394,-0.11536,-0.01568,-0.98565,25.25272
-0.13890,-0.98787,-4.99521,0.23199,0.00,0.00,-0.80251,-0.51658,-0.79630,-0.51469,-0.09198,-0.98704,25.25091
-0.29033,-0.90932,-7.82333,3.82297,0.00,0.00,-1.26880,0.08023,-1.26908,0.08083,-0.21461,-0.94859,25.25368
-0.41699,-0.90612,-5.60051,-1.47801,0.00,0.00,-1.01511,-0.60998,-1.01282,-0.62125,-0.36260,-0.89184,25.25287
-0.55834,-0.87762,-7.63384,0.90126,0.00,0.00,-1.18388,-0.18280,-1.18457,-0.18059,-0.47691,-0.88228,25.25298
-0.68577,-0.92080,-4.92451,-4.98165,0.00,0.00,-1.57001,-0.25336,-1.57036,-0.25314,-0.64009,-0.85733,25.25718
-0.76402,-0.89156,-5.26056,3.16380,0.00,0.00,-1.14045,-0.05205,-1.14883,-0.03849,-0.76402,-0.89156,25.25254
-0.86820,-0.84371,-4.95295,1.12573,0.00,0.00,-1.16389,-0.28842,-1.16278,-0.29788,-0.86820,-0.84371,25.25299
-0.91510,-0.79877,-2.87472,3.37377,0.00,0.00,-0.89574,0.03814,-0.89629,0.04000,-0.91510,-0.79877,25.25056
-0.93834,-0.73980,-2.37447,1.74509,0.00,0.00,-0.82925,-0.14667,-0.83919,-0.15515,-0.93834,-0.73980,25.25026
-0.99999,-0.78791,-2.50052,-2.37495,0.00,0.00,-0.89022,-0.75784,-0.89383,-0.75772,-0.99999,-0.78791,25.25271
-1.07282,-0.78348,-4.50647,2.21723,0.00,0.00,-0.69236,-0.34993,-0.69281,-0.34810,-1.02225,-0.80415,25.24977
-1.15679,-0.80430,-4.38815,-2.31410,0.00,0.00,-1.12709,-0.49870,-1.12882,-0.49904,-1.11355,-0.78135,25.25330
-1.21584,-0.84258,-3.18760,-1.75007,0.00,0.00,-1.10243,-0.69966,-1.10670,-0.69969,-1.21584,-0.84258,25.25402
-1.28759,-0.85662,-3.33993,-2.82693,0.00,0.00,-1.31723,-0.15755,-1.31853,-0.15495,-1.26025,-0.81848,25.25424
-1.34968,-0.87378,-2.94379,-0.41574,0.00,0.00,-1.07960,-0.76036,-1.08405,-0.75994,-1.31849,-0.87300,25.25416
-1.40202,-0.90943,-3.10972,-1.51452,0.00,0.00,-1.06287,-0.80655,-1.06779,-0.80795,-1.36785,-0.89924,25.25431
-1.51622,-0.97792,-4.97925,-2.29356,0.00,0.00,-1.52746,-0.87477,-1.53045,-0.86887,-1.46678,-0.95173,25.25927
-1.61471,-1.10637,-4.40447,-5.50033,0.00,0.00,-1.49247,-1.37575,-1.50933,-1.36617,-1.61471,-1.10637,25.26316
-1.74821,-1.15314,-7.06252,-0.59048,0.00,0.00,-1.89877,-0.78799,-1.90663,-0.77547,-1.68566,-1.15174,25.26363
-1.83229,-1.17389,-4.54587,-0.88618,0.00,0.00,-1.58738,-0.76399,-1.59548,-0.76228,-1.78864,-1.16666,25.25940
-1.96321,-1.19558,-7.51974,-0.71234,0.00,0.00,-2.03226,-0.76308,-2.04615,-0.75974,-1.88830,-1.18765,25.26565
-2.05817,-1.30055,-4.87498,-5.35888,0.00,0.00,-1.79346,-1.44824,-1.82197,-1.45065,-2.05817,-1.30055,25.26793
-2.14374,-1.39314,-4.37644,-4.81815,0.00,0.00,-1.77117,-1.43081,-1.79835,-1.42950,-2.14374,-1.39314,25.26738
-2.22307,-1.49793,-3.94597,-6.75238,0.00,0.00,-1.75368,-1.74341,-1.79362,-1.75176,-2.22307,-1.49793,25.27108
-2.36076,-1.55240,-7.62099,0.10665,0.00,0.00,-2.33354,-0.85579,-2.34903,-0.83645,-2.36076,-1.55240,25.27116
-2.42038,-1.54427,-4.15728,-3.60060,0.00,0.00,-1.48203,-0.81994,-1.47542,-0.82218,-2.42038,-1.54427,25.25835
-2.55492,-1.54397,-4.85034,3.10420,0.00,0.00,-2.05522,-0.41161,-2.05985,-0.39863,-2.55492,-1.54397,25.26436
-2.64314,-1.51167,-2.92095,-1.03864,0.00,0.00,-2.40536,0.00851,-2.40438,0.00966,-2.62165,-1.49246,25.26971
-2.68060,-1.51559,-2.89154,0.28967,0.00,0.00,-1.49843,-0.84342,-1.50570,-0.84278,-2.64314,-1.51167,25.25882
-2.76280,-1.47995,-4.83438,0.03409,0.00,0.00,-2.16224,-0.77958,-2.17752,-0.79319,-2.76280,-1.47995,25.26795
-2.83005,-1.54715,-3.68408,-2.35973,0.00,0.00,-2.04315,-1.17156,-2.06381,-1.16410,-2.83005,-1.54715,25.26873
-2.88094,-1.49573,-2.50149,2.20538,0.00,0.00,-1.89201,-0.49598,-1.89415,-0.49723,-2.85232,-1.51986,25.26216
-2.89320,-1.51748,0.45037,-2.20377,0.00,0.00,-1.50688,-1.12023,-1.51326,-1.12698,-2.89320,-1.51748,25.26099
-2.92270,-1.44630,-2.30679,6.04580,0.00,0.00,-1.89058,0.03440,-1.89568,0.05210,-2.92270,-1.44630,25.26130
-2.94878,-1.39682,-0.98641,5.18442,0.00,0.00,-1.73323,-0.03794,-1.72966,-0.02844,-2.94878,-1.39682,25.25897
-2.95059,-1.30344,0.70806,1.08006,0.00,0.00,-1.53531,-0.23508,-1.53094,-0.24280,-2.95678,-1.30670,25.25669
-2.95193,-1.24093,-0.37168,5.68070,0.00,0.00,-1.64554,0.10428,-1.64559,0.12509,-2.95193,-1.24093,25.25793
-2.95653,-1.17222,-0.61113,2.73718,0.00,0.00,-1.67996,-0.24237,-1.68215,-0.24958,-2.95653,-1.17222,25.25857
-2.97023,-1.11650,-0.50211,4.36446,0.00,0.00,-1.67798,-0.01143,-1.67518,-0.00025,-2.97023,-1.11650,25.25826
-2.95840,-1.07884,-0.28028,3.55498,0.00,0.00,-1.63185,-0.09594,-1.63619,-0.08481,-2.95840,-1.07884,25.25778
-2.94053,-1.03753,1.93673,-0.43510,0.00,0.00,-1.31845,-0.61635,-1.32082,-0.61892,-2.94053,-1.03753,25.25560
-2.91587,-0.94778,0.19946,3.64264,0.00,0.00,-1.33690,-0.00841,-1.33636,-0.00806,-2.91199,-0.98523,25.25433
-2.87579,-0.91883,2.66211,0.12516,0.00,0.00,-1.46529,-0.03256,-1.46471,-0.03259,-2.90706,-0.91946,25.25572
-2.84552,-0.85594,1.65949,3.60913,0.00,0.00,-1.30506,0.03972,-1.30393,0.04305,-2.84552,-0.85594,25.25401
-2.84909,-0.83412,0.65364,2.45389,0.00,0.00,-1.45200,-0.11382,-1.44666,-0.10681,-2.84909,-0.83412,25.25555
-2.83314,-0.84944,0.75560,-1.00114,0.00,0.00,-1.42399,-0.59868,-1.42753,-0.59845,-2.83314,-0.84944,25.25663
-2.84877,-0.84975,-1.80777,-0.43486,0.00,0.00,-1.79120,-0.51938,-1.79420,-0.51922,-2.84877,-0.84975,25.26083
-2.85383,-0.91540,0.11820,-4.59144,0.00,0.00,-1.52359,-1.13008,-1.53897,-1.13609,-2.85383,-0.91540,25.26136
-2.85846,-0.99680,-0.37352,-3.19340,0.00,0.00,-1.59560,-0.98598,-1.60699,-0.98444,-2.85846,-0.99680,25.26098
-2.84545,-1.02156,2.07012,0.01424,0.00,0.00,-1.39139,-0.78428,-1.39552,-0.78573,-2.84545,-1.02156,25.25726
-2.77192,-1.10115,2.44675,-3.13794,0.00,0.00,-1.15454,-1.03902,-1.16343,-1.03334,-2.77192,-1.10115,25.25669
-2.76511,-1.12916,0.57985,-1.77552,0.00,0.00,-1.34981,-0.71888,-1.35544,-0.71758,-2.76867,-1.10734,25.25645
-2.75055,-1.23207,-0.03133,-4.91535,0.00,0.00,-1.26730,-1.40879,-1.28607,-1.40863,-2.75148,-1.18518,25.26127
-2.71481,-1.31532,2.15527,-3.53696,0.00,0.00,-1.25256,-1.51651,-1.27322,-1.51625,-2.73707,-1.28798,25.26233
-2.73339,-1.32506,-2.32730,-0.38467,0.00,0.00,-1.79409,-0.77065,-1.80903,-0.76856,-2.73339,-1.32506,25.26221
-2.74248,-1.33801,-0.44465,-1.52737,0.00,0.00,-1.54336,-0.93520,-1.55289,-0.93556,-2.74248,-1.33801,25.25998
-2.71431,-1.33131,1.74757,-0.86763,0.00,0.00,-1.22119,-0.83986,-1.22732,-0.83991,-2.71431,-1.33131,25.25591
-2.73351,-1.30980,-0.18841,2.56120,0.00,0.00,-1.50424,-0.35115,-1.50406,-0.34951,-2.73351,-1.30980,25.25661
-2.75579,-1.29762,-1.68222,-2.02649,0.00,0.00,-1.62114,-0.84502,-1.62864,-0.85591,-2.75579,-1.29762,25.26037
-2.80862,-1.31716,-2.17102,0.06777,0.00,0.00,-1.82496,-0.70285,-1.82645,-0.70102,-2.80862,-1.31716,25.26209
-2.87964,-1.36261,-1.77826,-2.14118,0.00,0.00,-2.06350,-0.93390,-2.07679,-0.93406,-2.86141,-1.33696,25.26719
-2.93935,-1.33917,-3.05529,1.81794,0.00,0.00,-2.04319,-0.82427,-2.05269,-0.82342,-2.91087,-1.36350,25.26612
-3.00622,-1.28720,-3.38125,2.66555,0.00,0.00,-2.09514,-0.31998,-2.09697,-0.32148,-3.00622,-1.28720,25.26475
-3.01662,-1.23709,-1.11242,4.29574,0.00,0.00,-1.78287,-0.07904,-1.78391,-0.06656,-3.01662,-1.23709,25.25972
-3.05485,-1.20957,-4.10458,2.30928,0.00,0.00,-2.12704,-0.40446,-2.13896,-0.39624,-3.01677,-1.23696,25.26563
-3.13890,-1.22998,-3.59168,-1.88996,0.00,0.00,-2.20177,-0.92058,-2.21057,-0.92730,-3.13890,-1.22998,25.26933
-3.19801,-1.25319,-3.06213,0.80013,0.00,0.00,-2.15449,-0.58671,-2.15917,-0.57368,-3.19801,-1.25319,25.26657
-3.27899,-1.27935,-3.82439,-0.82789,0.00,0.00,-2.30667,-0.80883,-2.31554,-0.80537,-3.27899,-1.27935,25.27039
-3.36274,-1.31537,-2.05393,-0.98992,0.00,0.00,-2.44073,-1.08037,-2.46346,-1.08664,-3.36274,-1.31537,25.27494
-3.42200,-1.32310,-2.58419,-0.86317,0.00,0.00,-2.20718,-0.82962,-2.21968,-0.83399,-3.42200,-1.32310,25.26890
-3.47356,-1.40540,-1.96536,-4.18299,0.00,0.00,-2.31194,-1.26777,-2.33849,-1.26686,-3.45560,-1.36440,25.27417
-3.52650,-1.42536,-2.03421,-0.57207,0.00,0.00,-2.45534,-1.00544,-2.47228,-1.00396,-3.51086,-1.42506,25.27450
-3.52871,-1.48153,-0.43814,-2.41083,0.00,0.00,-1.96667,-1.29846,-1.99013,-1.29931,-3.52607,-1.45647,25.26881
-3.49389,-1.50274,1.92530,-1.12693,0.00,0.00,-1.61948,-0.96908,-1.62803,-0.96834,-3.49389,-1.50274,25.26112
-3.48430,-1.50551,0.86729,-0.19760,0.00,0.00,-1.76134,-0.84183,-1.76868,-0.83975,-3.48430,-1.50551,25.26208
-3.47486,-1.50845,0.38900,1.07622,0.00,0.00,-1.81989,-0.67102,-1.82711,-0.66318,-3.47486,-1.50845,25.26191
-3.45893,-1.52378,0.44128,-0.74977,0.00,0.00,-1.80543,-0.92722,-1.81692,-0.92676,-3.45893,-1.52378,25.26330
-3.41762,-1.55737,3.74550,-1.74117,0.00,0.00,-1.52488,-1.03119,-1.53473,-1.02726,-3.41762,-1.55737,25.26044
-3.33854,-1.60274,3.47809,-2.46521,0.00,0.00,-1.31386,-1.21071,-1.33022,-1.20970,-3.33854,-1.60274,25.25975
-3.23841,-1.59750,4.14983,2.56927,0.00,0.00,-1.41902,-0.85815,-1.42692,-0.85642,-3.28189,-1.62041,25.25803
-3.18327,-1.53703,1.82207,3.20312,0.00,0.00,-1.16685,-0.43571,-1.16833,-0.43559,-3.19830,-1.56859,25.25342
-3.17799,-1.48689,-0.34683,2.89075,0.00,0.00,-1.76037,-0.40306,-1.76594,-0.39783,-3.17799,-1.48689,25.26004
-3.11945,-1.43273,3.11087,3.45068,0.00,0.00,-1.25145,-0.29680,-1.24948,-0.29044,-3.11945,-1.43273,25.25378
-3.06723,-1.38196,1.61308,3.16371,0.00,0.00,-1.39182,-0.34198,-1.39919,-0.33896,-3.08213,-1.41337,25.25542
-3.06833,-1.31928,0.55064,3.48610,0.00,0.00,-1.58154,-0.22689,-1.57981,-0.22419,-3.06833,-1.31928,25.25725
-3.09494,-1.23850,-0.30320,3.66068,0.00,0.00,-1.72151,-0.15139,-1.71326,-0.15616,-3.09494,-1.23850,25.25884
-3.09850,-1.21668,-2.04637,1.24177,0.00,0.00,-1.88691,-0.49017,-1.89969,-0.48913,-3.09850,-1.21668,25.26221
-3.11783,-1.17996,0.32717,0.27027,0.00,0.00,-1.64509,-0.58657,-1.64159,-0.59882,-3.11783,-1.17996,25.25915
-3.10513,-1.18909,-1.27789,0.16746,0.00,0.00,-1.62937,-0.58542,-1.63343,-0.58448,-3.10513,-1.18909,25.25898
-3.14693,-1.13946,-1.58811,4.03607,0.00,0.00,-1.88404,-0.68927,-1.88934,-0.69051,-3.13053,-1.18590,25.26293
-3.21394,-1.07198,-2.64978,2.60626,0.00,0.00,-2.36321,0.05696,-2.36176,0.05692,-3.19475,-1.09349,25.26894
-3.22246,-1.11593,-0.51961,-2.36331,0.00,0.00,-1.83135,-0.90924,-1.84096,-0.91136,-3.22602,-1.09411,25.26353
-3.24706,-1.14470,-1.01212,-0.77282,0.00,0.00,-1.89673,-0.72928,-1.90163,-0.72548,-3.24706,-1.14470,25.26329
-3.26502,-1.18571,-0.21980,-1.83484,0.00,0.00,-1.82384,-0.90862,-1.83007,-0.90542,-3.26533,-1.17008,25.26334
-3.27433,-1.19795,-1.28856,-0.33525,0.00,0.00,-1.94476,-0.69697,-1.95449,-0.69298,-3.27433,-1.19795,25.26390
-3.30559,-1.19856,-0.94172,-1.30364,0.00,0.00,-1.91759,-0.82773,-1.92577,-0.82872,-3.30559,-1.19856,25.26422
-3.27000,-1.25117,0.28290,3.47780,0.00,0.00,-1.50028,-0.81395,-1.50854,-0.80073,-3.27000,-1.25117,25.25859
-3.25169,-1.21105,-0.14763,0.32730,0.00,0.00,-1.77106,-0.60935,-1.78069,-0.60753,-3.25169,-1.21105,25.26101
-3.23002,-1.20735,-0.25756,1.25844,0.00,0.00,-1.77214,-0.48385,-1.78245,-0.47531,-3.23002,-1.20735,25.26051
-3.16411,-1.22750,3.68534,-0.56524,0.00,0.00,-1.19708,-0.74667,-1.19913,-0.74378,-3.16411,-1.22750,25.25507
-3.11229,-1.31076,1.37326,-1.19156,0.00,0.00,-1.48800,-0.88920,-1.49650,-0.87394,-3.11229,-1.31076,25.25891
-3.07136,-1.31379,1.79104,-0.86222,0.00,0.00,-1.48280,-0.52041,-1.48547,-0.51388,-3.08731,-1.29848,25.25693
-3.01858,-1.29398,2.65623,0.87794,0.00,0.00,-1.26041,-0.57456,-1.26101,-0.57553,-3.01858,-1.29398,25.25482
-2.92728,-1.31704,4.08585,-0.48598,0.00,0.00,-0.76143,-1.01247,-0.76678,-1.01268,-2.96180,-1.31147,25.25363
-2.87925,-1.28765,2.73606,-1.06269,0.00,0.00,-1.19729,-0.72113,-1.20035,-0.73668,-2.90314,-1.27278,25.25504
-2.77552,-1.30486,5.90839,-1.13144,0.00,0.00,-0.87346,-0.81231,-0.87656,-0.81192,-2.82895,-1.29309,25.25292
-2.68481,-1.29700,3.54805,1.63519,0.00,0.00,-0.94616,-0.47961,-0.95454,-0.47131,-2.68481,-1.29700,25.25181
-2.60386,-1.28573,3.04909,0.66095,0.00,0.00,-0.94919,-0.62958,-0.95810,-0.62628,-2.63189,-1.29251,25.25248
-2.51685,-1.24052,6.05332,3.44771,0.00,0.00,-0.52333,-0.19571,-0.51175,-0.18718,-2.51685,-1.24052,25.24860
-2.46152,-1.18038,1.75760,3.37331,0.00,0.00,-1.06962,-0.16858,-1.07716,-0.16642,-2.46152,-1.18038,25.25203
-2.39016,-1.15064,5.11016,-0.41281,-5.00,0.00,2.11060,-0.66537,2.13067,-0.67816,2.60984,-1.15064,25.26657
-2.35005,-1.12173,2.12503,1.37498,-5.00,0.00,1.72849,-0.41306,1.72992,-0.41285,2.64995,-1.12173,25.25960
-2.30609,-1.13027,2.24874,-0.80995,-5.00,0.00,1.76902,-0.72278,1.77570,-0.72299,2.69391,-1.13027,25.26151
-2.34607,-1.17450,-6.10844,0.49470,-5.00,0.00,0.95245,-0.91791,0.94401,-0.91590,2.65392,-1.17450,25.25407
-2.47702,-1.15012,-7.39034,6.06846,-5.00,0.00,0.32881,0.21243,0.32789,0.22851,2.52298,-1.15012,25.24807
-2.67737,-0.93281,-5.49643,6.46119,-5.00,0.00,0.11688,0.78289,0.11726,0.78324,2.37047,-0.99392,25.24987
-2.81793,-0.95077,-7.23419,-2.56217,-5.00,0.00,0.16580,-0.25714,0.16547,-0.25784,2.25039,-0.91556,25.24782
-2.99598,-1.00266,-11.08375,-1.68220,-5.00,0.00,-0.31292,-0.82364,-0.32797,-0.81648,2.11684,-0.99203,25.25043
-3.29642,-1.01635,-16.21994,-1.09089,-5.00,0.00,-1.34376,-0.69620,-1.35551,-0.70111,1.70358,-1.01635,25.25636
-3.64591,-1.07232,-18.53990,-1.56444,-5.00,0.00,-1.74539,-0.84827,-1.75718,-0.83978,1.53522,-1.05650,25.26192
-4.02231,-1.01761,-18.47193,3.17275,-5.00,0.00,-2.06070,-0.10827,-2.05696,-0.10519,0.97769,-1.01761,25.26378
-4.30606,-1.09328,-14.50236,-5.86270,-5.00,0.00,-1.65598,-1.40838,-1.68011,-1.40954,0.69394,-1.09328,25.26564
-4.65571,-1.17877,-19.42785,-4.25157,-5.00,0.00,-2.52979,-1.23031,-2.56073,-1.22907,0.34429,-1.17877,25.27794
-5.02993,-1.32325,-18.62544,-9.56058,-5.00,0.00,-2.62380,-2.05024,-2.70674,-2.04743,-0.02993,-1.32325,25.29004
-5.60853,-1.50294,-20.26253,-5.80622,-5.00,0.00,-2.97018,-1.63295,-3.02704,-1.63014,-0.41238,-1.44020,25.29157
-6.02049,-1.57721,-19.93610,-4.46727,-5.00,0.00,-3.68578,-1.17394,-3.71723,-1.17079,-0.83350,-1.52656,25.30487
-6.32459,-1.67919,-14.60211,-4.96552,-5.00,0.00,-2.76370,-1.60374,-2.81059,-1.59761,-1.32459,-1.67919,25.28653
-6.59856,-1.84909,-14.48879,-8.33887,-5.00,0.00,-2.88802,-2.16604,-2.99349,-2.15891,-1.59856,-1.84909,25.29752
-6.85215,-2.00202,-11.31405,-9.31165,-5.00,0.00,-2.58559,-2.37951,-2.69799,-2.37715,-1.85215,-2.00202,25.29490
-7.09594,-2.03541,-11.23538,-4.36704,-5.00,0.00,-2.93722,-1.16508,-2.96715,-1.15550,-2.09594,-2.03541,25.28581
-7.41805,-2.10905,-9.52074,-1.08267,-5.00,0.00,-2.64989,-1.29352,-2.66928,-1.28740,-2.41805,-2.10905,25.28058
-7.48728,-2.09791,-5.91336,-0.06052,-5.00,0.00,-2.17572,-1.13587,-2.19092,-1.13948,-2.48728,-2.09791,25.27057
-7.68900,-2.05886,-7.39681,1.34011,-5.00,0.00,-2.45670,-0.76804,-2.47245,-0.75690,-2.61328,-2.06784,25.27299
-7.76678,-2.04248,-3.71686,1.52544,-5.00,0.00,-2.01865,-0.89334,-2.02524,-0.88817,-2.76678,-2.04248,25.26609
-7.85811,-1.98824,-3.84534,3.76884,-5.00,0.00,-2.08599,-0.55275,-2.08503,-0.54527,-2.85811,-1.98824,25.26525
-7.88010,-1.91618,-1.06316,4.55555,-5.00,0.00,-1.70422,-0.39800,-1.70537,-0.39660,-2.88010,-1.91618,25.25923
-7.87821,-1.82878,-0.12590,4.99625,-5.00,0.00,-1.57271,-0.29213,-1.57298,-0.29081,-2.87821,-1.82878,25.25729
-7.90818,-1.68051,-0.55701,6.40328,-5.00,0.00,-1.64976,-0.00671,-1.64772,-0.01100,-2.90818,-1.68051,25.25790
-7.94816,-1.49876,-1.06755,6.26225,-5.00,0.00,-1.98809,0.09473,-1.98843,0.09499,-2.94096,-1.55725,25.26270
-7.99040,-1.38705,-2.29011,6.00064,-5.00,0.00,-1.85388,-0.09174,-1.85318,-0.09187,-2.96437,-1.45150,25.26070
-7.99910,-1.26247,-0.39898,6.14883,-5.00,0.00,-1.67906,0.18187,-1.67506,0.17895,-2.99910,-1.26247,25.25837
-7.99777,-1.14427,-0.55416,5.94172,-5.00,0.00,-1.69516,0.21370,-1.69622,0.21375,-2.99777,-1.14427,25.25870
-8.03889,-1.02506,-0.98652,4.80475,-5.00,0.00,-1.81773,0.14362,-1.81100,0.13653,-3.02712,-1.07302,25.26015
-8.03434,-0.92893,-0.47481,4.52665,-5.00,0.00,-1.70123,0.13554,-1.70448,0.13199,-3.03434,-0.92893,25.25870
-8.02553,-0.87101,0.43761,3.12508,-5.00,0.00,-1.57249,-0.03280,-1.57194,-0.03281,-3.02553,-0.87101,25.25697
-8.05494,-0.86253,-0.19428,-1.15656,-5.00,0.00,-1.78226,-0.24824,-1.78162,-0.24776,-3.05537,-0.84761,25.25990
-8.06820,-0.82221,-0.81213,2.41211,-5.00,0.00,-1.76821,-0.14174,-1.76773,-0.13807,-3.06466,-0.84399,25.25955
-8.06942,-0.81037,0.29681,0.98011,-5.00,0.00,-1.61837,-0.30338,-1.61639,-0.30014,-3.06942,-0.81037,25.25784
-8.04197,-0.78858,0.89598,1.31668,-5.00,0.00,-1.51421,-0.24086,-1.51736,-0.24133,-3.04197,-0.78858,25.25653
-8.01547,-0.83943,3.99747,-4.87259,-5.00,0.00,-1.07412,-1.12983,-1.08099,-1.13293,-3.01547,-0.83943,25.25680
-7.95778,-0.88778,3.47061,-3.77194,-5.00,0.00,-1.11624,-1.00067,-1.11967,-1.00694,-2.95778,-0.88778,25.25611
-7.90952,-0.96256,2.31285,-3.81250,-5.00,0.00,-1.24691,-1.05280,-1.25728,-1.05285,-2.90952,-0.96256,25.25770
-7.85028,-1.01230,2.23589,0.35997,-5.00,0.00,-1.49830,-0.55697,-1.50174,-0.55599,-2.87531,-1.00979,25.25728
-7.75879,-1.03477,4.96778,-1.43362,-5.00,0.00,-0.89520,-0.69870,-0.89808,-0.69879,-2.80598,-1.02031,25.25242
-7.71171,-1.03401,2.15953,0.39678,-5.00,0.00,-1.15900,-0.50480,-1.16397,-0.50259,-2.71171,-1.03401,25.25362
-7.63681,-1.01111,2.71878,3.28556,-5.00,0.00,-1.03911,-0.09993,-1.04314,-0.08599,-2.63681,-1.01111,25.25167
-7.59628,-0.99801,1.70580,0.80849,-5.00,0.00,-1.14652,-0.42899,-1.15003,-0.42873,-2.59628,-0.99801,25.25324
-7.54899,-1.01181,2.56343,0.20905,-5.00,0.00,-1.01778,-0.52319,-1.01947,-0.51692,-2.54899,-1.01181,25.25247
-7.53338,-1.01142,0.25402,0.18708,-5.00,0.00,-1.33228,-0.51986,-1.33482,-0.51967,-2.53338,-1.01142,25.25532
-7.52433,-0.99871,3.18227,0.79702,-5.00,0.00,-1.36389,-0.34400,-1.36882,-0.34064,-2.52433,-0.99871,25.25510
-7.46847,-0.96898,-0.29498,1.00081,-5.00,0.00,-1.00674,-0.33879,-1.01223,-0.33613,-2.46520,-0.97515,25.25183
-7.43739,-0.95299,2.71249,2.66936,-5.00,0.00,-0.94254,-0.15342,-0.93646,-0.14086,-2.43739,-0.95299,25.25091
-7.46358,-0.91954,-2.99908,1.86169,-5.00,0.00,-1.73995,-0.23795,-1.75012,-0.23570,-2.46358,-0.91954,25.25945
-7.50997,-0.86236,-2.68602,3.49578,-5.00,0.00,-1.72848,0.01557,-1.72948,0.02037,-2.50997,-0.86236,25.25897
-7.56601,-0.89186,-1.07686,-2.30370,-5.00,0.00,-1.79409,-0.64840,-1.80054,-0.64772,-2.56601,-0.89186,25.26147
-7.61270,-0.89249,-3.17345,1.88213,-5.00,0.00,-1.85686,-0.21887,-1.85484,-0.21822,-2.61270,-0.89249,25.26087
-7.67870,-0.91086,-1.28528,-1.27316,-5.00,0.00,-1.65437,-0.68215,-1.65469,-0.68098,-2.66973,-0.89810,25.25970
-7.74714,-0.93198,-4.08506,-0.81960,-5.00,0.00,-2.04860,-0.61860,-2.05996,-0.61718,-2.74714,-0.93198,25.26516
-7.79683,-0.93286,-2.45024,0.83843,-5.00,0.00,-1.86494,-0.42003,-1.86487,-0.41492,-2.79683,-0.93286,25.26147
-7.83379,-0.95343,-2.22810,-2.06712,-5.00,0.00,-1.83858,-0.79470,-1.85024,-0.80334,-2.83378,-0.95343,25.26299
-7.87049,-1.00928,-1.93813,-3.06208,-5.00,0.00,-1.82151,-0.97312,-1.83357,-0.97258,-2.87049,-1.00928,25.26385
-7.92844,-1.04877,-2.25609,-2.06209,-5.00,0.00,-1.89798,-0.85423,-1.90667,-0.85400,-2.92844,-1.04877,25.26410
-7.99320,-1.09150,-3.88902,-2.19800,-5.00,0.00,-2.16305,-0.89331,-2.17241,-0.89574,-2.99320,-1.09150,25.26849
-8.09382,-1.14562,-2.48087,-1.81626,-5.00,0.00,-2.28843,-0.76632,-2.29721,-0.76492,-3.07266,-1.12614,25.26984
-8.10526,-1.18308,-1.16601,-3.37625,-5.00,0.00,-1.83687,-1.10138,-1.85640,-1.11019,-3.10526,-1.18308,25.26521
-8.12015,-1.25298,0.51892,-3.09476,-5.00,0.00,-1.65124,-1.12615,-1.66059,-1.12139,-3.11775,-1.22902,25.26270
-8.14820,-1.25916,-2.44209,0.52905,-5.00,0.00,-2.03273,-0.61080,-2.04628,-0.60508,-3.14820,-1.25916,25.26489
-8.18716,-1.23609,-2.00284,1.67901,-5.00,0.00,-2.00392,-0.44031,-2.00540,-0.43862,-3.18716,-1.23609,25.26363
-8.18707,-1.23539,-0.13075,0.29018,-5.00,0.00,-1.74016,-0.62967,-1.74367,-0.62587,-3.18707,-1.23539,25.26059
-8.18557,-1.19474,1.07445,2.37064,-5.00,0.00,-1.57761,-0.31415,-1.57036,-0.31303,-3.18557,-1.19474,25.25731
-8.17313,-1.17328,0.93401,1.12509,-5.00,0.00,-1.58289,-0.47588,-1.58483,-0.47568,-3.17313,-1.17328,25.25796
-8.14726,-1.19016,-1.48586,1.80704,-5.00,0.00,-1.89971,-0.39832,-1.90867,-0.38926,-3.14726,-1.19016,25.26203
-8.18821,-1.14487,-1.32506,2.72172,-5.00,0.00,-1.96676,-0.25967,-1.96653,-0.25932,-3.18821,-1.14487,25.26258
-8.21054,-1.07749,-2.65875,0.96765,-5.00,0.00,-1.93353,-0.03059,-1.93327,-0.02576,-3.21054,-1.07749,25.26184
-8.26822,-1.06826,-2.07920,-0.03768,-5.00,0.00,-2.05131,-0.57891,-2.05986,-0.58136,-3.26822,-1.06826,25.26500
-8.30697,-0.98730,-2.29326,5.03373,-5.00,0.00,-2.07457,0.11689,-2.07554,0.12274,-3.27941,-1.03517,25.26409
-8.31856,-0.93834,-0.87160,2.80264,-5.00,0.00,-1.91356,-0.11592,-1.91317,-0.11421,-3.31856,-0.93834,25.26159
-8.36415,-0.93610,-3.27167,-0.37195,-5.00,0.00,-2.23637,-0.55385,-2.24578,-0.55428,-3.36415,-0.93610,25.26796
-8.43240,-0.95838,-2.35562,-1.06353,-5.00,0.00,-2.18941,-0.66584,-2.18901,-0.66541,-3.43240,-0.95838,25.26748
-8.50126,-0.99519,-4.24599,-2.12479,-5.00,0.00,-2.48441,-0.83404,-2.49587,-0.83322,-3.50126,-0.99519,25.27386
-8.57871,-0.95924,-4.80598,1.12938,-5.00,0.00,-2.59852,-0.35556,-2.59998,-0.35566,-3.57871,-0.95924,25.27391
-8.63701,-0.87341,-1.10355,4.57740,-5.00,0.00,-2.12438,0.17161,-2.11749,0.16896,-3.63701,-0.87341,25.26481
-8.66088,-0.78291,-1.66094,1.96351,-5.00,0.00,-2.17913,-0.13263,-2.18120,-0.13668,-3.65003,-0.80074,25.26583
-8.68490,-0.74101,-2.51532,2.96785,-5.00,0.00,-2.33461,0.01013,-2.34004,0.01533,-3.68490,-0.74101,25.26853
-8.72124,-0.75871,-1.85964,0.96734,-5.00,0.00,-2.24363,-0.36714,-2.24588,-0.35524,-3.69870,-0.76987,25.26732
-8.77596,-0.73458,-2.45096,0.05552,-5.00,0.00,-2.38375,-0.38029,-2.38281,-0.38822,-3.77596,-0.73458,25.26984
-8.77967,-0.72241,0.69510,0.92622,-5.00,0.00,-1.94498,-0.26055,-1.94358,-0.26013,-3.77967,-0.72241,25.26224
-8.79909,-0.66307,-0.99946,3.43545,-5.00,0.00,-2.19118,0.12201,-2.19008,0.12273,-3.79909,-0.66307,25.26597
-8.79097,-0.68995,0.23723,-1.31101,-5.00,0.00,-2.01177,-0.55899,-2.01737,-0.55540,-3.79097,-0.68995,25.26423
-8.76752,-0.70507,1.43852,-1.59012,-5.00,0.00,-1.94461,-0.17719,-1.94181,-0.16788,-3.78805,-0.68481,25.26207
-8.72552,-0.77617,1.90580,-3.53957,-5.00,0.00,-1.68042,-0.97886,-1.69178,-0.97864,-3.74279,-0.74649,25.26200
-8.72653,-0.76061,-0.83515,0.75063,-5.00,0.00,-2.12308,-0.30554,-2.12927,-0.30521,-3.72653,-0.76061,25.26524
-8.69427,-0.77342,1.85849,-0.33121,-5.00,0.00,-1.73770,-0.46654,-1.73674,-0.46357,-3.69427,-0.77342,25.25985
-8.66092,-0.75100,2.68160,-0.05322,5.00,0.00,-1.61249,-0.39600,-1.60752,-0.40530,-3.66092,-0.75100,25.25801
-8.65569,-0.78771,2.38671,-2.63871,5.00,0.00,-7.32559,-0.74769,-7.29979,-0.74381,-13.65569,-0.78771,25.45416
-8.60350,-0.84845,0.11591,-0.37456,5.00,0.00,-7.32234,-0.51733,-7.28446,-0.50234,-13.60350,-0.84845,25.45308
-8.51907,-0.84041,6.28039,0.81268,5.00,0.00,-6.43898,-0.34162,-6.38658,-0.33581,-13.51907,-0.84041,25.40529
-8.20851,-0.77916,17.60511,0.54026,5.00,0.00,-4.68341,-0.31945,-4.65661,-0.34283,-13.20851,-0.77916,25.33138
-7.90230,-1.02191,13.73463,-16.27645,5.00,0.00,-5.00984,-2.58892,-5.27571,-2.59895,-13.02587,-0.87173,25.37019
-7.64384,-1.22036,12.47824,-7.88801,5.00,0.00,-5.07982,-1.75956,-5.18117,-1.74872,-12.64384,-1.22036,25.35808
-7.32233,-1.35817,18.24835,-7.37453,5.00,0.00,-4.10489,-1.75946,-4.18793,-1.75564,-12.32233,-1.35817,25.32381
-6.64737,-1.29212,24.36741,8.36738,5.00,0.00,-3.21916,-0.39747,-3.20993,-0.37301,-11.88641,-1.38195,25.28759
-6.02125,-1.18095,33.52459,4.09060,5.00,0.00,-1.91521,0.68428,-1.91992,0.68395,-11.35429,-1.21105,25.26334
-5.31955,-1.24655,36.61080,-4.46298,5.00,0.00,-0.45414,-1.29157,-0.45278,-1.29754,-10.31956,-1.24655,25.25470
-4.61214,-1.31010,36.98194,-2.90606,5.00,0.00,-0.02077,-1.11865,-0.01321,-1.11409,-9.61214,-1.31010,25.25223
-3.91289,-1.17663,36.00568,10.58639,5.00,0.00,0.22840,0.69294,0.23324,0.71685,-8.91289,-1.17663,25.24964
-3.20635,-0.92702,36.55810,12.28497,5.00,0.00,0.68108,1.22267,0.69444,1.21885,-8.20635,-0.92702,25.25499
-2.48775,-0.64234,36.87605,15.80469,5.00,0.00,1.11637,1.84922,1.14984,1.85791,-7.48775,-0.64234,25.26557
-1.70147,-0.38825,41.55488,12.62987,5.00,0.00,2.19840,1.55756,2.23817,1.55566,-6.70147,-0.38825,25.27535
-0.96761,-0.26412,38.31232,2.19158,5.00,0.00,2.14104,0.16539,2.14015,0.16397,-5.96761,-0.26412,25.26518
-0.11440,0.13516,27.79897,17.97672,5.00,0.00,1.02652,2.17179,1.06191,2.17520,-5.38251,-0.04315,25.26970
0.37255,0.43807,24.55424,15.25101,5.00,0.00,0.93934,2.37341,0.98017,2.36903,-4.62745,0.43807,25.27245
0.82722,0.71345,22.85326,14.72340,5.00,0.00,0.86617,2.34620,0.89815,2.34730,-4.39056,0.57340,25.27151
1.23099,0.92458,18.83720,10.70743,5.00,0.00,0.61273,1.99986,0.62058,1.99688,-3.76901,0.92458,25.26419
1.55104,1.00352,15.00971,1.45544,5.00,0.00,0.25452,0.77801,0.24769,0.75981,-3.44896,1.00352,25.24991
1.69503,1.04947,4.83126,2.44452,5.00,0.00,-0.98222,0.95796,-1.00112,0.96367,-3.30497,1.04947,25.25483
1.83957,1.16189,5.37813,4.85559,5.00,0.00,-0.95687,1.30193,-0.96600,1.30650,-3.16043,1.16189,25.25752
1.89240,1.12868,3.40963,-1.91595,5.00,0.00,-1.24229,0.37429,-1.24010,0.37042,-3.13766,1.15136,25.25389
1.95053,1.03250,2.03921,-4.15138,5.00,0.00,-1.35557,-0.02672,-1.36085,-0.02363,-3.04947,1.03250,25.25459
1.98715,0.85015,1.26688,-10.99050,5.00,0.00,-1.43417,-1.01060,-1.44713,-1.02166,-3.01285,0.85015,25.25940
1.96290,0.56602,-2.13765,-13.78300,5.00,0.00,-1.93130,-1.62580,-1.97744,-1.62146,-3.03710,0.56602,25.27203
1.88459,0.29040,-4.23723,-13.54347,5.00,0.00,-2.26289,-1.77603,-2.31850,-1.77013,-3.11541,0.29040,25.27924
1.79539,0.07331,-3.56966,-11.18816,5.00,0.00,-2.23105,-1.52425,-2.26833,-1.52390,-3.20461,0.07331,25.27551
1.72187,-0.14301,-3.62506,-11.06266,5.00,0.00,-2.27771,-1.62473,-2.32209,-1.62278,-3.27813,-0.14301,25.27753
1.71213,-0.55653,0.43696,-14.66786,5.00,0.00,-1.71312,-2.25997,-1.78028,-2.25829,-3.28375,-0.41509,25.27836
1.71870,-0.90431,0.32191,-19.16174,5.00,0.00,-1.72669,-3.15620,-1.86731,-3.16326,-3.28130,-0.90431,25.29746
1.67120,-1.20306,-2.36779,-14.17868,5.00,0.00,-2.10943,-2.60911,-2.22263,-2.59715,-3.30553,-1.06622,25.29056
1.60993,-1.41206,-3.62490,-9.47857,5.00,0.00,-2.16747,-2.57203,-2.27953,-2.56751,-3.34972,-1.33029,25.29090
1.58451,-1.56564,-1.85272,-6.67563,5.00,0.00,-2.07599,-1.79074,-2.12817,-1.78202,-3.40147,-1.50089,25.27628
1.61802,-1.70082,2.28555,-6.87919,5.00,0.00,-1.51076,-1.88060,-1.54701,-1.87922,-3.38198,-1.70082,25.26977
1.69785,-1.79140,4.12456,-3.88176,5.00,0.00,-1.20711,-1.52227,-1.22705,-1.51496,-3.30215,-1.79140,25.26188
1.75477,-1.87149,3.52080,-4.91888,5.00,0.00,-1.25820,-1.69477,-1.28720,-1.69768,-3.24523,-1.87149,25.26465
1.83174,-1.93117,2.04337,1.39305,5.00,0.00,-1.34932,-1.49530,-1.37431,-1.48782,-3.18851,-1.95169,25.26300
1.80741,-1.82303,-0.95912,5.98105,5.00,0.00,-1.85971,-0.15198,-1.85760,-0.14694,-3.19259,-1.82303,25.26081
1.84881,-1.71589,1.15973,5.31706,5.00,0.00,-1.53448,-0.18204,-1.53911,-0.18206,-3.15119,-1.71589,25.25669
1.86230,-1.56276,-0.80259,8.74325,5.00,0.00,-1.78877,0.36662,-1.79987,0.37443,-3.13770,-1.56276,25.26044
1.88479,-1.49191,0.69127,2.13706,5.00,0.00,-1.58527,-0.50571,-1.58790,-0.50604,-3.11521,-1.49191,25.25811
1.91437,-1.43315,-1.37804,4.83143,5.00,0.00,-1.84929,-0.10447,-1.85832,-0.09740,-3.08563,-1.43315,25.26078
1.83576,-1.27610,-2.64918,5.41575,5.00,0.00,-2.18258,-0.02875,-2.18198,-0.02886,-3.13763,-1.33383,25.26578
1.81158,-1.16802,-0.42832,5.21239,5.00,0.00,-1.78983,0.10197,-1.78098,0.09891,-3.18842,-1.16802,25.25970
1.78752,-1.03050,0.19389,5.56024,5.00,0.00,-1.75854,0.24668,-1.75135,0.23910,-3.21119,-1.08686,25.25947
1.79811,-0.96717,1.09294,1.03879,5.00,0.00,-1.61017,-0.29006,-1.60646,-0.30331,-3.21027,-0.98025,25.25773
1.83408,-0.98142,1.99713,-1.11223,5.00,0.00,-1.44190,-0.66837,-1.44584,-0.67003,-3.18281,-0.97208,25.25717
1.84844,-1.00542,-0.10056,-0.54705,5.00,0.00,-1.69275,-0.66199,-1.70131,-0.65622,-3.15156,-1.00542,25.26018
1.84357,-1.06538,-0.44284,-2.94039,5.00,0.00,-1.76726,-0.98628,-1.77868,-0.98588,-3.15643,-1.06538,25.26319
1.86082,-1.05593,1.29975,1.03977,5.00,0.00,-1.51349,-0.42502,-1.51472,-0.42433,-3.13918,-1.05593,25.25695
1.88843,-1.04759,2.11999,-0.12141,5.00,0.00,-1.38368,-0.58236,-1.38659,-0.58232,-3.11157,-1.04759,25.25612
1.99323,-1.11088,5.62468,-3.24996,5.00,0.00,-0.83686,-1.05466,-0.84344,-1.05444,-3.00677,-1.11088,25.25443
2.08758,-1.20140,2.67821,-3.76982,5.00,0.00,-1.06832,-0.87601,-1.07396,-0.87479,-2.93385,-1.16518,25.25479
2.10326,-1.27552,1.39834,-2.61027,5.00,0.00,-1.41417,-1.08523,-1.42148,-1.07852,-2.91506,-1.25191,25.25957
2.14861,-1.33801,2.61510,-3.25135,5.00,0.00,-1.17552,-1.17722,-1.18578,-1.17697,-2.85139,-1.33801,25.25808
2.18599,-1.33208,1.87485,0.87424,5.00,0.00,-1.25714,-0.59704,-1.26017,-0.59661,-2.81401,-1.33208,25.25490
2.27576,-1.33190,3.75587,-0.06060,5.00,0.00,-0.94481,-0.72727,-0.94893,-0.72745,-2.72424,-1.33190,25.25293
2.33569,-1.33739,4.30545,-2.04977,5.00,0.00,-0.83629,-1.00847,-0.84234,-1.00879,-2.66431,-1.33739,25.25406
2.39652,-1.35882,2.81257,-2.31146,5.00,0.00,-1.01199,-1.05517,-1.02049,-1.05603,-2.60348,-1.35882,25.25569
2.41921,-1.36965,-1.35240,1.73215,5.00,0.00,-1.31006,-0.66856,-1.32110,-0.65962,-2.58079,-1.36965,25.25580
2.37541,-1.32198,-0.64955,2.01812,5.00,0.00,-1.51476,-0.42731,-1.50981,-0.43102,-2.62459,-1.32198,25.25692
2.36255,-1.30302,-2.41559,3.09467,5.00,0.00,-1.75776,-0.28090,-1.76254,-0.27012,-2.63745,-1.30302,25.25968
2.30637,-1.26324,-1.44335,0.26700,5.00,0.00,-1.70482,-0.71557,-1.70845,-0.72912,-2.67787,-1.26207,25.26064
2.26364,-1.24380,-2.29059,0.44361,5.00,0.00,-1.79629,-0.60300,-1.80248,-0.60891,-2.73636,-1.24380,25.26131
2.20470,-1.25368,-3.22685,-0.55644,5.00,0.00,-1.87340,-0.64455,-1.87992,-0.64399,-2.76153,-1.24221,25.26257
2.14242,-1.25720,-3.01249,-1.34700,5.00,0.00,-2.00796,-0.53831,-2.01115,-0.53769,-2.82732,-1.23983,25.26406
2.06374,-1.30277,-4.98428,-2.07462,5.00,0.00,-1.99449,-1.03986,-2.01015,-1.03983,-2.88434,-1.28078,25.26691
1.95876,-1.33142,-4.35284,-1.50438,5.00,0.00,-2.26551,-0.92804,-2.27325,-0.92660,-2.99790,-1.32235,25.27039
1.88614,-1.37333,-2.91996,-3.19100,5.00,0.00,-2.09671,-1.17815,-2.11133,-1.18651,-3.11386,-1.37333,25.26967
1.85078,-1.40997,-0.79644,-2.36582,5.00,0.00,-1.81907,-1.09050,-1.82760,-1.09131,-3.14922,-1.40997,25.26466
1.80584,-1.49431,-2.79132,-4.89526,5.00,0.00,-2.08225,-1.42583,-2.11653,-1.43013,-3.16896,-1.44565,25.27204
1.75409,-1.57257,-1.79040,-4.48235,5.00,0.00,-2.03162,-1.43760,-2.05754,-1.43795,-3.22959,-1.53087,25.27120
1.74142,-1.67698,-0.68804,-3.94679,5.00,0.00,-1.85608,-1.46755,-1.88516,-1.45612,-3.25858,-1.67698,25.26886
1.71881,-1.72242,-1.77037,-1.53662,5.00,0.00,-1.98057,-1.17838,-2.00590,-1.17263,-3.28119,-1.72242,25.26791
1.76149,-1.75420,2.36768,-2.09973,5.00,0.00,-1.41877,-1.23674,-1.43352,-1.24018,-3.23851,-1.75420,25.26110
1.81923,-1.76922,2.31672,0.18201,5.00,0.00,-1.38592,-0.93947,-1.39872,-0.93358,-3.18077,-1.76922,25.25824
1.88775,-1.76201,3.74700,-0.61834,5.00,0.00,-1.15708,-1.03656,-1.16526,-1.03746,-3.11225,-1.76201,25.25674
1.93805,-1.76543,2.43761,-0.87422,5.00,0.00,-1.31216,-1.07519,-1.32338,-1.07497,-3.06195,-1.76543,25.25852
1.98211,-1.77248,-0.07137,-0.14293,5.00,0.00,-1.58983,-0.99301,-1.60839,-0.99046,-3.01789,-1.77248,25.26104
1.98047,-1.74098,0.70420,1.67971,5.00,0.00,-1.53893,-0.70621,-1.53716,-0.70441,-3.01953,-1.74098,25.25839
2.00491,-1.67006,1.48313,4.52444,5.00,0.00,-1.42556,-0.30430,-1.42362,-0.29841,-2.99509,-1.67006,25.25559
2.02378,-1.61881,0.53212,2.50379,5.00,0.00,-1.52784,-0.52305,-1.53528,-0.52323,-2.97622,-1.61881,25.25754
2.03620,-1.57163,1.68012,3.05934,5.00,0.00,-1.37880,-0.42631,-1.37255,-0.42263,-2.96380,-1.57163,25.25537
2.04811,-1.50811,0.08785,2.46698,5.00,0.00,-1.57788,-0.46470,-1.58374,-0.46863,-2.95189,-1.50811,25.25792
2.04993,-1.48266,-0.84375,2.14236,5.00,0.00,-1.70930,-0.50056,-1.71364,-0.50024,-2.95007,-1.48266,25.25968
2.04142,-1.43891,-0.98319,4.11081,5.00,0.00,-1.73077,-0.20691,-1.73502,-0.20131,-2.95858,-1.43891,25.25919
2.01858,-1.37121,-0.69854,1.60132,5.00,0.00,-1.71808,-0.42843,-1.71821,-0.43548,-2.98142,-1.37121,25.25951
1.98438,-1.32653,-1.97872,2.40953,5.00,0.00,-1.90194,-0.38331,-1.90646,-0.37857,-3.01562,-1.32653,25.26196
1.95628,-1.27807,-1.97800,1.66115,5.00,0.00,-1.91704,-0.45213,-1.92248,-0.45707,-3.04372,-1.27807,25.26244
1.93141,-1.27618,-1.99473,0.31082,5.00,0.00,-1.92644,-0.64831,-1.93713,-0.64618,-3.06859,-1.27618,25.26341
1.91944,-1.28304,-0.81119,0.46915,5.00,0.00,-1.77676,-0.63156,-1.78149,-0.62652,-3.08056,-1.28304,25.26111
1.90384,-1.28383,-0.00060,-1.56087,0.00,-5.00,-1.67220,-0.91088,-1.68183,-0.91090,-3.09616,-1.28383,25.26140
1.93250,-1.29165,0.56901,-0.06483,0.00,-5.00,1.12429,1.99260,1.15764,1.99146,1.93250,3.70835,25.26757
1.95092,-1.33754,0.72118,-3.76793,0.00,-5.00,1.15991,1.44984,1.17281,1.44916,1.95092,3.66246,25.26066
1.95578,-1.41530,1.25013,-5.58428,0.00,-5.00,1.08264,1.38445,1.09816,1.38368,1.95578,3.58470,25.25933
1.96979,-1.59291,-9.63456,-16.28429,0.00,-5.00,1.14818,0.15171,1.14509,0.12777,1.96979,3.40709,25.25256
1.72688,-1.84668,-10.87712,-4.47267,0.00,-5.00,-0.59865,1.05860,-0.59545,1.07631,1.72688,3.15332,25.25325
1.51067,-1.93060,-4.21480,-3.87549,0.00,-5.00,0.21247,1.12478,0.22782,1.11468,1.51067,3.06940,25.25243
1.42289,-2.23985,-6.16646,-16.76062,0.00,-5.00,-0.08149,-0.84488,-0.09547,-0.85591,1.42289,2.76015,25.25031
1.27534,-2.51885,-6.78360,-16.47282,0.00,-5.00,-0.29085,-0.88179,-0.28942,-0.89510,1.27534,2.48115,25.25086
1.16922,-2.91108,-4.83928,-21.14230,0.00,-5.00,-0.04958,-1.82218,-0.04731,-1.83097,1.16922,2.08892,25.26036
0.96008,-3.36240,-12.67336,-23.74620,0.00,-5.00,-1.22858,-2.42958,-1.30257,-2.43380,0.96008,1.63760,25.27621
0.71105,-3.69994,-7.47970,-16.08023,0.00,-5.00,-1.20204,-1.47661,-1.21181,-1.46298,0.71105,1.30006,25.26116
0.59139,-4.03592,-8.43483,-23.24911,0.00,-5.00,-0.85291,-2.71503,-0.91282,-2.73055,0.59139,0.96408,25.27901
0.41087,-4.51782,-9.04539,-21.33720,0.00,-5.00,-1.04513,-2.74188,-1.10625,-2.72284,0.41087,0.48218,25.28020
0.17792,-5.07605,-7.56364,-18.02139,0.00,-5.00,-0.83175,-2.59127,-0.86902,-2.58502,0.25070,0.09431,25.27580
0.00867,-5.48213,-7.65492,-22.01181,0.00,-5.00,-1.07494,-3.32846,-1.16474,-3.33518,0.00867,-0.48213,25.29468
-0.17766,-5.83658,-9.73221,-16.09813,0.00,-5.00,-1.45427,-2.71752,-1.54299,-2.70073,-0.17766,-0.83658,25.28372
-0.32511,-6.06552,-7.03665,-11.52417,0.00,-5.00,-1.19391,-2.20967,-1.23485,-2.20535,-0.32511,-1.06552,25.27162
-0.48340,-6.34547,-7.04124,-15.50408,0.00,-5.00,-1.24626,-2.76031,-1.31761,-2.76498,-0.41356,-1.19497,25.28282
-0.62707,-6.56836,-6.64306,-11.38536,0.00,-5.00,-1.27040,-2.44065,-1.32791,-2.43746,-0.62707,-1.56836,25.27652
-0.76432,-6.74109,-6.69031,-9.83707,0.00,-5.00,-1.35104,-2.28042,-1.40664,-2.28420,-0.76432,-1.74109,25.27456
-0.90410,-6.89186,-7.43437,-6.49010,0.00,-5.00,-1.52754,-1.93675,-1.57260,-1.92775,-0.90410,-1.89186,25.27075
-1.08616,-6.98534,-9.37247,-3.75802,0.00,-5.00,-1.89820,-1.59871,-1.93483,-1.59583,-1.08616,-1.98534,25.27111
-1.26576,-7.01230,-9.71184,-1.71926,0.00,-5.00,-2.05735,-1.16026,-2.08201,-1.15248,-1.26576,-2.01230,25.26892
-1.50534,-7.07635,-6.33823,-2.23409,0.00,-5.00,-1.70631,-1.43390,-1.72622,-1.43229,-1.50534,-2.07635,25.26646
-1.65930,-7.07303,-7.44914,0.18767,0.00,-5.00,-1.90974,-1.09385,-1.92553,-1.09180,-1.58732,-2.07338,25.26606
-1.84369,-7.01512,-8.90864,3.41798,0.00,-5.00,-2.24651,-0.61282,-2.24737,-0.60868,-1.84369,-2.01512,25.26821
-2.02729,-6.90051,-9.98170,6.35095,0.00,-5.00,-2.47385,-0.16035,-2.47579,-0.15593,-2.02729,-1.90051,25.27113
-2.19557,-6.83161,-9.44802,3.43486,0.00,-5.00,-2.49938,-0.50835,-2.51081,-0.50720,-2.19557,-1.83161,25.27262
-2.37464,-6.77390,-8.10465,3.35538,0.00,-5.00,-2.45483,-0.50616,-2.45284,-0.50277,-2.37464,-1.77390,25.27150
-2.52123,-6.71101,-7.27249,4.14539,0.00,-5.00,-2.36243,-0.40406,-2.36034,-0.39831,-2.45097,-1.75175,25.26946
-2.61898,-6.69274,-4.52339,1.78621,0.00,-5.00,-2.05066,-0.66750,-2.05303,-0.66312,-2.61898,-1.69274,25.26526
-2.71633,-6.64916,-4.14749,2.13062,0.00,-5.00,-2.06764,-0.58702,-2.06935,-0.58701,-2.71633,-1.64916,25.26517
-2.80022,-6.62959,-3.17413,-0.91988,0.00,-5.00,-1.96346,-0.99587,-1.97045,-1.00743,-2.80022,-1.62959,25.26608
-2.84982,-6.66341,-1.69320,-1.74894,0.00,-5.00,-1.78600,-1.14040,-1.79727,-1.14093,-2.84982,-1.66341,25.26465
-2.88013,-6.71128,0.46928,-3.74115,0.00,-5.00,-1.57246,-1.43078,-1.58777,-1.43930,-2.88013,-1.71128,25.26483
-2.91175,-6.81539,-1.94612,-2.74650,0.00,-5.00,-1.84069,-1.36973,-1.87007,-1.36302,-2.91175,-1.81539,25.26769
-2.92835,-6.83118,0.63163,-1.93883,0.00,-5.00,-1.98824,-0.95391,-2.00087,-0.95280,-2.93744,-1.81313,25.26615
-2.90355,-6.84872,1.30967,0.33518,0.00,-5.00,-1.38522,-0.95723,-1.39366,-0.95070,-2.90355,-1.84872,25.25831
-2.89360,-6.79240,1.56471,1.67956,0.00,-5.00,-1.41101,-0.69288,-1.40818,-0.69926,-2.91599,-1.81140,25.25691
-2.84796,-6.78515,3.32737,0.60214,0.00,-5.00,-1.13512,-0.90613,-1.13561,-0.90300,-2.88314,-1.79561,25.25550
-2.77362,-6.77995,2.79069,0.20715,0.00,-5.00,-1.08606,-0.91286,-1.09798,-0.91511,-2.80411,-1.77805,25.25526
-2.70315,-6.78039,4.88691,-0.60947,0.00,-5.00,-0.84907,-1.02974,-0.84913,-1.03158,-2.75266,-1.77587,25.25428
-2.65068,-6.72894,3.35104,3.04689,0.00,-5.00,-0.96606,-0.51007,-0.96395,-0.50690,-2.65068,-1.72894,25.25201
-2.59827,-6.67585,2.32235,2.80688,0.00,-5.00,-1.06914,-0.51749,-1.07209,-0.51625,-2.59827,-1.67585,25.25289
-2.55607,-6.60567,2.18207,3.20106,0.00,-5.00,-1.07587,-0.41735,-1.07602,-0.41875,-2.55607,-1.60567,25.25257
-2.51490,-6.49283,3.98247,5.46676,0.00,-5.00,-0.87488,-0.01494,-0.86389,-0.01756,-2.51490,-1.49283,25.25033
-2.47200,-6.39178,1.76354,3.02674,0.00,-5.00,-1.08611,-0.31464,-1.08867,-0.32769,-2.47200,-1.39178,25.25242
-2.45786,-6.34423,0.93715,1.81898,0.00,-5.00,-1.19678,-0.45961,-1.19802,-0.46587,-2.45786,-1.34423,25.25380
-2.45364,-6.28742,-0.45727,2.52218,0.00,-5.00,-1.38657,-0.33801,-1.38980,-0.34189,-2.45364,-1.28742,25.25533
-2.45334,-6.24086,-0.87394,2.49001,0.00,-5.00,-1.44519,-0.33017,-1.44704,-0.32917,-2.45334,-1.24086,25.25592
-2.46581,-6.17389,-2.47222,5.01155,0.00,-5.00,-1.66976,0.06514,-1.67699,0.06766,-2.46581,-1.17389,25.25830
-2.48651,-6.05829,-0.54855,3.62026,0.00,-5.00,-1.41772,-0.06567,-1.41912,-0.06460,-2.48651,-1.05829,25.25522
-2.48659,-6.01178,0.55891,1.07136,0.00,-5.00,-1.26467,-0.39588,-1.26570,-0.39617,-2.48659,-1.01178,25.25421
-2.51093,-6.00947,-0.05300,-1.80763,0.00,-5.00,-1.36684,-0.79633,-1.36951,-0.79765,-2.51093,-1.00947,25.25705
-2.51244,-6.05044,-0.18387,-1.16916,0.00,-5.00,-1.38472,-0.73025,-1.38764,-0.73044,-2.51244,-1.05044,25.25686
-2.50866,-6.10349,-0.63633,-2.69224,0.00,-5.00,-1.43601,-0.97267,-1.45367,-0.97204,-2.50866,-1.10349,25.25911
-2.53941,-6.13572,-0.96761,-1.38804,0.00,-5.00,-1.51105,-0.80920,-1.51366,-0.80698,-2.53941,-1.13572,25.25869
-2.53866,-6.15170,-0.83986,0.14391,0.00,-5.00,-1.45586,-0.64193,-1.46457,-0.63590,-2.53866,-1.15170,25.25722
-2.54365,-6.21739,-0.32095,-3.54120,0.00,-5.00,-1.41984,-1.14901,-1.43241,-1.15222,-2.54365,-1.21739,25.26030
-2.49072,-6.27603,2.93727,-3.06256,0.00,-5.00,-0.93463,-1.11737,-0.94270,-1.11735,-2.49072,-1.27603,25.25562
-2.45842,-6.33786,1.20445,-3.06530,0.00,-5.00,-1.15655,-1.15136,-1.17038,-1.15088,-2.45842,-1.33786,25.25772
-2.45777,-6.43124,0.74991,-4.68773,0.00,-5.00,-1.22246,-1.42868,-1.24110,-1.42824,-2.45777,-1.43124,25.26105
-2.42680,-6.47132,1.87225,-1.81421,0.00,-5.00,-1.04849,-1.04840,-1.05694,-1.04797,-2.42680,-1.47132,25.25591
-2.41671,-6.50547,0.25280,-2.05939,0.00,-5.00,-1.26919,-1.10016,-1.28102,-1.10053,-2.41671,-1.50547,25.25832
-2.40613,-6.53999,0.70189,-2.04819,0.00,-5.00,-1.29057,-0.79869,-1.29833,-0.79390,-2.41297,-1.51202,25.25631
-2.39054,-6.60186,1.46574,-3.88412,0.00,-5.00,-1.22185,-1.24700,-1.23609,-1.24652,-2.40878,-1.56502,25.25918
-2.39115,-6.61716,-1.00624,-1.10980,0.00,-5.00,-1.37987,-1.01466,-1.39793,-1.01583,-2.39115,-1.61716,25.25883
-2.41973,-6.57749,-0.78085,2.00117,0.00,-5.00,-1.42051,-0.57163,-1.41903,-0.57130,-2.41973,-1.57749,25.25642
-2.42227,-6.54035,-1.24910,1.62531,0.00,-5.00,-1.48106,-0.60359,-1.48577,-0.60356,-2.42227,-1.54035,25.25731
-2.46317,-6.53801,-1.19171,-0.31227,0.00,-5.00,-1.49714,-0.87394,-1.50511,-0.87355,-2.46317,-1.53801,25.25901
-2.50360,-6.53605,-0.20554,-2.41021,0.00,-5.00,-1.73785,-0.84824,-1.75078,-0.84688,-2.50360,-1.53605,25.26188
-2.52257,-6.57667,-2.83018,2.47089,0.00,-5.00,-1.75471,-0.51726,-1.76097,-0.50498,-2.52257,-1.57667,25.26032
-2.59284,-6.51868,-4.65058,3.57352,0.00,-5.00,-1.91964,-0.45832,-1.92474,-0.45927,-2.59284,-1.51868,25.26248
-2.67067,-6.44279,-1.04454,0.81887,0.00,-5.00,-1.59521,-0.65379,-1.59309,-0.66391,-2.67067,-1.44279,25.25885
-2.68354,-6.44932,-0.57372,-1.11167,0.00,-5.00,-1.53109,-0.93566,-1.53910,-0.93747,-2.68354,-1.44932,25.25983
-2.69924,-6.49609,-1.30745,-2.31312,0.00,-5.00,-1.63134,-1.13208,-1.65190,-1.13107,-2.69924,-1.49609,25.26268
-2.71434,-6.52760,-1.40236,-1.21000,0.00,-5.00,-1.66126,-0.99441,-1.67384,-0.99332,-2.71434,-1.52760,25.26187
-2.71400,-6.54364,-0.12790,-0.28091,0.00,-5.00,-1.48354,-0.87331,-1.49153,-0.87221,-2.71400,-1.54364,25.25884
-2.71014,-6.53457,-0.47872,1.06917,0.00,-5.00,-1.51292,-0.87617,-1.52376,-0.87619,-2.71357,-1.54360,25.25924
-2.73859,-6.52575,-1.04005,0.53777,0.00,-5.00,-1.69977,-0.71970,-1.70660,-0.71955,-2.72911,-1.52869,25.26057
-2.72434,-6.51997,1.22490,0.40622,0.00,-5.00,-1.42505,-0.68745,-1.42949,-0.68712,-2.73563,-1.51632,25.25708
-2.70245,-6.51599,0.81572,0.40354,0.00,-5.00,-1.29625,-0.88929,-1.30380,-0.88944,-2.70867,-1.51923,25.25696
-2.71197,-6.46658,0.28249,2.62119,0.00,-5.00,-1.45445,-0.44187,-1.45231,-0.44104,-2.71551,-1.49126,25.25630
-2.67752,-6.40618,0.90299,2.76961,0.00,-5.00,-1.31535,-0.36890,-1.32047,-0.37138,-2.67752,-1.40618,25.25468
-2.66209,-6.37458,0.59703,2.04361,0.00,-5.00,-1.34876,-0.45908,-1.35569,-0.45590,-2.66209,-1.37458,25.25531
-2.61110,-6.35482,3.15226,-0.12847,0.00,-5.00,-1.01911,-0.69187,-1.01788,-0.69945,-2.64380,-1.34919,25.25330
-2.57933,-6.36970,2.28957,-1.59128,0.00,-5.00,-1.10296,-0.91951,-1.10786,-0.92364,-2.59868,-1.34829,25.25540
-2.54833,-6.35295,1.86835,1.34324,0.00,-5.00,-1.11569,-0.54762,-1.11679,-0.54231,-2.54833,-1.35295,25.25337
-2.53053,-6.30776,1.81878,1.05904,0.00,-5.00,-1.16408,-0.50339,-1.15850,-0.51086,-2.53053,-1.30776,25.25360
-2.51483,-6.30737,1.78091,-1.54806,0.00,-5.00,-1.11357,-0.91070,-1.11563,-0.92224,-2.51483,-1.30737,25.25546
-2.48185,-6.27145,1.06735,1.68813,0.00,-5.00,-1.18208,-0.44921,-1.18848,-0.44954,-2.48185,-1.27145,25.25365
-2.41414,-6.21929,3.42600,2.23587,0.00,-5.00,-0.83582,-0.35219,-0.83383,-0.35652,-2.41414,-1.21929,25.25062
-2.37867,-6.13674,-0.43955,4.15956,0.00,-5.00,-1.33944,-0.04002,-1.34566,-0.03148,-2.37867,-1.13674,25.25443
-2.35843,-6.07061,1.48099,3.60073,0.00,-5.00,-1.09080,-0.11581,-1.08745,-0.11365,-2.36999,-1.10840,25.25206
-2.36342,-5.98636,-0.66577,3.90924,0.00,5.00,-1.36591,0.01923,-1.36907,0.01465,-2.36342,-0.98636,25.25467
-2.38831,-5.91212,-1.19593,4.39392,0.00,5.00,-1.46479,-5.31648,-1.85692,-5.28586,-2.38831,-10.91212,25.36356
-2.43090,-5.86335,-2.41762,2.62866,0.00,5.00,-1.64779,-5.49560,-2.13513,-5.46854,-2.43090,-10.86335,25.37342
-2.46503,-5.81766,-2.55850,2.06419,0.00,5.00,-1.68861,-5.54985,-2.19717,-5.52188,-2.46503,-10.81765,25.37619
-2.52019,-5.74425,-2.20895,23.29444,0.00,5.00,-1.67180,-2.60222,-1.75469,-2.53603,-2.52019,-10.74425,25.28294
-2.55621,-5.23206,2.60312,20.59372,0.00,5.00,-1.03246,-2.62142,-1.07212,-2.63856,-2.55621,-10.23206,25.27823
-2.38981,-4.77935,6.64501,13.60932,0.00,5.00,-0.33219,-3.45461,-0.36264,-3.45179,-2.45509,-9.90936,25.29377
-2.36656,-4.40855,-0.25265,21.75261,0.00,5.00,-1.30385,-2.05643,-1.35525,-2.03290,-2.36656,-9.40855,25.26999
-2.33497,-3.97411,1.97320,23.20505,0.00,5.00,-1.02189,-1.76050,-1.04219,-1.75348,-2.35770,-9.19982,25.26328
-2.38382,-3.43817,-5.00868,29.30317,0.00,5.00,-1.96997,-0.46898,-1.99037,-0.45361,-2.38382,-8.43817,25.26344
-2.50726,-2.77794,-6.31661,35.92382,0.00,5.00,-2.21045,0.57064,-2.21414,0.58084,-2.44917,-8.12436,25.26752
-2.57284,-2.03661,-3.74319,37.11427,0.00,5.00,-1.91195,1.39848,-1.94080,1.39426,-2.57284,-7.03661,25.26901
-2.67903,-1.45815,-7.31054,27.62724,0.00,5.00,-2.46532,0.38081,-2.46902,0.38147,-2.67903,-6.45815,25.27143
-2.98306,-0.57255,-11.54690,31.32796,0.00,5.00,-3.21928,1.36561,-3.26884,1.37199,-2.98306,-5.57255,25.29469
-3.24289,0.00913,-13.74316,29.75036,0.00,5.00,-3.49942,1.46189,-3.55028,1.45869,-3.11147,-5.27680,25.30265
-3.52348,0.59038,-14.83125,29.91556,0.00,5.00,-3.97375,1.80067,-4.06907,1.79741,-3.52348,-4.40962,25.32063
-3.78074,1.11841,-12.00228,25.65400,0.00,5.00,-3.73021,1.50278,-3.77745,1.48871,-3.78074,-3.88159,25.30914
-4.00244,1.54223,-11.00169,20.44531,0.00,5.00,-3.70316,1.00448,-3.72319,0.99703,-4.00244,-3.45777,25.30389
-4.20288,1.86303,-12.38291,14.65885,0.00,5.00,-3.99581,0.36188,-3.99728,0.35653,-4.20288,-3.13697,25.30940
-4.44856,2.13511,-13.07809,14.09713,0.00,5.00,-4.23217,0.42488,-4.22741,0.42423,-4.44856,-2.86489,25.31684
-4.69162,2.39998,-9.33652,10.64983,0.00,5.00,-3.84928,0.09632,-3.83221,0.08658,-4.69162,-2.60002,25.30406
-4.85099,2.59883,-5.09779,9.81021,0.00,5.00,-3.71141,0.21958,-3.70195,0.22280,-4.85099,-2.40117,25.30040
-4.93446,2.79219,-0.94072,3.59393,0.00,5.00,-2.80505,-0.67563,-2.80299,-0.68738,-4.93446,-2.20781,25.27930
-4.95772,2.83571,-0.97457,2.05634,0.00,5.00,-2.88485,-0.89669,-2.90267,-0.89854,-4.95036,-2.19248,25.28261
-4.91537,2.80367,2.72797,-2.04662,0.00,5.00,-2.50245,-1.34956,-2.53453,-1.34844,-4.94112,-2.17893,25.27851
-4.85838,2.78647,2.92819,0.25571,0.00,5.00,-2.23430,-1.35137,-2.26377,-1.34936,-4.88315,-2.21072,25.27365
-4.76009,2.82409,6.25718,2.22573,0.00,5.00,-1.77733,-0.89838,-1.77983,-0.89457,-4.81860,-2.19977,25.26258
-4.57746,2.88411,9.61073,4.02452,0.00,5.00,-1.12987,-0.58532,-1.12896,-0.57889,-4.57746,-2.11589,25.25363
-4.36228,2.91478,12.31862,-0.82500,0.00,5.00,-0.64130,-1.22430,-0.63840,-1.24108,-4.36228,-2.08522,25.25492
-4.11785,2.86601,12.43469,-1.67400,0.00,5.00,-0.48712,-1.43142,-0.49254,-1.42504,-4.11785,-2.13399,25.25618
-3.98825,2.90491,6.75183,2.71463,0.00,5.00,-1.20897,-0.75689,-1.21329,-0.75090,-3.98825,-2.09509,25.25524
-3.80789,2.92308,9.00148,2.36678,0.00,5.00,-0.79463,-0.80526,-0.79862,-0.79648,-3.80789,-2.07692,25.25233
-3.64308,3.01328,8.31377,4.06629,0.00,5.00,-0.80315,-0.50285,-0.80480,-0.50343,-3.64308,-1.98672,25.25092
-3.47314,3.09877,10.37100,2.71935,0.00,5.00,-0.67360,-0.42228,-0.67551,-0.42228,-3.47314,-1.90123,25.24990
-3.25333,3.17402,8.23387,5.78330,0.00,5.00,-0.59217,-0.18099,-0.60416,-0.17634,-3.25333,-1.82598,25.24898
-3.11773,3.23292,6.13011,-0.16663,0.00,5.00,-0.82515,-0.97651,-0.83126,-0.97721,-3.11773,-1.76708,25.25375
-3.05208,3.30125,1.45731,7.94555,0.00,5.00,-1.43967,0.18358,-1.44406,0.19493,-3.05208,-1.69875,25.25562
-3.00212,3.52915,2.07784,8.55073,0.00,5.00,-1.37755,0.15178,-1.37705,0.15092,-3.01981,-1.55264,25.25484
-2.94774,3.64696,2.69134,5.45981,0.00,5.00,-1.21483,0.03656,-1.21473,0.03371,-2.94774,-1.35304,25.25314
-2.91754,3.78169,1.20723,5.85872,0.00,5.00,-1.39361,0.17555,-1.39620,0.16979,-2.92773,-1.27222,25.25507
-2.93748,3.87463,-1.06686,4.14648,0.00,5.00,-1.73593,-0.02445,-1.73481,-0.02717,-2.93748,-1.12537,25.25904
-2.95577,3.96575,-0.57936,3.67549,0.00,5.00,-1.69127,-0.01672,-1.68836,-0.02310,-2.95297,-1.06990,25.25843
-3.05316,4.02332,-5.59632,1.33643,0.00,5.00,-2.37456,-0.26618,-2.37970,-0.27656,-2.99935,-0.98650,25.26952
-3.15999,4.08381,-5.01543,3.47550,0.00,5.00,-2.41018,-0.01247,-2.40643,-0.00816,-3.15999,-0.91619,25.26974
-3.22163,4.07126,-3.49030,-0.79395,0.00,5.00,-2.20125,-0.58835,-2.20644,-0.59087,-3.18759,-0.91728,25.26744
-3.29622,4.10146,-4.17753,2.09327,0.00,5.00,-2.36277,-0.19721,-2.36346,-0.19182,-3.29622,-0.89854,25.26908
-3.41417,4.04879,-6.82855,-3.52563,0.00,5.00,-2.72103,-0.95459,-2.74325,-0.95886,-3.34841,-0.92006,25.27956
-3.50764,3.98755,-4.81354,-2.22668,0.00,5.00,-2.54517,-0.88384,-2.55635,-0.87791,-3.46158,-0.99430,25.27528
-3.61443,3.93511,-5.79687,-3.46222,0.00,5.00,-2.76012,-1.05235,-2.78365,-1.05711,-3.61443,-1.06489,25.28109
-3.68712,3.81895,-1.89269,-7.84747,0.00,5.00,-2.33001,-1.65061,-2.36710,-1.66156,-3.68712,-1.18105,25.27876
-3.72276,3.72589,-3.00964,-4.86967,0.00,5.00,-2.42331,-1.36735,-2.46423,-1.36692,-3.72276,-1.27411,25.27737
-3.75638,3.65566,-1.27256,-3.87227,0.00,5.00,-2.22742,-1.26427,-2.24996,-1.26368,-3.75638,-1.34434,25.27262
-3.77240,3.61426,-1.89866,-2.55217,0.00,5.00,-2.29674,-1.10290,-2.32241,-1.10361,-3.77240,-1.38574,25.27252
-3.83175,3.56442,-3.65912,-1.83350,0.00,5.00,-2.57656,-1.03374,-2.59962,-1.02965,-3.83175,-1.43558,25.27714
-3.84093,3.54070,0.58138,-0.78093,0.00,5.00,-2.03319,-0.92530,-2.03909,-0.92062,-3.84093,-1.45930,25.26651
-3.84132,3.54046,-1.31488,-0.13357,0.00,5.00,-2.24911,-0.80754,-2.26775,-0.80552,-3.84132,-1.45954,25.26955
-3.83970,3.55964,0.95500,-0.06597,0.00,5.00,-1.94079,-0.78522,-1.94771,-0.78606,-3.83970,-1.44036,25.26430
-3.82467,3.57644,1.92772,0.90016,0.00,5.00,-1.95245,-0.57915,-1.95565,-0.57247,-3.82467,-1.42356,25.26336
-3.80045,3.59046,1.69814,-0.79059,0.00,5.00,-1.82135,-0.86599,-1.82403,-0.87086,-3.80045,-1.40954,25.26303
-3.76574,3.64038,1.74189,3.77320,0.00,5.00,-2.10248,-0.40668,-2.10513,-0.40430,-3.78496,-1.39477,25.26510
-3.74239,3.71054,1.72679,1.53088,0.00,5.00,-1.78280,-0.46787,-1.78140,-0.48151,-3.74239,-1.28946,25.26052
-3.74791,3.74776,-0.72458,1.68328,0.00,5.00,-2.10152,-0.44447,-2.10685,-0.44329,-3.74791,-1.25224,25.26524
-3.72065,3.81211,0.95452,5.16435,0.00,5.00,-1.87328,0.06778,-1.87461,0.08146,-3.72065,-1.18789,25.26100
-3.72279,3.87407,0.80640,2.75318,0.00,5.00,-1.89847,-0.22188,-1.89708,-0.22231,-3.72279,-1.12593,25.26148
-3.70003,3.90353,1.00210,1.43815,0.00,5.00,-1.85748,-0.39061,-1.85888,-0.39033,-3.70003,-1.09647,25.26131
-3.66384,3.92436,1.71940,1.04541,0.00,5.00,-1.73942,-0.43011,-1.73943,-0.43408,-3.66384,-1.07564,25.25979
-3.62121,3.92360,2.06166,-0.93159,0.00,5.00,-1.66698,-0.71035,-1.67250,-0.71102,-3.62121,-1.07640,25.26008
-3.56078,3.95890,2.11513,0.43270,0.00,5.00,-1.53320,-0.21322,-1.53532,-0.20778,-3.56078,-1.04110,25.25669
-3.50186,3.94513,2.38763,-0.56805,0.00,5.00,-1.55927,-0.65127,-1.56112,-0.64864,-3.50186,-1.05487,25.25839
-3.48726,3.96175,1.39712,2.61638,0.00,5.00,-1.66678,-0.40517,-1.67128,-0.39919,-3.48726,-1.03825,25.25879
-3.45183,4.02816,1.60032,2.00978,0.00,5.00,-1.64300,-0.24330,-1.64001,-0.24322,-3.45183,-0.97184,25.25802
-3.42058,4.03029,1.71903,-0.45495,0.00,5.00,-1.68896,-0.60111,-1.69292,-0.60120,-3.43621,-0.97078,25.25982
-3.38472,4.01080,1.48093,-1.17832,0.00,5.00,-1.49272,-0.53338,-1.49531,-0.53312,-3.39548,-0.97143,25.25712
-3.38183,3.95465,0.02821,-2.81549,0.00,5.00,-1.82168,-0.95900,-1.83401,-0.95755,-3.38183,-1.04535,25.26375
-3.41771,3.97410,-2.95072,3.20693,0.00,5.00,-2.25079,-0.12143,-2.25710,-0.10485,-3.41771,-1.02590,25.26710
-3.42157,4.01701,0.49946,1.93779,0.00,5.00,-1.77872,-0.25908,-1.77820,-0.25905,-3.42157,-0.98299,25.25987
-3.40124,3.99655,0.88478,-1.24275,0.00,5.00,-1.71142,-0.71422,-1.71867,-0.71515,-3.40124,-1.00345,25.26070
-3.38684,3.97282,1.01300,-0.64528,0.00,5.00,-1.68914,-0.64188,-1.69164,-0.64442,-3.38684,-1.02718,25.26000
-3.37490,3.97965,-0.12995,0.55615,0.00,5.00,-1.84003,-0.28932,-1.84464,-0.27938,-3.37479,-1.02005,25.26084
-3.37621,3.95450,0.10619,-1.40857,0.00,5.00,-1.82384,-0.72978,-1.83025,-0.72960,-3.37734,-1.02992,25.26229
-3.35409,3.93405,0.64178,-0.22824,0.00,5.00,-1.71896,-0.61345,-1.72538,-0.60699,-3.35409,-1.06595,25.26027
-3.34574,3.94690,0.20559,0.46055,0.00,5.00,-1.77520,-0.50060,-1.78047,-0.50369,-3.34574,-1.05310,25.26058
-3.32465,3.94980,1.72746,-0.55542,0.00,5.00,-1.58278,-0.63770,-1.58398,-0.63846,-3.34013,-1.04972,25.25862
-3.28615,3.98089,1.21390,0.83517,0.00,5.00,-1.58509,-0.42080,-1.58977,-0.42234,-3.29469,-1.03258,25.25784
-3.27447,3.96357,-1.34682,0.51177,0.00,5.00,-1.94290,-0.49522,-1.95914,-0.48744,-3.27447,-1.03643,25.26309
-3.23656,3.95342,2.58545,-0.98166,0.00,5.00,-1.39222,-0.69948,-1.39054,-0.70212,-3.23656,-1.04658,25.25674
-3.22823,3.96629,0.68744,-0.11929,0.00,5.00,-1.64700,-0.57441,-1.65043,-0.57440,-3.22823,-1.03371,25.25916
-3.22344,3.97680,-0.18103,0.11246,0.00,5.00,-1.81041,-0.39828,-1.81171,-0.39758,-3.22344,-1.02320,25.26066
-3.24147,3.96604,-1.30478,-1.08103,0.00,5.00,-1.81654,-0.56930,-1.82157,-0.56922,-3.22344,-1.02320,25.26141
-3.30203,3.99598,-3.36238,2.52799,0.00,5.00,-2.17814,-0.48093,-2.18063,-0.48028,-3.27271,-1.03633,25.26658
-3.35362,3.97361,-2.15316,-1.61739,0.00,5.00,-2.27570,-0.51571,-2.27848,-0.51685,-3.33917,-1.00964,25.26838
-3.39688,3.96412,-2.72211,-0.07855,0.00,5.00,-2.21087,-0.57249,-2.21919,-0.56949,-3.39688,-1.03588,25.26756
-3.45340,3.97381,-2.57232,0.66922,0.00,5.00,-2.21846,-0.48095,-2.21938,-0.47817,-3.42461,-1.03350,25.26723
-3.49953,3.95463,-2.14309,-2.73375,0.00,5.00,-2.19226,-0.93421,-2.20306,-0.94571,-3.49953,-1.04537,25.26933
-3.51536,3.85733,-1.80557,-3.69527,0.00,5.00,-2.14987,-1.13491,-2.17058,-1.13256,-3.51536,-1.14267,25.27017
-3.58900,3.78944,-4.18474,-3.37563,0.00,5.00,-2.52292,-1.12489,-2.54577,-1.12389,-3.58900,-1.21056,25.27679
-3.60834,3.71278,-1.29738,-5.02521,2.00,0.00,-3.20684,1.30205,-3.24640,1.29696,-5.60834,3.71278,25.29349
-3.62793,3.58174,-0.44094,-3.46591,2.00,0.00,-3.15466,1.29219,-3.18967,1.29022,-5.63010,3.61292,25.29206
-3.60410,3.51439,2.25752,-4.40805,2.00,0.00,-2.71888,1.28423,-2.74093,1.27747,-5.60411,3.51439,25.28195
-3.53978,3.39214,3.43741,-5.99988,2.00,0.00,-2.51098,0.99200,-2.52660,0.98982,-5.53978,3.39214,25.27544
-3.45728,3.19690,4.65388,-12.98668,2.00,0.00,-2.30116,-0.06893,-2.29370,-0.09166,-5.45728,3.19690,25.26773
-3.44611,2.96065,-0.98900,-10.01475,2.00,0.00,-3.07743,0.19388,-3.07582,0.19612,-5.44611,2.96065,25.28401
-3.44033,2.78555,1.91719,-7.72034,2.00,0.00,-2.74312,0.05937,-2.73201,0.05010,-5.44033,2.78555,25.27620
-3.36000,2.60468,7.11653,-12.90126,2.00,0.00,-1.90142,-0.39192,-1.89933,-0.39920,-5.36000,2.60468,25.26192
-3.15149,2.16148,7.13441,-16.91748,2.00,0.00,-1.81048,-0.94592,-1.82191,-0.94684,-5.21624,2.32574,25.26351
-2.95462,1.85580,10.88196,-15.92984,2.00,0.00,-1.26181,-1.13680,-1.26637,-1.13724,-5.06246,2.01127,25.25848
-2.74772,1.53143,10.62362,-15.98796,2.00,0.00,-1.07807,-1.41671,-1.09267,-1.41042,-4.74772,1.53143,25.25957
-2.55331,1.23990,10.60438,-14.34494,2.00,0.00,-0.97865,-1.34163,-0.98737,-1.33799,-4.55331,1.23990,25.25800
-2.34360,1.02415,11.70927,-11.23201,2.00,0.00,-0.80272,-0.94263,-0.80273,-0.94424,-4.45258,1.13642,25.25333
-2.07682,0.77487,14.40727,-13.11443,2.00,0.00,-0.28875,-1.33741,-0.28789,-1.33922,-4.21673,0.90374,25.25467
-1.79898,0.54839,14.24734,-10.73410,2.00,0.00,-0.05916,-1.21232,-0.05745,-1.20638,-3.79898,0.54839,25.25307
-1.55801,0.29868,12.38355,-12.87624,2.00,0.00,-0.24472,-1.57522,-0.25073,-1.57483,-3.67874,0.42259,25.25723
-1.33308,0.06548,11.00382,-11.25528,2.00,0.00,-0.25919,-1.54057,-0.26405,-1.53979,-3.33308,0.06548,25.25684
-1.13487,-0.09461,10.43734,-8.87444,2.00,0.00,-0.23320,-1.29130,-0.23468,-1.29271,-3.13487,-0.09461,25.25409
-0.94756,-0.17995,9.25153,-3.94097,2.00,0.00,-0.29737,-0.64904,-0.29741,-0.64885,-2.94756,-0.17995,25.24942
-0.75874,-0.24009,9.87484,-3.12470,2.00,0.00,-0.10733,-0.56700,-0.10750,-0.56708,-2.75874,-0.24009,25.24874
-0.53763,-0.42523,6.68409,-9.16467,2.00,0.00,-0.22618,-0.94334,-0.22632,-0.94500,-2.60331,-0.32599,25.25109
-0.43877,-0.55378,5.51676,-7.17357,2.00,0.00,-0.76046,-1.15485,-0.76844,-1.15404,-2.49647,-0.48221,25.25481
-0.41345,-0.61159,0.96280,-1.99397,2.00,0.00,-1.16549,-0.61775,-1.17150,-0.60913,-2.41345,-0.61159,25.25414
-0.38524,-0.66009,1.79973,-2.39331,2.00,0.00,-1.10710,-0.69385,-1.11052,-0.69452,-2.40542,-0.63935,25.25402
-0.36465,-0.67015,0.87227,-0.78879,2.00,0.00,-1.15500,-0.47158,-1.15650,-0.47211,-2.36465,-0.67015,25.25344
-0.32194,-0.75846,2.25410,-5.75886,2.00,0.00,-0.93795,-1.20678,-0.94871,-1.21521,-2.32194,-0.75846,25.25653
-0.32335,-0.89630,-0.74513,-7.43370,2.00,0.00,-1.35005,-1.51641,-1.37873,-1.52032,-2.32335,-0.89630,25.26341
-0.34050,-0.97878,-1.55787,-3.94132,2.00,0.00,-1.48176,-1.08013,-1.49462,-1.07941,-2.34050,-0.97878,25.26038
-0.43993,-1.04420,-4.81535,-3.56005,2.00,0.00,-1.99182,-1.06151,-2.00756,-1.06081,-2.43993,-1.04420,25.26703
-0.50304,-1.08871,-2.68788,-1.93775,2.00,0.00,-1.72834,-0.85898,-1.73713,-0.85851,-2.50304,-1.08871,25.26177
-0.54205,-1.17544,-1.25609,-5.67979,2.00,0.00,-1.54883,-1.42902,-1.57220,-1.42842,-2.54205,-1.17544,25.26453
-0.57937,-1.29339,-2.31468,-5.10362,2.00,0.00,-1.71790,-1.41448,-1.74233,-1.41124,-2.57937,-1.29339,25.26645
-0.62433,-1.38373,-3.44810,-4.61338,2.00,0.00,-1.80881,-1.28467,-1.83097,-1.28311,-2.62433,-1.38373,25.26637
-0.77493,-1.48659,-5.41655,-1.57165,2.00,0.00,-2.30328,-1.46761,-2.34898,-1.46675,-2.72561,-1.47422,25.27629
-0.86337,-1.47295,-4.46304,-0.19486,2.00,0.00,-2.16978,-0.81766,-2.18059,-0.82141,-2.86337,-1.47295,25.26817
-0.91275,-1.54161,-2.45376,-3.33906,2.00,0.00,-2.01802,-1.29868,-2.04249,-1.29983,-2.89278,-1.50599,25.26961
-0.97810,-1.61093,-3.55621,-4.14376,2.00,0.00,-1.98246,-1.29574,-2.00675,-1.29463,-2.94227,-1.57454,25.26901
-1.03527,-1.65184,-2.24378,-2.10742,2.00,0.00,-2.13489,-1.16255,-2.15579,-1.16043,-3.01449,-1.63184,25.27016
-1.07234,-1.65738,-2.05974,-0.23445,2.00,0.00,-1.94672,-0.92507,-1.95900,-0.92662,-3.07234,-1.65738,25.26534
-1.12256,-1.65405,-3.34407,0.56244,2.00,0.00,-2.10892,-0.81309,-2.12214,-0.81232,-3.09145,-1.65223,25.26715
-1.17797,-1.61357,-2.03506,2.60334,2.00,0.00,-2.00604,-0.51023,-2.00367,-0.50622,-3.17797,-1.61357,25.26383
-1.18851,-1.65162,-0.93371,-3.30448,2.00,0.00,-1.85185,-1.35238,-1.87748,-1.35271,-3.18851,-1.65162,25.26769
-1.20255,-1.68359,-1.41784,-1.55983,2.00,0.00,-1.92469,-1.12626,-1.94540,-1.12602,-3.20255,-1.68359,25.26662
-1.22412,-1.68812,0.26269,-0.68270,2.00,0.00,-1.71014,-1.00087,-1.71661,-1.00612,-3.22412,-1.68812,25.26252
-1.15856,-1.73148,3.72448,-1.99288,2.00,0.00,-1.38480,-1.09569,-1.38979,-1.09624,-3.20374,-1.70905,25.25938
-1.11881,-1.71662,2.21640,0.80168,2.00,0.00,-1.36235,-0.82591,-1.36922,-0.82515,-3.14037,-1.72102,25.25722
-1.07838,-1.71712,2.05941,-0.06243,2.00,0.00,-1.37563,-0.93567,-1.38274,-0.93532,-3.07838,-1.71712,25.25808
-1.04805,-1.69970,1.80441,1.53831,2.00,0.00,-1.39471,-0.70621,-1.39812,-0.70201,-3.04805,-1.69970,25.25682
-0.98300,-1.68653,2.44296,-0.05765,2.00,0.00,-1.26787,-0.91773,-1.27662,-0.91823,-2.98300,-1.68653,25.25689
-0.94570,-1.68123,1.81815,0.66502,2.00,0.00,-1.33557,-0.81802,-1.34249,-0.81424,-2.94570,-1.68123,25.25687
-0.87368,-1.68019,4.92864,-1.24115,2.00,0.00,-0.87844,-1.06477,-0.87633,-1.07360,-2.87368,-1.68019,25.25480
-0.83046,-1.61491,1.53658,3.07510,2.00,0.00,-1.31248,-0.44114,-1.31491,-0.44129,-2.83046,-1.61491,25.25484
-0.82105,-1.56111,1.12132,2.87316,2.00,0.00,-1.36655,-0.44072,-1.36799,-0.44049,-2.82105,-1.56111,25.25538
-0.79682,-1.49089,1.12522,4.56168,2.00,0.00,-1.35242,-0.16860,-1.35248,-0.16700,-2.79682,-1.49089,25.25460
-0.76710,-1.45794,0.68457,0.18107,2.00,0.00,-1.39481,-0.75689,-1.40412,-0.76142,-2.76710,-1.45794,25.25721
-0.75159,-1.45693,1.42128,1.47519,2.00,0.00,-1.28614,-0.58670,-1.28982,-0.57990,-2.75159,-1.45693,25.25512
-0.74708,-1.42006,-0.06137,0.50456,2.00,0.00,-1.49333,-0.68994,-1.49698,-0.69567,-2.74708,-1.42006,25.25788
-0.73988,-1.37584,0.86481,2.26139,2.00,0.00,-1.56863,-0.43704,-1.57261,-0.42914,-2.75124,-1.39835,25.25765
-0.74385,-1.35423,-0.38999,0.53131,2.00,0.00,-1.53515,-0.65108,-1.54074,-0.65639,-2.74385,-1.35423,25.25819
-0.75665,-1.34570,0.17598,0.54661,2.00,0.00,-1.82321,-0.61475,-1.82779,-0.61433,-2.76283,-1.34905,25.26169
-0.76420,-1.37868,0.46917,-1.92190,2.00,0.00,-1.45593,-0.98772,-1.46241,-0.98959,-2.76537,-1.35868,25.25933
-0.79545,-1.38024,-2.21837,-0.30370,2.00,0.00,-1.77839,-0.77812,-1.79060,-0.77776,-2.77373,-1.37602,25.26201
-0.78935,-1.37680,0.97361,-0.41819,2.00,0.00,-1.37422,-0.79896,-1.37622,-0.80148,-2.78935,-1.37680,25.25714
-0.75329,-1.34066,0.14544,2.17623,2.00,0.00,-1.38968,-0.42994,-1.40214,-0.42796,-2.75329,-1.34066,25.25570
-0.70064,-1.39126,3.28563,-2.92450,2.00,0.00,-1.00287,-1.15816,-1.00844,-1.16012,-2.70064,-1.39126,25.25647
-0.66791,-1.39931,2.37424,0.12449,2.00,0.00,-1.11001,-0.73907,-1.11325,-0.73826,-2.66791,-1.39931,25.25428
-0.61152,-1.39983,1.61442,-0.43325,2.00,0.00,-1.17654,-0.81575,-1.18993,-0.81613,-2.61152,-1.39983,25.25541
-0.60862,-1.46231,1.37386,-2.99997,2.00,0.00,-1.21668,-1.20934,-1.22960,-1.20883,-2.60862,-1.46231,25.25877
-0.62071,-1.47394,1.60806,-0.48476,2.00,0.00,-1.40611,-0.94782,-1.41102,-0.95017,-2.62071,-1.47394,25.25849
-0.59828,-1.48547,0.60171,0.07921,2.00,0.00,-1.33565,-1.02276,-1.35099,-1.02683,-2.60439,-1.48887,25.25842
-0.56945,-1.50332,0.52796,0.66898,2.00,0.00,-1.30570,-0.72952,-1.31837,-0.71770,-2.56945,-1.50332,25.25607
-0.55169,-1.47757,0.96959,0.17657,2.00,0.00,-1.27382,-0.43836,-1.27292,-0.43305,-2.56119,-1.47482,25.25439
-0.53730,-1.44570,-0.20646,1.13892,-2.00,0.00,0.76201,-0.62103,0.76311,-0.62108,1.46270,-1.44570,25.25117
-0.55516,-1.47146,-1.06664,-2.81023,-2.00,0.00,0.63039,-1.17770,0.63763,-1.18762,1.44484,-1.47146,25.25442
-0.55241,-1.46196,1.02464,-0.42538,-2.00,0.00,0.89465,-0.64157,0.89778,-0.64087,1.44759,-1.46196,25.25212
-0.64088,-1.44660,-5.67561,0.81675,-2.00,0.00,0.19988,-0.42611,0.18121,-0.41422,1.42184,-1.44420,25.24825
-0.79495,-1.35554,-7.91137,6.03329,-2.00,0.00,-0.44311,-0.39229,-0.44600,-0.39063,1.27953,-1.41834,25.24881
-0.87715,-1.16195,-4.64716,10.14665,-2.00,0.00,-0.04171,0.78964,-0.04447,0.79300,1.12285,-1.16195,25.24989
-0.98772,-1.13517,-5.72786,-1.24448,-2.00,0.00,-0.15725,0.17759,-0.15835,0.17559,1.06749,-1.10490,25.24767
-1.14511,-1.12532,-9.31557,0.83427,-2.00,0.00,-0.39708,-0.72830,-0.39880,-0.72801,0.94951,-1.13750,25.25010
-1.38185,-1.08714,-12.84943,2.44671,-2.00,0.00,-1.12648,-0.40056,-1.12980,-0.40012,0.74456,-1.11368,25.25297
-1.62113,-1.13105,-12.07404,-1.88511,-2.00,0.00,-1.48598,-0.87518,-1.49388,-0.87399,0.37887,-1.13105,25.25888
-1.93347,-1.14369,-17.42951,1.28225,-2.00,0.00,-2.24361,-0.53138,-2.25618,-0.51884,0.24237,-1.15853,25.26800
-2.26857,-1.14432,-15.64183,0.37825,-2.00,0.00,-2.34471,-0.56390,-2.33856,-0.56402,-0.26857,-1.14432,25.26963
-2.53107,-1.18913,-12.42430,-4.35164,-2.00,0.00,-2.00618,-1.14976,-2.01885,-1.16032,-0.40934,-1.14973,25.26801
-2.85807,-1.24767,-17.99339,-3.43531,-2.00,0.00,-2.97887,-1.15235,-3.00854,-1.15133,-0.85807,-1.24767,25.28671
-3.22112,-1.34249,-18.37527,-6.24858,-2.00,0.00,-3.23197,-1.59672,-3.29004,-1.59405,-1.22112,-1.34249,25.29734
-3.54487,-1.48003,-16.56294,-7.99283,-2.00,0.00,-3.15307,-1.91404,-3.23774,-1.91135,-1.54487,-1.48003,25.29970
-3.88178,-1.60777,-18.05847,-6.56281,-2.00,0.00,-3.54411,-1.78357,-3.62442,-1.77931,-1.88178,-1.60777,25.30786
-4.23609,-1.68906,-14.89082,-2.89495,-2.00,0.00,-3.70158,-1.33182,-3.74363,-1.32732,-2.23609,-1.68906,25.30681
-4.48044,-1.78266,-11.86329,-9.17337,-2.00,0.00,-2.95029,-1.92043,-3.02287,-1.93200,-2.48044,-1.78266,25.29506
-4.87834,-2.01718,-14.31771,-7.01303,-2.00,0.00,-3.55539,-2.07160,-3.67004,-2.06180,-2.87834,-2.01718,25.31244
-5.06918,-2.12034,-9.44240,-4.96298,-2.00,0.00,-3.13712,-1.93156,-3.22088,-1.92706,-2.98322,-2.07358,25.29950
-5.22822,-2.23844,-7.16180,-5.93282,-2.00,0.00,-2.75056,-2.03536,-2.83124,-2.03339,-3.22822,-2.23844,25.29234
-5.37523,-2.30295,-8.04701,-2.84077,-2.00,0.00,-2.93372,-1.66519,-2.99537,-1.65867,-3.37523,-2.30295,25.29117
-5.51425,-2.26708,-5.75743,1.62962,-2.00,0.00,-2.71355,-0.99482,-2.72103,-0.99371,-3.51425,-2.26708,25.27934
-5.55628,-2.28729,-1.22288,-1.83409,-2.00,0.00,-2.12464,-1.45253,-2.15272,-1.45699,-3.55628,-2.28729,25.27289
-5.57146,-2.30334,-0.27109,-0.46984,-2.00,0.00,-1.98606,-1.33871,-2.00905,-1.33328,-3.57146,-2.30334,25.26941
-5.59699,-2.28532,-1.56046,1.17705,-2.00,0.00,-2.16025,-1.07034,-2.17805,-1.06758,-3.59699,-2.28532,25.26979
-5.56434,-2.21328,1.68746,3.87497,-2.00,0.00,-1.68850,-0.65240,-1.69320,-0.65207,-3.56434,-2.21328,25.26005
-5.50143,-2.10809,4.13826,4.52798,-2.00,0.00,-1.31944,-0.50068,-1.31359,-0.50417,-3.50143,-2.10809,25.25505
-5.42619,-1.99679,3.81461,5.99873,-2.00,0.00,-1.31274,-0.24145,-1.31465,-0.23932,-3.42619,-1.99679,25.25432
-5.35887,-1.81216,4.68126,8.36698,-2.00,0.00,-1.16944,0.19992,-1.15850,0.19273,-3.35887,-1.81216,25.25276
-5.25199,-1.70034,5.06277,6.74934,-2.00,0.00,-1.04745,0.02453,-1.04690,0.02619,-3.25199,-1.70034,25.25168
-5.16929,-1.52934,4.00064,9.99197,-2.00,0.00,-1.15131,0.57252,-1.15395,0.57277,-3.16929,-1.52934,25.25382
-5.06985,-1.38931,5.55929,8.05749,-2.00,0.00,-0.87958,0.37753,-0.88026,0.37773,-3.06985,-1.38931,25.25098
-4.96213,-1.24761,4.43106,5.91837,-2.00,0.00,-0.78621,0.43669,-0.78703,0.43709,-2.96213,-1.24761,25.25057
-4.85410,-1.07878,3.03744,6.25660,-2.00,0.00,-0.95071,0.06752,-0.94997,0.06783,-2.87734,-1.13886,25.25095
-4.77932,-0.99300,4.09997,3.97509,-2.00,0.00,-1.06687,0.18028,-1.06687,0.18007,-2.81809,-1.02769,25.25196
-4.72433,-0.94767,3.00410,1.49713,-2.00,0.00,-1.16404,-0.06225,-1.16468,-0.06207,-2.75843,-0.95802,25.25269
-4.71302,-0.89507,0.86092,3.06798,-2.00,0.00,-1.45909,-0.11423,-1.45922,-0.11396,-2.72173,-0.92281,25.25570
-4.71414,-0.88995,0.50163,-0.11236,-2.00,0.00,-1.39516,-0.49420,-1.39759,-0.49599,-2.71414,-0.88995,25.25589
-4.70091,-0.91419,1.34410,-1.24851,-2.00,0.00,-1.27519,-0.66794,-1.27430,-0.66808,-2.70091,-0.91419,25.25538
-4.70882,-0.89466,-0.81142,1.12434,-2.00,0.00,-1.57527,-0.32639,-1.57618,-0.32598,-2.70882,-0.89466,25.25741
-4.71827,-0.89178,-2.20147,-1.02763,-2.00,0.00,-1.63342,-0.59059,-1.64216,-0.59724,-2.71827,-0.89178,25.25915
-4.77962,-0.94110,-2.24381,-1.97182,-2.00,0.00,-1.69959,-0.75055,-1.70596,-0.75028,-2.75816,-0.92095,25.26073
-4.81190,-1.02924,-1.43477,-4.86357,-2.00,0.00,-1.71869,-1.23371,-1.73854,-1.23529,-2.81190,-1.02924,25.26469
-4.86492,-1.16683,-2.46174,-8.01827,-2.00,0.00,-1.89492,-1.74375,-1.93542,-1.74992,-2.86492,-1.16683,25.27300
-4.93150,-1.18749,-4.20922,-0.35513,-2.00,0.00,-2.13400,-0.73083,-2.14695,-0.72372,-2.93150,-1.18749,25.26707
-4.99943,-1.22397,-3.20041,-1.69505,-2.00,0.00,-2.06932,-0.89844,-2.07903,-0.89697,-2.99943,-1.22397,25.26698
-5.05978,-1.27030,-2.25590,-2.12584,-2.00,0.00,-1.97855,-0.98419,-1.98611,-0.98294,-3.05978,-1.27030,25.26613
-5.09891,-1.34595,-2.25376,-3.46160,-2.00,0.00,-1.89317,-1.37390,-1.91921,-1.37741,-3.09891,-1.34595,25.26853
-5.11917,-1.42743,-0.88564,-3.67740,-2.00,0.00,-1.80522,-1.28829,-1.83022,-1.28405,-3.11917,-1.42743,25.26637
-5.14631,-1.48001,-1.39470,-2.08446,-2.00,0.00,-1.88753,-1.08397,-1.91035,-1.08964,-3.14631,-1.48001,25.26582
-5.11414,-1.51078,1.44155,-1.80303,-2.00,0.00,-1.47961,-1.06626,-1.49215,-1.06735,-3.11414,-1.51078,25.26026
-5.07928,-1.53234,2.88548,-2.01471,-2.00,0.00,-1.30732,-1.06481,-1.31112,-1.07087,-3.07928,-1.53234,25.25837
-5.03766,-1.56557,1.52684,0.05654,-2.00,0.00,-1.42262,-0.84751,-1.43371,-0.83688,-3.03766,-1.56557,25.25798
-4.99731,-1.58137,2.80807,-0.93918,-2.00,0.00,-1.23380,-0.98814,-1.23773,-0.98616,-2.99731,-1.58137,25.25701
-4.96349,-1.55563,2.76625,1.43171,-2.00,0.00,-1.22035,-0.64054,-1.21648,-0.63927,-2.96349,-1.55563,25.25469
-4.90471,-1.51750,2.81250,2.68708,-2.00,0.00,-1.17480,-0.44331,-1.17629,-0.44306,-2.90471,-1.51750,25.25352
-4.84497,-1.43342,2.14369,1.57547,-2.00,0.00,-1.23000,-0.35323,-1.23048,-0.35330,-2.86027,-1.44937,25.25375
-4.78965,-1.38848,2.70297,2.98449,-2.00,0.00,-1.18012,-0.61258,-1.18316,-0.61245,-2.81698,-1.42657,25.25426
-4.75737,-1.35632,1.45007,2.08451,-2.00,0.00,-1.28464,-0.44277,-1.28753,-0.44035,-2.75737,-1.35632,25.25456
-4.75225,-1.29123,0.09414,4.15605,-2.00,0.00,-1.39918,-0.36090,-1.40055,-0.36021,-2.75454,-1.33148,25.25549
-4.74264,-1.23724,0.91360,1.31191,-2.00,0.00,-1.37917,-0.43439,-1.37767,-0.44248,-2.74996,-1.25097,25.25549
-4.70261,-1.20826,1.94112,1.38319,-2.00,0.00,-1.18747,-0.45765,-1.18929,-0.45860,-2.70261,-1.20826,25.25369
-4.71666,-1.13666,0.15119,3.98158,-2.00,0.00,-1.45132,-0.05974,-1.44540,-0.05634,-2.71666,-1.13666,25.25551
-4.73213,-1.10897,-1.57860,0.06470,-2.00,0.00,-1.65320,-0.52966,-1.66247,-0.53798,-2.73213,-1.10897,25.25916
-4.78915,-1.09059,-3.47323,0.20851,-2.00,0.00,-1.98783,-0.55629,-1.99589,-0.55902,-2.78915,-1.09059,25.26392
-4.83174,-1.12214,-1.81419,-1.87141,-2.00,0.00,-1.78594,-0.86080,-1.79371,-0.86417,-2.83174,-1.12214,25.26257
-4.95666,-1.14037,-4.64868,-0.73734,-2.00,0.00,-2.23747,-0.60853,-2.24713,-0.60503,-2.91303,-1.13328,25.26819
-5.02833,-1.12707,-3.45006,0.71232,-2.00,0.00,-2.11939,-0.50558,-2.12099,-0.50818,-3.02833,-1.12707,25.26569
-5.09072,-1.14370,-3.42628,-2.14805,-2.00,0.00,-2.14646,-0.91142,-2.16087,-0.91692,-3.09072,-1.14370,25.26843
