-0.61340,-0.18500,-0.55340,-0.17500,0.03000,0.02000, , , , , 
-0.69473,4.57943,-0.77903,4.31165,-0.60838,3.21741,-0.62079,3.28307,0.00,0.00,-0.69473,4.57943,25.29022
-0.71619,4.66056,-0.99250,3.58500,-0.67411,3.20319,-0.67516,3.20114,0.00,0.00,-0.71619,4.66056,25.28841
-0.72286,4.68709,-1.18187,1.19063,-0.67502,3.15595,-0.67503,3.15499,0.00,0.00,-0.71619,4.66056,25.28729
-0.77421,4.63714,-1.53746,-5.01805,-0.78049,1.70005,-0.77592,1.68701,0.00,0.00,-0.77421,4.63714,25.26063
-0.74817,4.57134,0.81363,-4.13184,0.03281,1.42589,0.04941,1.42029,0.00,0.00,-0.74817,4.57134,25.25523
-0.73301,4.48775,0.08313,-1.03125,-0.44970,2.29102,-0.45232,2.30106,0.00,0.00,-0.73301,4.48775,25.26856
-0.70966,4.45760,0.36682,-3.31005,-0.37134,1.90096,-0.37757,1.88648,0.00,0.00,-0.70966,4.45760,25.26167
-0.66268,4.31052,2.78246,-8.21615,0.10475,0.95285,0.10901,0.94748,0.00,0.00,-0.66268,4.31052,25.25096
-0.62561,4.13945,2.83004,-7.28869,0.13546,1.00479,0.14090,1.01509,0.00,0.00,-0.62561,4.13945,25.25150
-0.61329,4.01241,0.80506,-6.44314,-0.22992,1.09267,-0.22932,1.09270,0.00,0.00,-0.61329,4.01241,25.25225
-0.60003,3.88553,0.57937,-7.43441,-0.16400,1.25138,-0.16265,1.25462,0.00,0.00,-0.59849,3.95830,25.25361
-0.56797,3.68398,2.03811,-10.72181,0.02535,0.16722,0.02866,0.16240,0.00,0.00,-0.56797,3.68398,25.24756
-0.52491,3.49267,2.35813,-8.83061,0.00206,-0.01634,0.00159,-0.02009,0.00,0.00,-0.54631,3.57401,25.24746
-0.50798,3.31635,0.64378,-8.88998,-0.19026,0.27887,-0.19261,0.27951,0.00,0.00,-0.50798,3.31635,25.24790
-0.48674,3.15536,1.42062,-8.18003,-0.03803,0.31629,-0.03578,0.31467,0.00,0.00,-0.48674,3.15536,25.24784
-0.42680,3.01193,3.27873,-7.85440,0.11417,0.44409,0.11728,0.44670,0.00,0.00,-0.46205,3.08958,25.24828
-0.37279,2.88873,2.57938,-5.31189,0.25105,0.66246,0.24936,0.66898,0.00,0.00,-0.37279,2.88873,25.24942
-0.34804,2.83676,2.50000,-7.07624,0.24894,0.33764,0.24922,0.33151,0.00,0.00,-0.34804,2.83676,25.24812
-0.25635,2.65089,3.85810,-5.82752,0.55469,0.44594,0.55732,0.44713,0.00,0.00,-0.25635,2.65089,25.24942
-0.22015,2.59527,3.43939,-5.74251,0.50221,0.43204,0.50193,0.43124,0.00,0.00,-0.22015,2.59527,25.24914
-0.11929,2.44706,2.96187,-4.62878,0.57742,0.56532,0.57896,0.56804,0.00,0.00,-0.18656,2.53816,25.24998
-0.06220,2.36778,3.04938,-3.47687,0.52600,0.69773,0.52792,0.70176,0.00,0.00,-0.06220,2.36778,25.25042
-0.00242,2.29697,3.36375,-3.98500,0.62058,0.57585,0.62232,0.57367,0.00,0.00,-0.00242,2.29697,25.25021
0.06254,2.24155,3.18938,-2.99066,0.63069,0.71812,0.63081,0.71696,0.00,0.00,0.06254,2.24155,25.25096
0.12664,2.19950,3.31999,-1.37062,0.69729,0.97063,0.69684,0.97706,0.00,0.00,0.12664,2.19950,25.25297
0.18958,2.17960,3.00750,-0.69314,0.67917,1.08390,0.67865,1.08455,0.00,0.00,0.18958,2.17960,25.25372
0.23581,2.14094,2.37502,-1.29120,0.58792,0.95446,0.58807,0.95860,0.00,0.00,0.23581,2.14094,25.25231
0.27815,2.12236,2.00563,-0.93751,0.55536,1.01754,0.55469,1.01883,0.00,0.00,0.23581,2.14094,25.25262
0.32702,2.15658,1.84997,2.38496,0.55771,1.60353,0.55364,1.61004,0.00,0.00,0.32702,2.15658,25.25856
0.34369,2.20417,0.48062,2.02624,0.56866,1.70540,0.56888,1.70748,0.00,0.00,0.34213,2.18211,25.25986
0.38416,2.24358,2.52310,2.53251,0.71221,1.68006,0.71771,1.68380,0.00,0.00,0.38416,2.24358,25.26026
0.41301,2.24376,2.03441,-0.06430,0.63352,1.23028,0.63694,1.23001,0.00,0.00,0.41301,2.24376,25.25480
0.41649,2.23022,0.20441,-0.22496,0.40906,0.99447,0.40448,0.98966,0.00,0.00,0.41649,2.23022,25.25185
0.40120,2.23351,-1.83373,0.48312,-0.08907,1.31825,-0.09439,1.32022,0.00,0.00,0.40120,2.23351,25.25420
0.37202,2.26214,-1.27062,1.97373,-0.00934,1.59337,-0.00700,1.59665,0.00,0.00,0.37202,2.26214,25.25727
0.35541,2.27211,-0.53936,0.21003,0.11506,1.29653,0.11974,1.29381,0.00,0.00,0.35541,2.27211,25.25395
0.35541,2.27211,0.06248,-1.16192,0.23140,1.06371,0.23151,1.05386,0.00,0.00,0.35541,2.27211,25.25193
0.34349,2.23314,-0.84313,-3.36251,0.05881,0.65612,0.05489,0.64734,0.00,0.00,0.34349,2.23314,25.24908
0.30984,2.16676,-1.68373,-3.24251,-0.12097,0.63277,-0.12180,0.63161,0.00,0.00,0.30984,2.16676,25.24905
0.27971,2.14442,-1.74812,-0.31565,-0.13280,0.75530,-0.13304,0.75780,0.00,0.00,0.29299,2.14800,25.24973
0.26652,2.16971,-0.58876,1.72372,0.05222,1.49851,0.05550,1.50185,0.00,0.00,0.26652,2.16971,25.25615
0.25148,2.17304,-1.82813,-0.87186,-0.17964,1.05743,-0.18548,1.04980,0.00,0.00,0.25148,2.17304,25.25183
0.20770,2.11837,-2.13061,-3.23308,-0.28462,0.73657,-0.28676,0.73003,0.00,0.00,0.22785,2.15254,25.24982
0.19609,2.05057,-0.07942,-2.31185,0.10374,0.72359,0.10602,0.73015,0.00,0.00,0.19609,2.05057,25.24955
0.20145,2.03014,-0.48313,-0.08061,0.03650,1.10012,0.03451,1.10916,0.00,0.00,0.20145,2.03014,25.25220
0.17299,2.02990,-1.12873,1.18065,-0.10418,1.32182,-0.10409,1.32960,0.00,0.00,0.17299,2.02990,25.25430
0.14608,2.05186,-2.14626,1.72376,-0.30704,1.43358,-0.31231,1.43666,0.00,0.00,0.14608,2.05186,25.25576
0.17323,2.02995,0.89552,-4.72564,0.27387,0.32079,0.27211,0.29638,0.00,0.00,0.17323,2.02995,25.24808
0.19467,2.02840,0.94686,1.53678,0.29982,1.38026,0.29894,1.39101,0.00,0.00,0.19467,2.02840,25.25524
0.20001,2.00810,0.20625,-1.71994,0.27407,1.00741,0.27354,0.99980,0.00,0.00,0.19641,2.02163,25.25159
0.18722,2.00450,-0.59433,0.57623,0.00138,1.20413,0.00494,1.20986,0.00,0.00,0.18722,2.00450,25.25309
0.17760,2.01629,-1.13503,-0.44939,-0.09562,1.04257,-0.10187,1.03700,0.00,0.00,0.17760,2.01629,25.25163
0.15688,2.01116,-0.63626,0.43373,-0.02301,1.18808,-0.02171,1.18862,0.00,0.00,0.15688,2.01116,25.25290
0.15075,2.06030,0.40188,1.72493,0.16515,1.44512,0.16947,1.44157,0.00,0.00,0.15075,2.06030,25.25556
0.15302,2.02476,0.23315,-0.93675,0.04163,0.65063,0.03911,0.63441,0.00,0.00,0.15104,2.03149,25.24901
0.15026,1.98059,-0.43748,-2.53810,0.01141,0.65500,0.01127,0.65185,0.00,0.00,0.15026,1.98059,25.24909
0.12036,1.92949,-1.45059,-1.85373,-0.19652,0.73894,-0.19534,0.74330,0.00,0.00,0.12036,1.92949,25.24973
0.10850,1.94811,-0.52251,2.00058,-0.03337,1.42025,-0.03058,1.42774,0.00,0.00,0.10850,1.94811,25.25530
0.06811,1.90879,-1.87871,-2.93617,-0.30641,0.55055,-0.30646,0.54246,0.00,0.00,0.06811,1.90879,25.24895
0.06692,1.87333,0.34497,-0.24122,-0.08824,0.34512,-0.08379,0.34093,0.00,0.00,0.06333,1.87148,25.24793
0.04175,1.83076,-1.23497,-1.94682,-0.20134,0.67190,-0.20355,0.67239,0.00,0.00,0.04175,1.83076,25.24936
0.02122,1.85436,-0.88625,2.36245,-0.15451,1.43016,-0.15333,1.43917,0.00,0.00,0.02122,1.85436,25.25551
0.01436,1.88148,-0.78066,0.85376,-0.13334,1.19475,-0.13708,1.19036,0.00,0.00,0.01436,1.88148,25.25298
-0.00422,1.86948,0.05941,-0.18117,0.00082,0.99684,0.00846,1.00271,0.00,0.00,-0.00422,1.86948,25.25133
-0.01266,1.84565,-0.74061,-2.16564,-0.14391,0.65203,-0.14523,0.64235,0.00,0.00,-0.01266,1.84565,25.24913
-0.02775,1.82011,-0.75000,1.33130,-0.15742,1.22097,-0.15760,1.23992,0.00,0.00,-0.02775,1.82011,25.25347
-0.06029,1.86229,-1.98311,-0.11695,-0.40463,1.02446,-0.40698,1.00992,0.00,0.00,-0.06029,1.86229,25.25201
-0.12105,1.89874,-3.65935,1.47305,-0.56530,1.47788,-0.56858,1.48713,0.00,0.00,-0.08892,1.88557,25.25717
-0.12391,1.88343,0.30303,-1.26185,-0.02182,0.82747,-0.02005,0.82139,0.00,0.00,-0.12391,1.88343,25.25006
-0.13933,1.88662,-2.89807,0.10810,-0.62179,1.06061,-0.62691,1.06267,0.00,0.00,-0.13933,1.88662,25.25329
-0.22257,1.88709,-3.22189,1.95005,-0.73913,1.37254,-0.74327,1.38494,0.00,0.00,-0.22257,1.88709,25.25690
-0.23804,1.91920,-0.41067,0.85937,-0.22911,1.21734,-0.22447,1.21219,0.00,0.00,-0.23804,1.91920,25.25330
-0.26615,1.92677,-0.70180,-0.76000,-0.30349,0.93896,-0.29502,0.93312,0.00,0.00,-0.26615,1.92677,25.25114
-0.29187,1.86200,-1.11749,-2.48429,-0.38575,0.59115,-0.38680,0.59562,0.00,0.00,-0.29187,1.86200,25.24940
-0.28817,1.76948,1.23750,-5.21620,0.04305,0.07103,0.05218,0.06639,0.00,0.00,-0.28817,1.76948,25.24749
-0.27931,1.73573,1.16877,0.89560,0.04305,1.09796,0.04532,1.11707,0.00,0.00,-0.27931,1.73573,25.25227
-0.26997,1.78170,0.97565,3.78875,0.01231,1.63815,0.01521,1.64834,0.00,0.00,-0.26997,1.78170,25.25791
-0.24908,1.74436,-0.01002,-4.11490,0.15240,1.05937,0.15526,1.04755,0.00,0.00,-0.25170,1.77985,25.25177
-0.17842,1.69822,4.08929,-0.83252,0.64469,0.78459,0.65012,0.79393,0.00,0.00,-0.17842,1.69822,25.25149
-0.17110,1.67233,0.58695,0.09381,0.17450,0.42950,0.16491,0.42225,0.00,0.00,-0.17109,1.67123,25.24825
-0.14505,1.70862,0.90496,1.41243,0.08266,1.19610,0.07930,1.19247,0.00,0.00,-0.14505,1.70862,25.25295
-0.15089,1.75772,0.32818,4.66442,-0.03789,1.77107,-0.03263,1.78812,0.00,0.00,-0.15089,1.75772,25.25976
-0.11096,1.82122,2.70685,2.73252,0.43423,1.49039,0.44002,1.48547,0.00,0.00,-0.11096,1.82122,25.25667
-0.03766,1.87081,3.99060,2.85252,0.72619,1.53099,0.72802,1.53371,0.00,0.00,-0.03766,1.87081,25.25847
-0.01570,1.86484,0.20004,-2.12997,0.49573,1.36208,0.49103,1.35863,0.00,0.00,-0.01474,1.89187,25.25546
0.01385,1.88794,1.90748,3.41248,0.36477,1.62376,0.36887,1.64123,0.00,0.00,0.01385,1.88794,25.25832
0.02291,1.98494,0.07941,4.76121,0.03186,1.93106,0.02957,1.93058,0.00,0.00,0.02291,1.98494,25.26180
0.01211,2.08488,-0.80311,4.42934,-0.07564,2.19957,-0.07784,2.20505,0.00,0.00,0.02346,2.04449,25.26619
-0.01954,2.11945,-4.22129,-0.44997,-0.78121,1.10665,-0.80007,1.09375,0.00,0.00,-0.01954,2.11945,25.25448
-0.03996,2.11358,0.43056,-2.38500,0.04656,0.75819,0.05537,0.75221,0.00,0.00,-0.03996,2.11358,25.24965
-0.03881,1.99151,-0.13435,-4.29304,-0.04965,0.34756,-0.04871,0.35081,0.00,0.00,-0.03881,1.99151,25.24794
-0.05388,1.94346,-2.20941,-4.03134,-0.42978,0.38044,-0.44223,0.37000,0.00,0.00,-0.05388,1.94346,25.24874
-0.09738,1.89422,-4.02192,-4.74198,-0.79151,0.23333,-0.80400,0.21837,0.00,0.00,-0.09738,1.89422,25.25013
-0.15060,1.82776,-1.82125,-3.67817,-0.43810,0.36896,-0.42973,0.36777,0.00,0.00,-0.15060,1.82776,25.24869
-0.13631,1.70933,0.23990,-6.45684,-0.03363,-0.17816,-0.03924,-0.18400,0.00,0.00,-0.13631,1.70933,25.24759
-0.12132,1.58252,1.03625,-6.74250,0.11407,-0.30253,0.11737,-0.30417,0.00,0.00,-0.12132,1.58252,25.24787
-0.07748,1.50792,2.08121,-1.64626,0.33994,0.52992,0.33825,0.54634,0.00,0.00,-0.07748,1.50792,25.24904
-0.01999,1.45249,3.28811,-3.03623,0.42691,0.44528,0.42868,0.44355,0.00,0.00,-0.05219,1.48683,25.24892
0.00553,1.48928,0.66441,1.63237,0.13238,1.10942,0.12749,1.10962,0.00,0.00,0.00553,1.48928,25.25226
0.03022,1.50385,3.35057,-0.02499,0.63841,0.83198,0.64167,0.82767,0.00,0.00,0.03022,1.50385,25.25166
0.07299,1.50243,0.96822,-0.76752,0.22135,0.70199,0.22471,0.69707,0.00,0.00,0.07299,1.50243,25.24952
0.12099,1.53840,2.97747,3.98999,0.63309,1.53311,0.63653,1.54885,0.00,0.00,0.12099,1.53840,25.25819
0.10558,1.62978,-1.45117,4.79749,-0.20180,1.73839,-0.20847,1.74066,0.00,0.00,0.10558,1.62978,25.25928
0.12594,1.70881,-0.25259,2.76998,0.03780,1.43884,0.03100,1.42996,0.00,0.00,0.12594,1.70881,25.25533
0.07692,1.68829,-3.27308,-1.77304,-0.55460,0.62917,-0.55996,0.62392,0.00,0.00,0.07692,1.68829,25.25015
0.08764,1.67690,1.38117,-0.86753,0.30319,0.77684,0.31068,0.77609,0.00,0.00,0.08764,1.67690,25.25014
0.08840,1.69903,-0.76373,4.42815,-0.08298,1.69186,-0.08904,1.71440,0.00,0.00,0.08840,1.69903,25.25879
0.07115,1.70177,0.98190,3.87451,-0.24026,0.94771,-0.24347,0.93253,0.00,0.00,0.08840,1.69903,25.25103
0.01769,1.75859,-3.36364,0.18318,-0.61361,1.01191,-0.61608,1.00499,0.00,0.00,0.01769,1.75859,25.25278
0.01328,1.81628,-0.27256,3.51745,-0.20207,1.32832,-0.19367,1.33477,0.00,0.00,0.01160,1.77878,25.25445
-0.00112,1.86307,-1.10624,1.90689,-0.20577,1.36751,-0.20826,1.36433,0.00,0.00,-0.00112,1.86307,25.25478
-0.01519,1.90996,0.50251,3.08001,0.07808,1.58999,0.08528,1.59535,0.00,0.00,-0.01519,1.90996,25.25728
-0.03345,1.90581,-0.90306,2.36446,-0.33717,1.08123,-0.34564,1.07085,0.00,0.00,-0.03345,1.90581,25.25232
-0.06908,1.97538,-0.79496,1.24373,-0.19713,1.31655,-0.19193,1.31047,0.00,0.00,-0.06908,1.97538,25.25420
-0.13731,2.00585,-4.13308,2.83817,-0.48453,1.04140,-0.49039,1.03578,0.00,0.00,-0.09143,1.97586,25.25249
-0.19910,1.92118,-3.31627,-6.23987,-0.73583,-0.01202,-0.73558,-0.02879,0.00,0.00,-0.19910,1.92118,25.24954
-0.21683,1.81322,-1.00381,-5.61565,-0.31951,0.02226,-0.31871,0.02070,0.00,0.00,-0.21683,1.81322,25.24785
-0.17854,1.79635,1.87867,1.59244,0.24052,1.25410,0.24098,1.27244,0.00,0.00,-0.17854,1.79635,25.25390
-0.18422,1.74340,0.24630,-3.03989,-0.06760,0.43638,-0.06753,0.43280,0.00,0.00,-0.18422,1.74340,25.24820
-0.17613,1.64350,0.02436,-3.49301,0.04051,-0.31536,0.04272,-0.33070,0.00,0.00,-0.17037,1.67449,25.24789
-0.16173,1.59671,-1.26256,-1.78751,-0.32043,0.56663,-0.33359,0.57076,0.00,0.00,-0.16173,1.59671,25.24914
-0.13725,1.58953,1.07367,-0.61941,0.11569,0.77163,0.11496,0.77117,0.00,0.00,-0.13725,1.58953,25.24980
-0.17316,1.63698,-1.63429,3.90808,-0.43283,1.03393,-0.44403,1.03929,0.00,0.00,-0.16080,1.59678,25.25236
-0.14743,1.60088,2.77372,-5.33932,0.41002,-0.02221,0.42270,-0.04845,0.00,0.00,-0.14743,1.60088,25.24816
-0.10495,1.62181,2.36565,3.81803,0.31021,0.48739,0.30818,0.49779,0.00,0.00,-0.12789,1.58493,25.24878
-0.10386,1.66606,-0.35245,5.36389,-0.12919,1.83743,-0.13236,1.85969,0.00,0.00,-0.10386,1.66606,25.26083
-0.09240,1.77206,0.72749,8.48510,0.07869,2.43998,0.08165,2.46326,0.00,0.00,-0.09240,1.77206,25.27083
-0.08753,1.86909,0.26875,1.01810,-0.00165,1.24224,-0.00402,1.21225,0.00,0.00,-0.08753,1.86909,25.25311
-0.10455,1.90042,-0.87122,1.39372,-0.22742,1.29705,-0.22819,1.29524,0.00,0.00,-0.10455,1.90042,25.25411
-0.11260,1.96466,-0.16061,3.42808,-0.31540,1.60100,-0.31719,1.60721,0.00,0.00,-0.11515,1.93385,25.25777
-0.12479,2.00470,-1.01939,3.59383,-0.26597,1.72694,-0.27131,1.73748,0.00,0.00,-0.12479,2.00470,25.25934
-0.15245,2.04739,-3.08441,1.31938,-0.66094,1.37104,-0.67353,1.36335,0.00,0.00,-0.15245,2.04739,25.25631
-0.21624,2.06407,-4.12191,-0.01189,-0.49307,1.42261,-0.48965,1.42367,0.00,0.00,-0.17216,2.06323,25.25615
-0.25034,2.00958,0.32498,-2.11303,-0.10745,0.73742,-0.09383,0.74226,0.00,0.00,-0.25034,2.00958,25.24961
-0.30316,2.00806,-3.27306,-0.94758,-0.51860,1.22338,-0.52699,1.23329,0.00,0.00,-0.26814,2.01880,25.25435
-0.35869,1.99810,-2.04874,2.55320,-0.87380,0.44732,-0.87548,0.43705,0.00,0.00,-0.33492,1.96888,25.25113
-0.41327,2.01038,-3.88687,-1.94503,-0.97052,0.79228,-0.97682,0.77187,0.00,0.00,-0.41327,2.01038,25.25339
-0.42417,1.99962,2.88741,1.16936,-0.42337,0.85596,-0.41221,0.85726,0.00,0.00,-0.41327,2.01038,25.25093
-0.37386,1.97874,-1.12063,-3.40246,-0.42179,0.51120,-0.43745,0.49956,0.00,0.00,-0.37386,1.97874,25.24915
-0.39131,1.89984,-0.40687,-4.76189,-0.31912,0.22422,-0.31541,0.21804,0.00,0.00,-0.39131,1.89984,25.24802
-0.39324,1.78926,0.22563,-7.80441,-0.20251,-0.35990,-0.19968,-0.37558,0.00,0.00,-0.39324,1.78926,25.24816
-0.38163,1.68308,1.42878,-4.08253,0.02176,0.20791,0.03024,0.21697,0.00,0.00,-0.38163,1.68308,25.24764
-0.35284,1.66258,1.97563,-1.00757,-0.00537,0.68224,-0.00592,0.69192,0.00,0.00,-0.37058,1.67180,25.24930
-0.34560,1.61368,-1.63375,-4.78004,-0.50015,0.07463,-0.51423,0.05650,0.00,0.00,-0.34560,1.61368,25.24849
-0.28348,1.55942,3.77676,-1.50878,0.24990,0.19751,0.26521,0.20001,0.00,0.00,-0.31991,1.57768,25.24788
-0.22159,1.45411,3.30877,-4.49362,0.47547,0.01335,0.47618,0.01832,0.00,0.00,-0.22159,1.45411,25.24833
-0.16607,1.44182,2.52437,0.76808,0.37010,0.91960,0.36754,0.93216,0.00,0.00,-0.16607,1.44182,25.25131
-0.12780,1.48295,3.33257,4.50313,0.53602,1.59374,0.54881,1.60794,0.00,0.00,-0.12780,1.48295,25.25852
-0.10795,1.48915,1.60632,0.82827,0.23063,0.96437,0.23260,0.96889,0.00,0.00,-0.10795,1.48915,25.25127
-0.06445,1.47954,1.70998,-0.72373,0.39666,0.85290,0.40005,0.85063,0.00,0.00,-0.07914,1.49071,25.25085
-0.00388,1.52008,3.76936,3.35496,3.80450,1.41185,3.81219,1.42175,-5.00,0.00,4.99612,1.52008,25.30954
0.00562,1.53751,-0.67869,-1.42374,2.95880,0.61586,2.94903,0.60008,-5.00,0.00,5.00562,1.53751,25.28214
-0.01898,1.59571,-2.01938,3.42613,2.72913,1.47649,2.72385,1.47890,-5.00,0.00,4.98102,1.59571,25.28350
-0.18079,1.59759,-11.53993,-1.17681,0.85134,0.68674,0.82398,0.67798,-5.00,0.00,4.81920,1.59759,25.25182
-0.27218,1.75259,-4.84896,6.28846,2.07167,2.07530,2.06848,2.06649,-5.00,0.00,4.72782,1.75259,25.27932
-0.49329,1.85321,-14.26490,3.25247,0.15194,1.60796,0.12786,1.59412,-5.00,0.00,4.50671,1.85321,25.25730
-0.71688,1.91662,-9.68627,1.42307,0.83227,1.32109,0.84615,1.30907,-5.00,0.00,4.28312,1.91662,25.25673
-0.90253,1.98474,-11.96383,3.32556,0.32732,1.68021,0.30660,1.67956,-5.00,0.00,4.09747,1.98474,25.25866
-1.21791,1.98372,-18.23808,0.17072,-1.04495,1.12578,-1.06413,1.12707,-5.00,0.00,3.78209,1.98372,25.25662
-1.55557,2.02096,-19.62445,-1.22952,-0.69408,2.03995,-0.68692,2.05861,-5.00,0.00,3.63490,2.03399,25.26547
-1.95566,1.92243,-17.85428,-2.95858,-1.45546,0.53059,-1.43842,0.54575,-5.00,0.00,3.04434,1.92243,25.25653
-2.22976,1.91323,-14.96073,1.25312,-1.07562,1.26333,-1.08160,1.27732,-5.00,0.00,2.77024,1.91323,25.25813
-2.42098,1.89174,-23.61863,-3.80742,-1.85276,0.79871,-1.86862,0.78923,-5.00,0.00,2.77024,1.91323,25.26316
-3.03964,1.80584,-19.47321,-6.97079,-2.40187,-0.18888,-2.39884,-0.22015,-5.00,0.00,1.96036,1.80584,25.26977
-3.37203,1.57395,-18.82886,-13.63930,-2.51079,-1.49802,-2.52606,-1.51248,-5.00,0.00,1.62797,1.57395,25.27998
-3.63712,1.50982,-12.22072,-0.90771,-1.43989,0.65715,-1.42933,0.67622,-5.00,0.00,1.36288,1.50982,25.25702
-3.92931,1.43727,-17.35561,-6.04311,-2.53340,-0.24457,-2.55281,-0.26163,-5.00,0.00,1.07069,1.43727,25.27278
-4.20890,1.39838,-11.61563,-1.29509,-2.65675,0.26943,-2.65927,0.27992,-5.00,0.00,0.90395,1.40911,25.27495
-4.37752,1.32582,-9.10071,-4.56871,-1.29810,-0.05862,-1.30151,-0.06578,-5.00,0.00,0.62248,1.32582,25.25399
-4.56554,1.26841,-10.98564,-1.40251,-1.75732,0.44596,-1.76778,0.45605,-5.00,0.00,0.43446,1.26841,25.26024
-4.69677,1.24420,-4.80756,-0.71562,-0.71926,0.56010,-0.70503,0.56319,-5.00,0.00,0.30323,1.24420,25.25058
-4.81972,1.19447,-5.25867,-3.04558,-0.86967,0.13055,-0.86228,0.12801,-5.00,0.00,0.18028,1.19447,25.25038
-4.89900,1.28718,-1.99685,6.68485,-0.33009,1.86498,-0.31589,1.88111,-5.00,0.00,0.10100,1.28718,25.26144
-4.94240,1.33018,-2.83938,2.97388,-0.49118,1.25369,-0.49583,1.25616,-5.00,0.00,0.05760,1.33018,25.25445
-4.98996,1.36759,-1.20747,-0.43689,-0.70712,1.38537,-0.71153,1.38806,-5.00,0.00,0.01643,1.36896,25.25676
-4.96490,1.38327,0.37428,1.13687,0.09814,0.95842,0.09141,0.96432,-5.00,0.00,0.03510,1.38327,25.25107
-4.96791,1.44051,0.99317,4.24310,0.19888,1.53072,0.20712,1.53915,-5.00,0.00,0.03209,1.44051,25.25673
-4.96695,1.55668,-0.19309,8.41065,-0.01658,2.31347,-0.01611,2.33140,-5.00,0.00,0.03305,1.55668,25.26838
-4.96877,1.73072,-0.43000,8.30246,-0.06228,2.41331,-0.06316,2.40857,-5.00,0.00,0.03123,1.73072,25.26980
-4.94844,1.88359,2.36436,8.33004,0.48267,2.49186,0.49220,2.49759,-5.00,0.00,0.05156,1.88359,25.27231
-4.93248,1.97563,-0.13685,4.62510,0.02295,1.90173,0.01655,1.90166,-5.00,0.00,0.06752,1.97563,25.26137
-4.93394,2.02558,-0.06812,6.63703,0.02836,2.25397,0.02906,2.28062,-5.00,0.00,0.06606,2.02558,25.26748
-4.96329,2.09587,-1.79372,2.80444,-0.18296,1.96152,-0.18727,1.95555,-5.00,0.00,0.05147,2.07114,25.26230
-4.99713,2.21086,-0.46496,7.03496,-0.09899,2.44114,-0.08826,2.45235,-5.00,0.00,0.00287,2.21086,25.27063
-5.00424,2.20822,-0.65752,-1.29422,0.05651,1.50759,0.05969,1.48854,-5.00,0.00,0.00767,2.22055,25.25599
-5.00895,2.19918,-0.20250,-0.04125,-0.04523,1.20489,-0.04343,1.20954,-5.00,0.00,-0.00895,2.19918,25.25309
-5.03605,2.11721,-0.95996,-3.65113,-0.20240,0.53087,-0.20013,0.53269,-5.00,0.00,-0.03605,2.11721,25.24870
-5.03537,2.01642,0.43184,-4.65307,0.01409,0.18344,0.01851,0.17635,-5.00,0.00,-0.03448,2.05930,25.24758
-5.02522,1.96247,0.72939,-1.64688,0.11758,0.78830,0.12004,0.79774,-5.00,0.00,-0.02522,1.96247,25.24996
-5.03824,1.88681,-1.50811,-6.04875,-0.29573,0.00200,-0.30246,-0.01437,-5.00,0.00,-0.03824,1.88681,25.24781
-5.00885,1.83693,2.92494,-3.09886,0.52684,0.47682,0.53657,0.47420,-5.00,0.00,-0.00885,1.83693,25.24943
-5.01169,1.76845,-0.25179,-2.59998,-0.05350,0.51985,-0.05386,0.52364,-5.00,0.00,-0.01169,1.76845,25.24853
-4.95759,1.72549,3.10805,-3.30379,0.45656,0.78489,0.46697,0.79029,-5.00,0.00,0.01032,1.75936,25.25069
-4.91451,1.66030,2.64068,-3.98687,0.53558,0.22301,0.54114,0.22109,-5.00,0.00,0.08549,1.66030,25.24877
-4.90239,1.62609,1.44571,-2.87009,0.01897,0.76534,0.00843,0.77641,-5.00,0.00,0.08079,1.65193,25.24978
-4.89131,1.63549,0.16250,0.81240,0.10210,1.04636,0.09754,1.04707,-5.00,0.00,0.10869,1.63549,25.25171
-4.88614,1.66531,0.67624,2.91564,0.19652,1.42159,0.19800,1.43136,-5.00,0.00,0.11386,1.66531,25.25549
-4.88008,1.72251,0.49064,4.40255,0.16698,1.71167,0.16809,1.72289,-5.00,0.00,0.11992,1.72251,25.25898
-4.90875,1.77351,-1.67245,1.26065,-0.25391,1.21007,-0.25622,1.20179,-5.00,0.00,0.09124,1.77351,25.25326
-4.94627,1.78202,-1.81624,-0.74313,-0.31539,1.25015,-0.31664,1.25097,-5.00,0.00,0.07196,1.78973,25.25385
-5.05020,1.73732,-5.60242,-4.01626,-0.87575,0.89202,-0.88740,0.89259,-5.00,0.00,0.00442,1.77456,25.25352
-5.09926,1.78167,-1.68318,4.11677,-0.38769,1.68934,-0.38062,1.70558,-5.00,0.00,-0.09926,1.78167,25.25918
-5.13605,1.88221,-1.46935,4.34809,-0.36783,1.80482,-0.36420,1.80157,-5.00,0.00,-0.13605,1.88221,25.26043
-5.17119,1.93115,-3.03316,0.73750,-0.66218,1.20998,-0.67338,1.19734,-5.00,0.00,-0.17119,1.93115,25.25468
-5.26352,1.88389,-4.75558,-4.35749,-1.03642,1.11301,-1.04406,1.11103,-5.00,0.00,-0.21379,1.92603,25.25632
-5.30089,1.78644,-1.46007,-4.28373,-0.45780,0.23577,-0.45486,0.23895,-5.00,0.00,-0.30089,1.78644,25.24847
-5.38004,1.75695,-3.82555,0.44248,-0.94905,1.03552,-0.94860,1.04927,-5.00,0.00,-0.38004,1.75695,25.25510
-5.36785,1.76301,-0.97640,-3.11195,0.06272,1.55649,0.08337,1.56713,-5.00,0.00,-0.36235,1.79233,25.25693
-5.45936,1.70110,-3.09736,-3.77689,-0.86552,0.28473,-0.85519,0.28037,-5.00,0.00,-0.45936,1.70110,25.25057
-5.43835,1.67797,2.96799,-1.63443,0.27632,0.64113,0.28106,0.64251,-5.00,0.00,-0.43836,1.67797,25.24935
-5.42294,1.60187,-1.73744,-3.52124,-0.57161,0.27569,-0.58115,0.27023,-5.00,0.00,-0.42294,1.60187,25.24904
-5.38849,1.66308,2.38681,2.92983,0.19951,1.43026,0.20645,1.43260,-5.00,0.00,-0.38849,1.66308,25.25551
-5.42254,1.64128,0.33452,-3.76174,-0.74568,0.59202,-0.76497,0.57492,-5.00,0.00,-0.38849,1.66308,25.25097
-5.38010,1.59712,2.40747,-0.22506,0.20929,0.83974,0.21337,0.84436,-5.00,0.00,-0.38010,1.59712,25.25037
-5.39392,1.66733,-0.38991,4.82803,-0.32242,1.76030,-0.32133,1.76671,-5.00,0.00,-0.39392,1.66733,25.25985
-5.39999,1.71601,-1.85503,0.69188,-0.58374,1.08500,-0.59363,1.07042,-5.00,0.00,-0.39999,1.71601,25.25320
-5.40290,1.78138,0.55307,4.42871,-0.14982,1.75119,-0.14829,1.76000,-5.00,0.00,-0.40290,1.78138,25.25946
-5.38938,1.77314,0.33311,-1.20301,-0.17565,0.77674,-0.17802,0.77065,-5.00,0.00,-0.38938,1.77314,25.24986
-5.40516,1.80508,-0.99434,2.34306,-0.43804,1.40420,-0.43903,1.40846,-5.00,0.00,-0.40516,1.80508,25.25581
-5.42642,1.82105,-1.23126,0.52815,-0.49153,1.10320,-0.49384,1.09991,-5.00,0.00,-0.42642,1.82105,25.25303
-5.42505,1.84310,0.58748,2.17877,-0.15904,1.39261,-0.15433,1.40083,-5.00,0.00,-0.42506,1.84310,25.25510
-5.41417,1.91138,1.20877,2.85557,-0.03610,1.56113,-0.03099,1.55691,-5.00,0.00,-0.41417,1.91138,25.25679
-5.42631,1.92984,-1.40183,-0.31122,-0.52016,1.02063,-0.52488,1.01327,-5.00,0.00,-0.42631,1.92984,25.25245
-5.44931,1.88036,0.59003,-3.61248,-0.17821,0.41742,-0.16666,0.40840,-5.00,0.00,-0.44931,1.88036,25.24821
-5.46075,1.80506,-1.27685,-5.45567,-0.51425,0.05660,-0.51883,0.04418,-5.00,0.00,-0.46075,1.80506,25.24850
-5.45006,1.79367,1.85499,-1.52889,0.05715,0.72806,0.06738,0.72500,-5.00,0.00,-0.45006,1.79367,25.24950
-5.45244,1.75096,-1.83436,-1.77247,-0.60623,0.65650,-0.61887,0.65868,-5.00,0.00,-0.45244,1.75096,25.25059
-5.46293,1.71565,0.08186,0.18693,-0.27600,0.96815,-0.27078,0.98199,-5.00,0.00,-0.46293,1.71565,25.25145
-5.46365,1.66479,-0.35251,-5.78815,-0.34705,-0.06716,-0.34963,-0.09163,-5.00,0.00,-0.46365,1.66479,25.24796
-5.45856,1.62696,0.72374,0.24370,-0.31254,0.18501,-0.31184,0.19016,-5.00,0.00,-0.46829,1.62746,25.24797
-5.45356,1.63583,-0.52125,-0.62191,-0.37145,0.80363,-0.37644,0.79632,-5.00,0.00,-0.45356,1.63583,25.25044
-5.44144,1.64681,0.33308,-1.91072,-0.20750,0.59371,-0.20968,0.57693,-5.00,0.00,-0.44144,1.64681,25.24891
-5.43916,1.62452,0.54189,-3.71572,-0.17167,0.26659,-0.16921,0.24876,-5.00,0.00,-0.43916,1.62452,25.24781
-5.44240,1.60924,0.70504,1.19434,-0.14740,1.08564,-0.14223,1.09936,-5.00,0.00,-0.44240,1.60924,25.25218
-5.45473,1.65656,-1.62936,2.55685,-0.22282,1.30788,-0.22435,1.31242,-5.00,0.00,-0.44092,1.63128,25.25427
-5.45497,1.68641,-0.17817,0.15436,-0.31347,0.97038,-0.31422,0.96011,-5.00,0.00,-0.45497,1.68641,25.25138
-5.46254,1.63483,-0.26124,-0.66296,-0.33485,0.77119,-0.33361,0.78860,-5.00,0.00,-0.46254,1.63483,25.25027
-5.46274,1.64606,-1.30566,-1.78010,-0.11715,1.46552,-0.11270,1.47969,-5.00,0.00,-0.45270,1.66344,25.25593
-5.49308,1.73084,-2.86253,5.31298,-0.84540,1.87777,-0.85488,1.88620,-5.00,0.00,-0.49308,1.73084,25.26381
-5.52266,1.82896,-1.72568,1.76867,-0.64588,1.34365,-0.64835,1.32115,-5.00,0.00,-0.52266,1.82896,25.25575
-5.55602,1.82197,0.06756,2.45075,-0.34768,1.41753,-0.33376,1.43666,-5.00,0.00,-0.55602,1.82197,25.25581
-5.55969,1.86500,0.31624,2.46441,-0.28906,1.45871,-0.28948,1.46285,-5.00,0.00,-0.55969,1.86500,25.25600
-5.59118,1.86872,-2.51746,-1.80999,-0.53950,1.44708,-0.54461,1.44685,-5.00,0.00,-0.56587,1.88249,25.25662
-5.64746,1.86078,-2.68562,0.63872,-0.90204,1.13529,-0.90275,1.14103,-5.00,0.00,-0.64746,1.86078,25.25554
-5.70609,1.80533,-2.59248,-3.76742,-1.06953,0.63856,-1.07295,0.62843,-5.00,0.00,-0.67776,1.83887,25.25338
-5.76131,1.77159,-2.23434,-1.23440,-0.88923,0.75870,-0.88413,0.76413,-5.00,0.00,-0.76131,1.77159,25.25269
-5.81024,1.73778,-3.85128,-2.14251,-1.20181,0.59173,-1.21236,0.58646,-5.00,0.00,-0.81024,1.73778,25.25441
-5.82433,1.76275,0.53870,0.70616,-0.42050,1.10025,-0.40971,1.09883,-5.00,0.00,-0.82433,1.76275,25.25274
-5.83616,1.75177,0.10253,-1.72439,-0.49811,0.67764,-0.49558,0.66757,-5.00,0.00,-0.83616,1.75177,25.25011
-5.83616,1.75177,-0.92248,3.99745,-6.78617,1.63071,-6.91257,1.64495,5.00,0.00,-10.83616,1.75177,25.43521
-5.85054,1.75876,0.15937,-3.62428,-6.59225,0.34958,-6.58798,0.33456,5.00,0.00,-10.85054,1.75876,25.41543
-5.85352,1.68590,-0.44872,-4.27502,-6.69742,0.18687,-6.69609,0.18232,5.00,0.00,-10.85352,1.68590,25.42091
-5.80725,1.66054,4.92185,1.27249,-5.76233,1.11147,-5.74615,1.13013,5.00,0.00,-10.80725,1.66054,25.37742
-5.56339,1.67452,11.31915,-0.03436,-4.39553,0.91844,-4.40068,0.91518,5.00,0.00,-10.56339,1.67452,25.32440
-5.33025,1.53955,15.64071,-5.36975,-4.91009,-0.65481,-4.92059,-0.68692,5.00,0.00,-10.48303,1.58741,25.34200
-4.88158,1.42181,24.29609,-5.30620,-2.24143,-0.41583,-2.21643,-0.42230,5.00,0.00,-10.11771,1.47109,25.26700
-4.49111,1.36182,18.48569,-3.34882,-2.38907,0.17015,-2.40039,0.16729,5.00,0.00,-9.49111,1.36182,25.26973
-4.09678,1.33480,22.84252,1.38628,-2.42552,-0.01561,-2.42627,-0.01940,5.00,0.00,-9.31802,1.31971,25.27011
-3.50213,1.38775,30.97168,1.90684,0.51080,1.10452,0.51929,1.10139,5.00,0.00,-8.50213,1.38775,25.25314
-2.92021,1.35903,30.30315,-4.03934,0.52345,0.91460,0.52371,0.91072,5.00,0.00,-8.20849,1.39818,25.25169
-2.24105,1.40927,35.29738,2.15855,1.76574,1.27131,1.78660,1.29597,5.00,0.00,-7.58158,1.38744,25.26589
-1.58173,1.45591,33.05627,2.33123,2.10298,1.21357,2.10009,1.21180,5.00,0.00,-6.58173,1.45591,25.26971
-0.79788,1.63610,44.07429,11.53364,4.85665,2.88228,4.89549,2.90134,5.00,0.00,-5.79788,1.63610,25.36094
-0.09674,1.86032,35.31393,12.26003,3.68254,3.15187,3.67890,3.15899,5.00,0.00,-5.09674,1.86032,25.33049
0.21345,1.94730,34.53697,10.33571,3.66567,2.86847,3.67678,2.87231,5.00,0.00,-4.78655,1.94730,25.32504
1.15402,2.22519,30.08442,7.35686,3.59269,3.00591,3.59120,3.00871,5.00,0.00,-4.45008,2.04789,25.32545
1.73912,2.50607,29.93750,18.49305,4.19253,4.55946,4.20461,4.59072,5.00,0.00,-3.26088,2.50607,25.37691
1.99274,2.67908,25.05537,18.48022,3.36312,4.68854,3.34563,4.68966,5.00,0.00,-3.00726,2.67908,25.36227
2.60005,3.10825,16.95765,12.14135,1.88366,3.84111,1.87250,3.83299,5.00,0.00,-2.39995,3.10825,25.31474
3.00263,3.23561,19.75299,6.85453,2.82917,2.87690,2.84847,2.85722,5.00,0.00,-2.19055,3.16833,25.30641
3.25757,3.36250,14.01582,7.90818,1.29924,2.69313,1.27257,2.68730,5.00,0.00,-1.87313,3.28373,25.28083
3.35395,3.46173,3.35707,3.50881,-0.39381,2.53515,-0.40830,2.52718,5.00,0.00,-1.64605,3.46173,25.27262
3.38495,3.46488,1.25005,0.68757,-0.77474,2.05946,-0.78251,2.04976,5.00,0.00,-1.63048,3.46344,25.26583
3.45111,3.37988,3.84121,-3.17922,-0.24742,1.30890,-0.24262,1.31369,5.00,0.00,-1.54889,3.37988,25.25432
3.47001,3.32941,-0.63748,-3.04752,-0.37699,1.40500,-0.37964,1.40697,5.00,0.00,-1.52238,3.35896,25.25561
3.35557,3.09893,-6.57239,-14.70796,-2.22727,-0.83599,-2.23532,-0.85756,5.00,0.00,-1.64443,3.09893,25.26930
3.37715,2.79835,0.99417,-16.49502,-0.82463,-1.32799,-0.82255,-1.33739,5.00,0.00,-1.62285,2.79835,25.25687
3.38984,2.61247,2.50694,-5.61696,-1.23385,-0.90193,-1.24220,-0.89323,5.00,0.00,-1.63846,2.66390,25.25639
3.39559,2.36805,-1.80062,-15.56052,-1.32003,-1.38769,-1.33701,-1.41144,5.00,0.00,-1.60441,2.36805,25.26180
3.35425,2.02568,0.57009,-18.91561,-0.95890,-2.17534,-0.93778,-2.18708,5.00,0.00,-1.64575,2.02568,25.26901
3.51834,1.72891,11.78801,-11.79499,1.25558,-1.13152,1.28348,-1.10659,5.00,0.00,-1.48166,1.72891,25.25839
3.61042,1.62411,0.42130,-5.67080,-0.73863,-0.09226,-0.77441,-0.09359,5.00,0.00,-1.38958,1.62411,25.24980
3.65694,1.44663,-0.98140,-14.75383,0.18616,0.37641,0.20503,0.38597,5.00,0.00,-1.33121,1.59497,25.24819
3.78922,1.16176,5.92352,-13.50873,0.36497,-1.72668,0.36122,-1.72027,5.00,0.00,-1.21078,1.16176,25.25932
4.10594,1.22259,18.25665,7.41530,2.89137,1.93472,2.91088,1.96829,5.00,0.00,-0.89406,1.22259,25.29312
4.15416,1.26000,-1.67469,1.20828,-0.79977,0.91152,-0.83376,0.90843,5.00,0.00,-0.84584,1.26000,25.25327
4.27757,1.20295,11.24742,-2.55116,1.59793,0.22128,1.63756,0.21908,5.00,0.00,-0.72243,1.20295,25.25795
4.44425,1.17420,11.15140,4.94205,1.73144,1.46431,1.75159,1.51276,5.00,0.00,-0.55575,1.17420,25.26766
4.60270,1.45410,4.72498,12.67658,0.70627,3.02798,0.67697,3.01854,5.00,0.00,-0.39730,1.45410,25.28407
4.50744,1.48708,-10.12613,-4.82428,-2.13488,0.02807,-2.17391,-0.02127,5.00,0.00,-0.49256,1.48708,25.26564
4.60126,1.51658,9.17283,2.10607,1.43298,1.20340,1.46805,1.20680,5.00,0.00,-0.39874,1.51658,25.26117
4.75573,1.70187,3.35116,9.24981,0.52963,2.55544,0.49454,2.55781,5.00,0.00,-0.24427,1.70187,25.27349
4.73028,1.91154,-0.20921,9.88180,-0.22664,2.79009,-0.21684,2.78383,5.00,0.00,-0.26972,1.91154,25.27745
4.64412,1.88086,-3.19049,-3.04597,-0.81665,0.51874,-0.81003,0.50770,5.00,0.00,-0.35588,1.88086,25.25097
4.78999,1.96076,15.25681,10.30685,-0.37039,0.66975,-0.36128,0.67284,5.00,0.00,-0.35757,1.85906,25.24970
4.73869,2.07355,-8.21528,2.96445,-1.66922,1.68139,-1.71525,1.66415,5.00,0.00,-0.26131,2.07355,25.26897
4.58722,2.21272,-6.35122,6.91048,-1.50622,2.43255,-1.49438,2.43015,5.00,0.00,-0.41278,2.21272,25.27803
4.55979,2.15281,-4.42085,-6.93235,0.08621,1.50717,0.11870,1.48828,5.00,0.00,-0.39309,2.22244,25.25603
4.65080,2.24821,10.24805,10.99234,1.76853,3.11498,1.81824,3.16027,5.00,0.00,-0.34920,2.24821,25.29680
4.55158,2.21029,-12.04229,-6.53289,0.38799,1.76987,0.35982,1.74242,5.00,0.00,-0.32737,2.27550,25.25961
4.51276,2.13966,1.74671,1.49755,-0.00701,1.41031,0.02465,1.44570,5.00,0.00,-0.48724,2.13966,25.25550
4.53323,2.03062,-2.33009,-4.22600,-0.69058,0.37464,-0.71812,0.38412,5.00,0.00,-0.46677,2.03062,25.25001
4.53436,2.08213,5.53008,6.33741,0.72478,2.23254,0.76692,2.25917,5.00,0.00,-0.46564,2.08213,25.26919
4.46441,1.99059,-8.67552,-9.26233,-1.89561,-0.48276,-1.93634,-0.51870,5.00,0.00,-0.53559,1.99059,25.26286
4.56435,1.88386,11.91921,-0.14247,1.89446,0.97923,1.95194,1.01627,5.00,0.00,-0.43565,1.88386,25.26586
4.66600,1.79803,-1.20313,-7.14183,-0.37689,-0.23447,-0.42765,-0.25477,5.00,0.00,-0.33400,1.79803,25.24841
4.64699,1.78717,3.42322,4.01620,0.39442,1.65684,0.42593,1.69103,5.00,0.00,-0.35301,1.78717,25.25913
4.68396,1.70023,-4.12886,-8.28865,-0.91505,-0.47694,-0.95944,-0.50944,5.00,0.00,-0.31604,1.70023,25.25198
4.73607,1.63964,11.31631,3.68630,1.89749,1.50047,1.96619,1.55015,5.00,0.00,-0.26393,1.63964,25.27105
4.78325,1.62427,-6.07000,-8.14134,2.17985,2.21790,2.18561,2.23254,5.00,0.00,-0.15007,1.70319,25.28367
4.78300,1.62521,1.70362,0.75230,0.16941,1.02279,0.18353,1.03087,5.00,0.00,-0.21700,1.62521,25.25167
4.84933,1.59256,0.26486,-5.10627,-0.01989,0.01147,-0.04342,-0.01227,5.00,0.00,-0.15067,1.59256,25.24747
4.92124,1.56695,9.37882,5.50821,1.68367,1.78001,1.72970,1.82857,5.00,0.00,-0.07876,1.56695,25.27126
4.99130,1.57546,-2.66876,-5.35254,-0.45033,-0.01962,-0.49905,-0.06483,5.00,0.00,-0.00869,1.57546,25.24843
4.98313,1.57994,0.67871,2.65678,0.10791,1.32051,0.11679,1.33890,5.00,0.00,-0.01687,1.57994,25.25441
5.01621,1.59047,-0.12633,-2.27251,0.00101,0.50128,-0.01345,0.48246,5.00,0.00,0.01621,1.59047,25.24836
4.97984,1.64779,1.42263,6.15558,0.23483,1.96216,0.25852,1.98788,5.00,0.00,-0.02016,1.64779,25.26291
5.02429,1.72840,-0.17944,2.31500,-0.00264,1.37536,-0.01856,1.36124,5.00,0.00,0.02429,1.72840,25.25459
5.02284,1.79053,0.00561,5.31752,0.01608,1.90632,0.01548,1.92036,5.00,0.00,0.02284,1.79053,25.26165
5.04746,1.86287,1.25184,3.33316,0.25757,1.72295,0.26249,1.71921,5.00,0.00,0.03442,1.82958,25.25908
5.02100,1.85191,-1.37118,-1.44367,-0.24074,0.77912,-0.24188,0.77212,5.00,0.00,0.02100,1.85191,25.24998
4.97718,1.85397,-3.14437,1.54062,-0.59764,1.28538,-0.60330,1.29512,5.00,0.00,-0.02282,1.85397,25.25528
4.93874,1.89257,-1.70253,1.54496,-0.44886,1.55409,-0.44583,1.55958,5.00,0.00,-0.04472,1.88377,25.25755
4.92058,1.87889,-0.30436,-0.16804,-0.11230,1.00587,-0.10584,1.01021,5.00,0.00,-0.07942,1.87889,25.25143
4.91677,1.92194,-3.22437,-2.47762,-0.12251,1.77833,-0.12272,1.79410,5.00,0.00,-0.08323,1.92194,25.25990
4.80953,1.83120,-2.93683,-3.25373,-0.66784,0.44403,-0.66109,0.44391,5.00,0.00,-0.19047,1.83120,25.24989
4.77245,1.77863,-3.46132,-3.52690,-0.76859,0.37124,-0.78064,0.36701,5.00,0.00,-0.22755,1.77863,25.25032
4.76451,1.75434,-0.86383,-0.30442,-0.30527,0.91130,-0.30619,0.91743,5.00,0.00,-0.23549,1.75434,25.25105
4.76824,1.76842,-2.52447,-0.06880,-0.59419,0.97235,-0.61347,0.96635,5.00,0.00,-0.23176,1.76842,25.25248
4.77212,1.72582,2.18873,-2.60433,0.25040,0.50220,0.26563,0.49928,5.00,0.00,-0.22788,1.72582,25.24869
4.80435,1.65566,1.21750,-3.68560,0.10877,0.27202,0.10528,0.27126,5.00,0.00,-0.19565,1.65566,25.24779
4.80324,1.54813,1.70383,-6.08934,0.18193,-0.20396,0.19458,-0.20889,5.00,0.00,-0.19676,1.54813,25.24777
4.80026,1.50336,-1.60873,-2.59700,0.06752,0.51307,0.06519,0.52770,5.00,0.00,-0.18458,1.52933,25.24855
4.82477,1.49334,1.13242,1.09373,0.10300,1.00683,0.10281,1.01765,5.00,0.00,-0.17523,1.49334,25.25148
4.84899,1.45528,0.31934,-2.17992,0.36660,0.50047,0.37198,0.49013,5.00,0.00,-0.15450,1.46881,25.24891
4.90625,1.45692,2.88430,-0.00568,0.47867,0.80407,0.47841,0.80513,5.00,0.00,-0.09375,1.45692,25.25082
4.97027,1.51785,2.07683,2.65678,0.37950,1.30717,0.37073,1.30452,5.00,0.00,-0.02973,1.51785,25.25452
4.96894,1.49403,1.94942,-1.40487,0.05564,0.46773,0.04903,0.45059,5.00,0.00,-0.02973,1.51785,25.24825
5.02403,1.47744,0.40996,-2.40136,0.10221,0.41520,0.09069,0.39737,5.00,0.00,0.02403,1.47744,25.24810
5.02195,1.53864,0.00938,4.17863,0.01668,1.57289,0.01549,1.58214,5.00,0.00,0.02195,1.53864,25.25709
5.02276,1.61901,-1.48003,4.30501,-0.25522,1.64735,-0.26528,1.64862,5.00,0.00,0.02276,1.61901,25.25817
4.98330,1.63101,-1.28373,0.58321,-0.25338,1.00738,-0.24963,1.00449,5.00,0.00,-0.01670,1.63101,25.25158
4.98495,1.67824,0.19308,1.72681,0.04799,1.42450,0.05414,1.43301,5.00,0.00,-0.01149,1.66472,25.25537
4.98994,1.71388,0.49624,2.58376,0.08640,1.39538,0.08692,1.40020,5.00,0.00,-0.01006,1.71388,25.25503
4.98163,1.82424,-2.48816,5.50742,-0.46893,1.97169,-0.48582,1.97203,5.00,0.00,-0.01837,1.82424,25.26328
4.94883,1.86614,-2.03816,3.00262,-0.41300,1.55117,-0.41605,1.55753,5.00,0.00,-0.05117,1.86614,25.25743
4.90112,1.88242,-2.66500,-0.48185,-0.55452,0.96646,-0.55750,0.95718,5.00,0.00,-0.09888,1.88242,25.25216
4.87989,1.84765,-0.54877,-1.81247,-0.47262,0.72882,-0.47095,0.72397,5.00,0.00,-0.11878,1.86970,25.25032
4.86422,1.87888,-1.47187,0.67551,-0.35561,1.16261,-0.35921,1.15771,5.00,0.00,-0.13578,1.87888,25.25310
4.85100,1.89658,-0.41250,2.26000,-0.39455,1.13680,-0.39534,1.13627,0.00,-5.00,-0.14929,1.87527,25.25302
4.86935,1.90835,-0.60132,1.02132,3.27439,3.97766,3.26434,3.98208,0.00,-5.00,4.86935,6.90835,25.34039
4.89927,1.85129,2.09682,-3.92306,3.64885,3.09918,3.65124,3.08960,0.00,-5.00,4.89927,6.85129,25.32846
4.84156,1.74293,-7.47248,-7.63375,1.69622,2.40549,1.65844,2.39171,0.00,-5.00,4.84156,6.74293,25.27917
4.75075,1.59548,0.38192,-7.04873,3.07943,2.40325,3.11744,2.40774,0.00,-5.00,4.75075,6.59548,25.30400
4.63788,1.50287,-9.17054,-4.51318,2.59867,2.73223,2.58886,2.73895,0.00,-5.00,4.72823,6.54495,25.29931
4.46280,1.45371,-6.46994,0.11874,1.68550,3.56789,1.70555,3.58264,0.00,-5.00,4.46280,6.45371,25.30604
4.25890,1.34867,-15.90317,-12.26191,-0.28657,1.41613,-0.33438,1.36708,0.00,-5.00,4.25890,6.34867,25.25507
4.09207,1.18822,-8.43771,-8.56261,0.96172,1.93703,0.98720,1.94766,0.00,-5.00,4.17886,6.26916,25.26559
3.85765,0.95829,-17.65880,-15.47188,-0.85954,0.61557,-0.90285,0.58956,0.00,-5.00,3.85765,5.95829,25.25191
3.63799,0.67416,-8.97198,-15.71321,-0.36678,1.01485,-0.35672,1.02300,0.00,-5.00,3.71806,5.83196,25.25197
3.32701,0.32764,-16.87921,-18.71433,-0.57718,-0.01091,-0.60026,-0.01935,0.00,-5.00,3.48939,5.50213,25.24885
3.13755,-0.06508,-7.44577,-20.28623,0.53388,-0.81358,0.54986,-0.81895,0.00,-5.00,3.13755,4.93492,25.25119
2.94675,-0.32120,-15.56092,-19.78357,-1.62955,-1.92296,-1.67370,-1.94560,0.00,-5.00,3.13755,4.93492,25.27220
2.64482,-0.83231,-4.46948,-16.86383,0.77145,-0.64199,0.79790,-0.64461,0.00,-5.00,2.64482,4.16769,25.25149
2.41388,-1.26888,-12.69919,-22.09046,-0.88128,-1.79946,-0.89034,-1.79972,0.00,-5.00,2.41388,3.73112,25.26282
2.28559,-1.62359,-3.92446,-16.76820,0.66053,-1.07335,0.68174,-1.06560,0.00,-5.00,2.28559,3.37641,25.25358
2.14809,-1.96494,-5.30361,-16.46867,0.32768,-1.21052,0.34017,-1.20211,0.00,-5.00,2.14809,3.03506,25.25345
2.03266,-2.22820,-7.11626,-11.96129,0.39775,-0.99366,0.39918,-0.98923,0.00,-5.00,2.10085,2.89188,25.25183
1.93586,-2.45800,-3.34377,-10.63372,0.55881,-0.46080,0.56971,-0.45410,0.00,-5.00,1.93586,2.54200,25.24950
1.84784,-2.67111,-3.15804,-10.94873,0.02262,-0.62290,0.01168,-0.62621,0.00,-5.00,1.87686,2.43859,25.24897
1.81202,-2.83348,-2.14818,-7.71943,0.71873,-0.15502,0.71415,-0.15192,0.00,-5.00,1.81202,2.16652,25.24951
1.76601,-2.92549,-2.98124,-2.47375,0.53630,0.69700,0.53377,0.71501,0.00,-5.00,1.76601,2.07451,25.25051
1.65331,-2.93427,-5.28928,1.33062,-0.13775,0.76007,-0.15151,0.76136,0.00,-5.00,1.70108,2.04972,25.24978
1.54932,-2.95583,-5.87941,-2.38120,-0.13036,0.72143,-0.13787,0.71447,0.00,-5.00,1.54932,2.04417,25.24949
1.51991,-2.93520,-0.20758,2.30743,0.89954,1.53722,0.91020,1.54552,0.00,-5.00,1.51991,2.06480,25.25972
1.44146,-2.91305,-3.59800,2.13505,0.21942,1.52216,0.22248,1.52799,0.00,-5.00,1.44146,2.08695,25.25662
1.33578,-2.86936,-5.30309,1.66061,-0.16227,1.47288,-0.16438,1.46921,0.00,-5.00,1.33578,2.13064,25.25586
1.23543,-2.76607,-5.72564,6.07430,-0.31023,2.29042,-0.31393,2.29735,0.00,-5.00,1.23543,2.23393,25.26812
1.14349,-2.69695,-4.92254,3.04130,-0.21228,1.81044,-0.21453,1.80581,0.00,-5.00,1.14349,2.30305,25.26017
0.98908,-2.66663,-7.17365,1.33503,-0.95341,1.65356,-0.96853,1.65036,0.00,-5.00,1.05776,2.32315,25.26140
0.85043,-2.63922,-7.34502,-0.50880,-0.84234,1.22974,-0.84654,1.21688,0.00,-5.00,0.85043,2.36077,25.25585
0.75012,-2.61591,-3.95190,3.01063,-0.28702,1.83195,-0.27812,1.84522,0.00,-5.00,0.75012,2.38409,25.26084
0.67136,-2.64450,-3.13933,-0.78924,-0.60045,0.99081,-0.60685,0.97364,0.00,-5.00,0.69837,2.36287,25.25250
0.59495,-2.65818,-3.74436,-1.74129,-0.32899,0.99908,-0.33020,0.99106,0.00,-5.00,0.59495,2.34182,25.25165
0.54957,-2.65597,-2.59880,-0.33945,0.01351,1.41697,0.02050,1.42550,0.00,-5.00,0.57879,2.34465,25.25528
0.51104,-2.67367,-3.12379,-2.94066,-0.25787,0.78656,-0.26563,0.77269,0.00,-5.00,0.51104,2.32633,25.25002
0.44863,-2.76328,-3.12875,-4.73871,-0.30405,0.41052,-0.30401,0.40850,0.00,-5.00,0.44863,2.23672,25.24846
0.42545,-2.86378,-0.88630,-3.35869,0.02050,0.01621,0.02712,0.00817,0.00,-5.00,0.43818,2.16865,25.24746
0.43862,-2.93996,0.91122,-1.82991,0.43633,0.80429,0.43984,0.81966,0.00,-5.00,0.43862,2.06004,25.25078
0.48877,-2.88227,4.09375,2.40486,1.06558,1.59385,1.07757,1.59165,0.00,-5.00,0.48877,2.11773,25.26150
0.50300,-2.90737,1.92513,-1.00178,0.66112,0.98297,0.66951,0.98247,0.00,-5.00,0.50300,2.09263,25.25287
0.57774,-2.96694,2.91244,-5.18687,0.89726,0.23213,0.89340,0.21734,0.00,-5.00,0.57774,2.03306,25.25071
0.65408,-3.00401,4.93063,-0.06316,0.87066,0.37029,0.87011,0.37311,0.00,-5.00,0.60493,1.99005,25.25090
0.68823,-3.02386,0.41191,-2.62816,0.51223,0.64744,0.49986,0.63358,0.00,-5.00,0.68823,1.97614,25.24996
0.73663,-3.00340,2.69306,0.54862,0.95994,1.43440,0.96908,1.45046,0.00,-5.00,0.71106,1.99679,25.25905
0.79075,-3.01794,0.86245,-1.69936,0.66081,0.80533,0.64768,0.79931,0.00,-5.00,0.79075,1.98206,25.25151
0.84631,-3.03230,2.10930,-1.41128,0.91904,0.84460,0.91412,0.84165,0.00,-5.00,0.84631,1.96770,25.25336
0.85781,-2.99304,0.44316,2.05679,0.65766,1.38798,0.65233,1.39907,0.00,-5.00,0.84631,1.96770,25.25658
0.87737,-2.98790,0.88810,0.50754,0.71150,1.20300,0.71016,1.20187,0.00,-5.00,0.87737,2.01210,25.25491
0.87662,-2.98813,-1.33747,-1.32999,0.29673,0.88565,0.29199,0.88049,0.00,-5.00,0.87662,2.01187,25.25076
0.83945,-3.01241,-0.54873,-0.95318,0.14235,1.18851,0.13920,1.19469,0.00,-5.00,0.85858,1.99979,25.25302
0.82150,-3.02437,-1.40750,-1.65189,0.24855,0.80822,0.24471,0.80414,0.00,-5.00,0.82150,1.97563,25.25017
0.76946,-3.02343,-3.28435,0.01494,-0.13290,1.09749,-0.13686,1.09624,0.00,-5.00,0.76946,1.97657,25.25215
0.74854,-3.00005,-0.29130,2.72063,0.40778,1.57156,0.41306,1.58220,0.00,-5.00,0.74854,1.99995,25.25772
0.70701,-3.06851,-2.12120,-5.37988,0.09400,0.87431,0.08760,0.86008,0.00,-5.00,0.72938,1.98781,25.25033
0.67130,-3.04159,-2.17439,1.66295,0.01141,1.37037,0.00965,1.37440,0.00,-5.00,0.67130,1.95841,25.25472
0.63491,-3.06547,-1.88625,-0.13364,0.03968,1.03962,0.04083,1.04700,0.00,-5.00,0.63491,1.93453,25.25168
0.61573,-3.09154,-0.35563,-1.66685,0.05530,0.89730,0.05562,0.89440,0.00,-5.00,0.61905,1.92373,25.25055
0.61549,-3.14945,-0.55500,-1.58618,0.27686,0.73730,0.27602,0.74643,0.00,-5.00,0.61549,1.85055,25.24989
0.58805,-3.16342,-0.95810,0.54626,0.07641,0.66768,0.07232,0.66625,0.00,-5.00,0.59798,1.83175,25.24919
0.58275,-3.20091,0.76187,-2.34869,0.49354,0.58808,0.49967,0.58452,0.00,-5.00,0.58275,1.79909,25.24973
0.57442,-3.19578,-0.09058,-0.63322,0.33453,0.89313,0.33759,0.88750,0.00,-5.00,0.57442,1.80422,25.25092
0.57878,-3.18680,-0.00937,1.84938,0.35687,1.31651,0.35804,1.32666,0.00,-5.00,0.57878,1.81320,25.25471
0.57990,-3.16500,1.47629,1.48690,0.62616,1.27376,0.63659,1.27523,0.00,-5.00,0.57990,1.83500,25.25524
0.58792,-3.14123,0.88439,2.55123,0.53414,1.47310,0.53296,1.47450,0.00,-5.00,0.58792,1.85877,25.25688
0.61814,-3.14813,1.89064,-2.96494,0.72455,0.51763,0.73029,0.50586,0.00,-5.00,0.61814,1.85187,25.25049
0.63851,-3.14302,2.31879,2.13558,0.82591,1.38727,0.83288,1.40067,0.00,-5.00,0.63851,1.85698,25.25760
0.62867,-3.12363,-0.51304,1.46443,0.29347,1.29043,0.29443,1.29429,0.00,-5.00,0.62867,1.87637,25.25423
0.64354,-3.04054,0.86934,5.84746,0.57362,2.09497,0.57479,2.10605,0.00,-5.00,0.64354,1.95946,25.26571
0.64368,-2.99701,0.06065,-0.42370,0.40946,1.05008,0.40934,1.03409,0.00,-5.00,0.64368,2.00299,25.25221
0.68086,-3.00223,2.10621,0.05124,0.81201,1.11282,0.81483,1.11410,0.00,-5.00,0.68086,1.99777,25.25474
0.69648,-3.06330,-1.11878,-2.71927,0.23655,0.59319,0.22084,0.59586,0.00,-5.00,0.69648,1.93670,25.24901
0.70562,-3.06089,0.79371,2.41437,0.45133,0.64164,0.45571,0.64262,0.00,-5.00,0.69706,1.91539,25.24984
0.66944,-3.06275,-2.99870,-0.47744,-0.13682,0.99130,-0.14520,0.98837,0.00,-5.00,0.66944,1.93725,25.25130
0.60645,-2.96989,-2.58312,6.09553,-0.21536,1.60555,-0.21697,1.61809,0.00,-5.00,0.63175,1.97128,25.25771
0.60144,-2.94952,-0.59695,-0.86493,0.26342,0.99908,0.26038,0.98321,0.00,-5.00,0.60144,2.05048,25.25143
0.59828,-2.99361,-0.01875,-2.02245,0.36276,0.75432,0.36508,0.75631,0.00,-5.00,0.59828,2.00639,25.25017
0.59816,-3.00776,0.25187,0.37749,0.41792,1.16140,0.41780,1.16826,0.00,-5.00,0.59816,1.99224,25.25337
0.56017,-3.03154,-0.75679,-3.83690,0.19619,0.43656,0.20387,0.41787,0.00,-5.00,0.56017,1.96846,25.24829
0.54720,-2.98418,-1.13691,3.07798,0.43248,1.32351,0.43731,1.34161,0.00,-5.00,0.56323,1.98372,25.25510
0.52805,-2.96717,-0.77062,-0.71123,0.18037,1.01197,0.18272,1.00034,0.00,-5.00,0.52805,2.03283,25.25143
0.49735,-2.98903,-0.73995,-0.63999,0.16351,0.99918,0.16946,1.00071,0.00,-5.00,0.49735,2.01097,25.25142
0.49392,-3.04716,0.04749,-4.06496,0.22341,0.74241,0.22463,0.73717,0.00,-5.00,0.49894,1.98996,25.24974
0.51418,-3.09997,0.64184,-2.34065,0.43722,0.63869,0.43548,0.64179,0.00,-5.00,0.51418,1.90003,25.24977
0.47214,-3.09583,-3.24121,0.27054,0.15285,1.18980,0.14705,1.20105,0.00,-5.00,0.50572,1.90517,25.25309
0.47083,-3.09616,-0.58573,-1.54440,0.18540,0.79238,0.18128,0.78324,0.00,-5.00,0.47083,1.90384,25.24994
0.46955,-3.06047,-0.23502,3.83244,0.25188,1.73056,0.25028,1.74318,0.00,-5.00,0.46955,1.93953,25.25938
0.46334,-3.06208,-0.91687,-1.88931,0.24543,1.38703,0.24529,1.38002,0.00,-5.00,0.46955,1.93953,25.25501
0.45304,-3.07897,0.21438,-0.22502,0.31578,1.01921,0.32008,1.02353,0.00,-5.00,0.45304,1.92103,25.25188
0.44128,-3.06024,-1.25933,-0.25442,0.03721,1.03503,0.03801,1.02877,0.00,-5.00,0.44128,1.93976,25.25154
0.41433,-3.01607,0.15561,4.24562,0.28650,1.82468,0.29035,1.83989,0.00,-5.00,0.41433,1.98393,25.26079
0.41660,-2.93639,0.01499,4.18189,0.26706,1.87171,0.26533,1.87279,0.00,-5.00,0.41660,2.06361,25.26121
0.38012,-2.88100,-1.16431,3.40755,0.01396,1.76466,0.01820,1.76813,0.00,-5.00,0.38012,2.11900,25.25949
0.36803,-2.91994,0.09125,-2.28612,0.23961,0.75501,0.24367,0.75096,0.00,-5.00,0.36803,2.08006,25.24986
0.37328,-2.96918,-0.25748,-2.79188,0.18109,0.63786,0.18189,0.63523,0.00,-5.00,0.37328,2.03082,25.24914
0.33908,-2.94878,-1.20059,2.40432,-0.01553,1.54387,-0.01438,1.55533,0.00,-5.00,0.33908,2.05122,25.25677
0.30948,-2.97747,-2.69188,-1.72553,-0.30250,0.82076,-0.30972,0.81719,0.00,-5.00,0.30948,2.02253,25.25039
0.28568,-2.96293,-0.19064,1.01934,0.13375,1.30007,0.14179,1.30535,0.00,-5.00,0.28568,2.03707,25.25409
0.29130,-2.98328,0.96438,0.42321,0.35653,1.18164,0.36094,1.18981,0.00,-5.00,0.29130,2.01672,25.25340
0.31053,-2.97127,0.42185,-0.60317,0.32321,-4.49130,0.31720,-4.50278,0.00,5.00,0.31053,-7.97127,25.32590
0.31355,-2.98497,0.55313,-0.40873,0.34614,-4.48019,0.34734,-4.47656,0.00,5.00,0.31355,-7.98497,25.32505
0.33168,-2.97316,1.89063,2.04251,0.62492,-4.05384,0.63130,-4.04441,0.00,5.00,0.33168,-7.97316,25.31167
0.40392,-2.65972,2.92368,17.18402,1.06295,-1.80723,1.07189,-1.76138,0.00,5.00,0.37285,-7.82582,25.26361
0.41052,-2.39148,-1.14498,11.46440,0.05430,-2.06669,0.04134,-2.08280,0.00,5.00,0.41052,-7.39148,25.26416
0.50780,-2.20180,8.27307,10.62570,0.43645,-2.50931,0.44425,-2.51834,0.00,5.00,0.42661,-7.30831,25.27256
0.63406,-2.04088,10.08953,13.35772,2.26968,-1.59321,2.29572,-1.55584,0.00,5.00,0.63406,-7.04088,25.27632
0.68470,-1.63199,-1.90429,20.53728,0.10233,-0.07553,0.06770,-0.07612,0.00,5.00,0.68470,-6.63199,25.24750
0.68136,-1.43040,0.55306,26.82373,0.44379,0.13080,0.45076,0.13501,0.00,5.00,0.68136,-6.43040,25.24831
0.71030,-0.65195,-0.61696,25.20560,0.34141,1.28897,0.32560,1.28283,0.00,5.00,0.71030,-5.65195,25.25419
0.74974,-0.05813,4.10375,33.15680,0.32691,1.91557,0.32661,1.92836,0.00,5.00,0.70712,-5.37879,25.26215
0.62941,0.56819,-6.34849,33.49506,-0.85654,3.38823,-0.86390,3.40241,0.00,5.00,0.62941,-4.43181,25.29444
0.47197,1.14150,-9.01559,30.08763,-1.47988,3.11692,-1.48767,3.12358,0.00,5.00,0.47197,-3.85850,25.29234
0.43064,1.41991,-6.78889,26.99753,-1.04142,2.74630,-1.05122,2.73939,0.00,5.00,0.43064,-3.58009,25.28013
0.17426,2.21386,-11.99373,26.12996,-2.24885,3.02701,-2.26713,3.02256,0.00,5.00,0.17426,-2.78614,25.29979
-0.06404,2.68200,-11.35748,24.47943,-2.29792,2.98819,-2.29431,2.99284,0.00,5.00,-0.06404,-2.31800,25.29957
-0.29803,3.12091,-12.00560,22.88066,-2.57044,2.95352,-2.57158,2.95508,0.00,5.00,-0.29803,-1.87909,25.30330
-0.49554,3.50402,-9.23066,17.56878,-2.09540,2.25520,-2.08976,2.24218,0.00,5.00,-0.49554,-1.49598,25.28237
-0.56353,3.66781,-7.38067,14.51064,-1.77817,2.12747,-1.77169,2.12486,0.00,5.00,-0.49554,-1.49598,25.27610
-0.81357,4.05199,-8.70432,11.74377,-2.14660,1.53310,-2.14574,1.52792,0.00,5.00,-0.81357,-0.94801,25.27354
-0.93199,4.21020,-4.52753,8.25009,-1.43017,1.00566,-1.41969,1.00593,0.00,5.00,-0.93199,-0.78980,25.25899
-1.06213,4.37184,-7.15933,7.84623,-1.72752,1.11982,-1.73359,1.12215,0.00,5.00,-0.93199,-0.78980,25.26365
-1.11295,4.54683,-0.91758,8.05432,-0.87425,1.16315,-0.86105,1.15823,0.00,5.00,-1.11295,-0.45317,25.25541
-1.11809,4.60315,0.15563,2.27826,-0.66102,0.18282,-0.65716,0.17905,0.00,5.00,-1.11809,-0.39685,25.24924
-1.06750,4.68132,3.16307,2.94804,-0.07337,0.34697,-0.06970,0.33954,0.00,5.00,-1.06750,-0.31868,25.24792
-1.00521,4.71190,2.71374,1.79567,-0.11179,0.15296,-0.11457,0.15481,0.00,5.00,-1.00521,-0.28810,25.24760
-0.93842,4.78699,4.39249,3.76868,0.23154,0.54291,0.23751,0.54161,0.00,5.00,-0.93842,-0.21301,25.24880
-0.80941,4.88486,6.41871,6.35125,0.69327,1.03703,0.69668,1.04743,0.00,5.00,-0.80941,-0.11514,25.25352
-0.68401,4.96750,6.26312,3.25128,0.78335,0.90390,0.78519,0.90118,0.00,5.00,-0.74233,-0.06166,25.25293
-0.55536,5.10916,5.75121,6.30237,0.73761,1.16729,0.73071,1.16290,0.00,5.00,-0.55536,0.10916,25.25467
-0.46021,5.19267,4.33689,4.48506,0.64910,0.79945,0.64729,0.79194,0.00,5.00,-0.50046,0.14510,25.25147
-0.31011,5.31100,7.69678,6.53809,1.21906,1.13086,1.23321,1.13579,0.00,5.00,-0.38808,0.24727,25.25816
-0.25683,5.41824,1.56761,5.67628,0.14266,1.22284,0.13398,1.22452,0.00,5.00,-0.25683,0.41824,25.25329
-0.19993,5.51378,2.09433,3.68688,0.26989,0.93592,0.26654,0.92939,0.00,5.00,-0.19993,0.51378,25.25105
-0.16941,5.56497,2.26566,3.33379,0.31150,0.89117,0.31715,0.89593,0.00,5.00,-0.16941,0.56497,25.25093
-0.13418,5.60581,1.70812,1.65689,0.34906,0.80326,0.34982,0.80146,0.00,5.00,-0.14817,0.59208,25.25039
-0.16191,5.70723,-1.19117,7.02182,-0.32572,1.60673,-0.32613,1.61950,0.00,5.00,-0.16191,0.70723,25.25794
-0.14246,5.86397,0.10930,6.87620,-0.06338,1.68687,-0.06863,1.68073,0.00,5.00,-0.14246,0.86397,25.25834
-0.12683,5.92681,0.02997,4.68313,-0.06994,1.33801,-0.07323,1.33208,0.00,5.00,-0.12683,0.92681,25.25430
-0.14828,6.00825,-2.43811,1.22693,-0.53662,0.77726,-0.54443,0.77254,0.00,5.00,-0.14828,1.00825,25.25089
-0.19937,6.00020,-2.43001,0.45319,-0.57239,0.62782,-0.57355,0.63272,0.00,5.00,-0.19937,1.00020,25.25026
-0.27618,5.98707,-4.29184,-1.31688,-0.96083,0.32238,-0.96399,0.31570,0.00,5.00,-0.27618,0.98708,25.25141
-0.32497,6.03928,-2.21753,3.45866,-0.61958,1.17439,-0.61601,1.18002,0.00,5.00,-0.32497,1.03928,25.25424
-0.35206,6.06371,-3.85009,-1.09439,-0.91137,0.41474,-0.92921,0.39703,0.00,5.00,-0.35206,1.06371,25.25138
-0.38962,6.06815,-0.76627,-1.04632,-0.39079,0.41659,-0.38122,0.40798,0.00,5.00,-0.38962,1.06815,25.24866
-0.43110,6.03789,-1.74435,-2.15937,-0.53271,0.36732,-0.53560,0.36631,0.00,5.00,-0.40898,1.05608,25.24908
-0.45042,6.02577,-0.12998,-0.63066,-0.30878,0.45640,-0.30081,0.45727,0.00,5.00,-0.45042,1.02577,25.24861
-0.48682,6.03015,-1.75557,1.49500,-0.62669,0.82372,-0.62663,0.83152,0.00,5.00,-0.48682,1.03015,25.25161
-0.50977,6.05015,-1.79002,0.59625,-0.50942,0.87300,-0.50703,0.87401,0.00,5.00,-0.49519,1.04722,25.25138
-0.50907,6.05041,-0.06817,-1.11252,-0.32624,0.39502,-0.32523,0.38658,0.00,5.00,-0.50907,1.05041,25.24844
-0.49281,6.05003,1.31246,-0.54378,-0.05988,0.48779,-0.05959,0.48591,0.00,5.00,-0.49281,1.05003,25.24838
-0.49316,6.04990,-0.07558,-0.87754,-0.31812,0.43402,-0.31692,0.42742,0.00,5.00,-0.49316,1.04990,25.24855
-0.44317,6.03445,2.06994,-0.22873,0.11150,0.52787,0.11133,0.53241,0.00,5.00,-0.44317,1.03445,25.24860
-0.43962,6.08811,-0.19493,1.11049,-0.33201,1.37545,-0.34106,1.39275,0.00,5.00,-0.43857,1.08148,25.25535
-0.45735,6.12673,-2.19000,2.75813,-0.68447,1.09944,-0.69202,1.10584,0.00,5.00,-0.45735,1.12673,25.25397
-0.46781,6.24462,0.12681,6.65930,-0.27494,1.63475,-0.26658,1.64568,0.00,5.00,-0.46024,1.18462,25.25814
-0.46851,6.29556,-0.54562,0.37756,-0.38814,0.79771,-0.39012,0.78292,0.00,5.00,-0.46851,1.29556,25.25040
-0.45132,6.34363,1.35059,2.75181,-0.03064,1.22435,-0.02729,1.22485,0.00,5.00,-0.45132,1.34363,25.25323
-0.43905,6.33651,0.14939,-2.14496,-0.09302,0.98322,-0.09429,0.97830,0.00,5.00,-0.43931,1.35854,25.25117
-0.44726,6.36360,-0.90563,2.71308,-0.44296,1.21722,-0.44697,1.22905,0.00,5.00,-0.44726,1.36360,25.25402
-0.50521,6.44031,-3.51747,3.21746,-0.96798,1.36215,-0.97407,1.35936,0.00,5.00,-0.50521,1.44031,25.25812
-0.49671,6.48639,0.71991,1.21123,-0.17733,1.04384,-0.17289,1.03435,0.00,5.00,-0.49671,1.48639,25.25169
-0.49100,6.54629,-0.63876,2.70806,-0.41913,1.33083,-0.42500,1.32920,0.00,5.00,-0.49100,1.54629,25.25493
-0.48299,6.51140,1.49500,-3.63368,-0.02802,0.21446,-0.01970,0.20051,0.00,5.00,-0.48299,1.51140,25.24762
-0.45519,6.49040,1.33311,-2.70387,-0.03032,0.36343,-0.03262,0.35160,0.00,5.00,-0.45519,1.49040,25.24794
-0.46982,6.47556,-1.22558,1.01062,-0.34412,0.33846,-0.35052,0.33795,0.00,5.00,-0.45486,1.46173,25.24837
-0.44071,6.52797,1.02429,1.63742,-0.07937,1.13966,-0.08163,1.13190,0.00,5.00,-0.44071,1.52797,25.25241
-0.44598,6.54832,-0.03369,1.47003,-0.28613,1.11048,-0.28244,1.11386,0.00,5.00,-0.44598,1.54832,25.25253
-0.41795,6.54435,0.79869,-2.05252,0.15905,1.26274,0.16814,1.26585,0.00,5.00,-0.42400,1.56442,25.25373
-0.35725,6.48911,3.10995,-3.05124,0.35389,0.29185,0.35642,0.29009,0.00,5.00,-0.35725,1.48911,25.24827
-0.35209,6.46914,-0.21244,-2.73315,-0.01174,0.42293,-0.01921,0.42561,0.00,5.00,-0.35209,1.46914,25.24816
-0.34558,6.46749,0.65188,2.53681,-0.09678,1.24510,-0.09248,1.25575,0.00,5.00,-0.34558,1.46749,25.25356
-0.34103,6.46087,0.11752,-0.80491,-0.18888,0.66899,-0.18808,0.66753,0.00,5.00,-0.34103,1.46087,25.24931
-0.28603,6.39882,2.39555,-3.70496,0.26937,0.13148,0.26775,0.12573,0.00,5.00,-0.28603,1.39882,25.24780
-0.24611,6.36012,2.53252,0.12813,0.31527,0.76126,0.31899,0.77502,0.00,5.00,-0.24611,1.36012,25.25016
-0.21302,6.34124,1.93002,-0.71557,0.17562,0.47757,0.17277,0.47178,0.00,5.00,-0.23567,1.34866,25.24843
-0.20570,6.36534,-0.63498,1.07931,-0.23879,0.94574,-0.24529,0.94431,0.00,5.00,-0.20570,1.36534,25.25112
-0.21035,6.26834,-0.27249,-6.64488,-0.18243,-0.44759,-0.17973,-0.46093,0.00,5.00,-0.21035,1.26834,25.24840
-0.19291,6.22497,1.42059,-1.02383,0.14240,0.48852,0.14475,0.49871,0.00,5.00,-0.19291,1.22497,25.24850
-0.17529,6.23800,2.28506,2.57688,0.30757,1.12305,0.31831,1.13581,0.00,5.00,-0.17529,1.23800,25.25280
-0.15811,6.22860,-0.13310,-2.16489,0.21009,0.46342,0.20810,0.44996,0.00,5.00,-0.15811,1.22860,25.24840
-0.16278,6.21988,-0.66126,0.41614,-0.21999,0.75168,-0.22312,0.74783,0.00,5.00,-0.16278,1.21988,25.24980
-0.15112,6.20844,0.45995,0.26754,-0.00528,0.71070,-0.00764,0.71551,0.00,5.00,-0.15112,1.20844,25.24943
-0.15865,6.23064,-2.02497,0.48058,-0.46919,0.76937,-0.47401,0.76502,0.00,5.00,-0.15865,1.23064,25.25057
-0.18739,6.25109,0.26560,2.41752,-0.07219,1.10575,-0.06643,1.11521,0.00,5.00,-0.18739,1.25109,25.25226
-0.22588,6.28322,-2.46246,1.55691,-0.59339,0.98171,-0.59843,0.98234,0.00,5.00,-0.22588,1.28322,25.25253
-0.26250,6.33050,-1.44877,1.14307,-0.43321,0.94479,-0.43188,0.93616,0.00,5.00,-0.26250,1.33051,25.25154
-0.29577,6.39345,-3.38380,4.07059,-0.80672,1.47589,-0.82096,1.48270,0.00,5.00,-0.29577,1.39345,25.25842
-0.31658,6.44525,-0.55628,3.28442,-0.64907,1.21343,-0.64586,1.20807,0.00,5.00,-0.31495,1.41613,25.25464
-0.34273,6.48110,-2.48377,1.40503,-0.66575,1.06858,-0.67546,1.06519,0.00,5.00,-0.34273,1.48110,25.25355
-0.35933,6.43954,-1.33314,-1.45922,-0.59497,0.11254,-0.59353,0.09302,0.00,5.00,-0.35933,1.43954,25.24885
-0.42385,6.47046,-3.26187,4.05809,-0.87191,1.50773,-0.87871,1.52303,0.00,5.00,-0.42385,1.47046,25.25925
-0.45488,6.52639,-0.64125,5.45636,-0.41689,1.77958,-0.40759,1.79860,0.00,5.00,-0.45488,1.52639,25.26051
-0.47021,6.58186,-3.01373,2.11062,-0.55148,1.83737,-0.55422,1.83855,0.00,5.00,-0.45488,1.52639,25.26159
-0.56023,6.61293,-2.83124,0.09815,-0.87464,0.91362,-0.87277,0.90945,0.00,5.00,-0.56023,1.61293,25.25353
-0.57031,6.59518,-1.61754,-2.12307,-0.61869,0.54053,-0.61346,0.53291,0.00,5.00,-0.57031,1.59518,25.24999
-0.59344,6.59579,0.22372,4.13249,-0.33221,1.58487,-0.32902,1.60561,0.00,5.00,-0.59344,1.59579,25.25778
-0.63697,6.61909,-3.59560,0.49755,-1.05186,0.98972,-1.06347,0.98260,0.00,5.00,-0.63697,1.61909,25.25546
-0.66318,6.70759,-2.55384,2.32608,-0.88325,1.36570,-0.89143,1.35135,0.00,5.00,-0.66318,1.70759,25.25746
-0.68915,6.72162,-1.02440,-0.02685,-2.02526,3.65252,-2.05094,3.70345,2.00,0.00,-2.68915,6.72162,25.31332
-0.67162,6.72049,1.11558,0.31811,-1.69351,3.78803,-1.68674,3.79079,2.00,0.00,-2.68037,6.71700,25.31153
-0.67922,6.69620,-0.67246,-0.48993,-1.95725,3.60387,-1.96017,3.60931,2.00,0.00,-2.67922,6.69620,25.30967
-0.69743,6.66144,-0.89560,-2.28060,-1.98323,3.28261,-1.98034,3.27863,2.00,0.00,-2.69743,6.66144,25.30161
-0.70336,6.58474,-0.57562,-5.29811,-1.87017,2.72052,-1.86762,2.71121,2.00,0.00,-2.70336,6.58474,25.28773
-0.67260,6.39584,2.36998,-9.39362,-1.24286,1.89344,-1.23406,1.89371,2.00,0.00,-2.67260,6.39584,25.26680
-0.64019,6.32622,0.06121,-5.31771,-0.95829,3.20689,-0.95248,3.23370,2.00,0.00,-2.64079,6.38391,25.29069
-0.64012,6.15732,0.61936,-8.40864,-1.58332,1.82373,-1.58141,1.80833,2.00,0.00,-2.64283,6.23725,25.26919
-0.55086,5.92766,4.04742,-12.80744,-0.82566,1.04810,-0.82253,1.03868,2.00,0.00,-2.55086,5.92766,25.25417
-0.42607,5.65869,7.79434,-13.11870,-0.05726,0.83106,-0.04644,0.83566,2.00,0.00,-2.42607,5.65869,25.25015
-0.24319,5.37066,8.95808,-14.39557,0.28275,0.45248,0.28170,0.45288,2.00,0.00,-2.24319,5.37066,25.24855
-0.08398,5.12942,6.60684,-12.25193,0.53429,0.73557,0.53943,0.74135,2.00,0.00,-2.14885,5.25297,25.25068
0.11939,4.83268,11.30556,-16.08930,0.92779,-0.13494,0.93798,-0.14118,2.00,0.00,-1.88061,4.83268,25.25092
0.37004,4.59460,13.27873,-12.60074,1.45170,0.34067,1.45753,0.33730,2.00,0.00,-1.62996,4.59460,25.25605
0.61377,4.39544,14.08632,-8.30189,1.08879,0.37429,1.08138,0.37498,2.00,0.00,-1.52226,4.47849,25.25249
0.82679,4.15360,10.46757,-12.09799,1.21969,0.17951,1.21688,0.18137,2.00,0.00,-1.17321,4.15360,25.25328
0.95902,4.01087,14.53429,-10.18807,1.85149,-0.25354,1.86438,-0.26238,2.00,0.00,-1.04098,4.01087,25.26108
1.36802,3.75916,12.69999,-8.01504,2.24466,0.66643,2.24867,0.67141,2.00,0.00,-0.90033,3.91797,25.26852
1.60817,3.67143,14.01443,-2.49879,2.38091,1.57724,2.39616,1.59118,2.00,0.00,-0.39183,3.67143,25.27846
1.71378,3.58248,10.24823,-7.95608,1.74659,0.53730,1.73365,0.51608,2.00,0.00,-0.28622,3.58248,25.26000
2.06097,3.35881,13.58744,-7.15500,2.54904,0.60285,2.55563,0.60541,2.00,0.00,0.06097,3.35881,25.27387
2.27750,3.26485,9.01188,-6.35322,1.85891,0.70378,1.84318,0.69419,2.00,0.00,0.27750,3.26485,25.26229
2.35389,3.22988,3.80702,0.14117,0.94418,1.79798,0.94463,1.81075,2.00,0.00,0.35389,3.22988,25.26334
2.45235,3.19921,3.76806,-2.67499,0.99614,1.31043,0.98703,1.30161,2.00,0.00,0.45235,3.19921,25.25763
2.51794,3.15807,2.42562,0.36503,1.06075,1.05929,1.06207,1.05417,2.00,0.00,0.49535,3.15889,25.25600
2.56564,3.14391,2.20624,-1.28060,0.77040,1.51883,0.76835,1.51494,2.00,0.00,0.56564,3.14391,25.25848
2.50759,3.07345,-3.05299,-4.17993,-0.13328,1.05381,-0.15172,1.04432,2.00,0.00,0.53940,3.10765,25.25174
2.47652,2.98330,-1.21003,-5.91378,0.06588,0.62620,0.06864,0.61601,2.00,0.00,0.47652,2.98330,25.24894
2.43639,2.87534,-2.11935,-5.24440,-0.12378,0.67452,-0.12483,0.67339,2.00,0.00,0.43639,2.87534,25.24926
2.36810,2.80825,-2.45555,-0.92434,-0.67203,0.42105,-0.68322,0.41588,2.00,0.00,0.38781,2.81441,25.24991
2.26907,2.77181,-7.70063,-4.34254,-1.24320,0.79148,-1.26498,0.77353,2.00,0.00,0.26907,2.77181,25.25586
2.20194,2.61047,-1.78321,-9.60306,-0.79063,0.31348,-0.78140,0.30372,2.00,0.00,0.22428,2.70043,25.25016
2.13878,2.45345,-5.31751,-8.41318,-0.15338,0.05131,-0.15206,0.05694,2.00,0.00,0.18794,2.53367,25.24756
2.07312,2.33117,-2.08627,-4.42876,-0.35196,0.50228,-0.34178,0.51500,2.00,0.00,0.07312,2.33117,25.24893
1.97599,2.17451,-5.98371,-10.00495,-1.11359,-0.53229,-1.12404,-0.54726,2.00,0.00,-0.02401,2.17451,25.25345
1.94594,2.07828,-1.33136,-3.81386,-0.28278,0.47511,-0.27995,0.48266,2.00,0.00,-0.05406,2.07828,25.24866
1.89682,1.97992,-4.54504,-7.41628,-0.03380,0.65474,-0.02872,0.65841,2.00,0.00,-0.05307,2.04979,25.24913
1.88323,1.85215,0.07242,-5.43875,-0.06509,0.06664,-0.05823,0.07320,2.00,0.00,-0.11677,1.85215,25.24749
1.90934,1.76448,1.25559,-7.08697,0.17704,-0.24515,0.17677,-0.26375,2.00,0.00,-0.09066,1.76448,25.24785
1.92400,1.67480,1.08192,-3.09940,0.14862,0.37340,0.15371,0.38443,2.00,0.00,-0.07600,1.67480,25.24812
1.92045,1.58650,-1.00062,-5.27497,-0.22631,-0.04019,-0.23391,-0.04515,2.00,0.00,-0.07955,1.58650,25.24768
1.91190,1.54044,-1.49062,-0.81126,-0.27209,0.00672,-0.27302,0.00768,2.00,0.00,-0.08810,1.54044,25.24775
1.92518,1.55314,2.66559,4.18941,0.44501,1.57071,0.45594,1.59194,2.00,0.00,-0.07482,1.55314,25.25798
1.93475,1.62127,1.15757,3.03376,0.17348,1.43120,0.17684,1.42766,2.00,0.00,-0.06525,1.62127,25.25541
1.95835,1.62733,2.00747,2.42508,0.35083,1.31652,0.35047,1.32455,2.00,0.00,-0.04165,1.62733,25.25467
1.99979,1.66104,0.89002,-3.66195,0.16651,0.30949,0.16462,0.27837,2.00,0.00,-0.00021,1.66104,25.24786
2.05727,1.70408,5.06749,5.82994,0.98602,1.93425,1.00155,1.96156,2.00,0.00,0.05727,1.70408,25.26590
2.08727,1.77798,-0.91996,3.39193,-0.10111,1.57878,-0.11889,1.57692,2.00,0.00,0.08727,1.77798,25.25708
2.08832,1.82795,1.71876,2.34063,0.36634,1.42370,0.37789,1.42070,2.00,0.00,0.08832,1.82795,25.25576
2.10623,1.88283,-1.25690,1.87995,0.55130,1.72648,0.55508,1.73266,2.00,0.00,0.11843,1.86457,25.26014
2.05637,1.95674,-1.77996,3.27244,-0.30405,1.65663,-0.30093,1.65481,2.00,0.00,0.05637,1.95674,25.25833
2.06414,2.00008,-1.16946,2.36753,-0.17083,1.51969,-0.18014,1.52061,2.00,0.00,0.06414,2.00008,25.25647
2.04772,2.06070,-0.45813,3.11187,-0.18136,1.58742,-0.18158,1.58880,2.00,0.00,0.05003,2.02522,25.25729
2.04726,2.11750,-0.72377,3.00375,-0.10413,1.69684,-0.10724,1.69673,2.00,0.00,0.04726,2.11750,25.25858
2.02411,2.17629,-2.23565,2.54123,0.06801,1.84145,0.07153,1.84440,2.00,0.00,0.04726,2.11750,25.26056
2.00370,2.17087,-1.53067,0.28071,-0.28052,1.24708,-0.28425,1.25015,2.00,0.00,0.00370,2.17087,25.25377
1.93396,2.09492,-4.10245,-5.45744,-0.79618,0.21712,-0.79963,0.20424,2.00,0.00,-0.06604,2.09492,25.25008
1.90216,2.07898,-0.74005,0.76055,-0.20591,1.26975,-0.19940,1.28327,2.00,0.00,-0.09784,2.07898,25.25394
1.87697,2.09331,-0.83498,-1.18318,-0.23403,0.96559,-0.23152,0.95123,2.00,0.00,-0.12303,2.09331,25.25114
1.87247,2.07133,-0.61939,-1.29564,-0.19333,0.92142,-0.19405,0.91941,2.00,0.00,-0.12753,2.07133,25.25085
1.86917,2.05609,-0.56812,-1.92130,-0.18700,0.81032,-0.18626,0.80153,2.00,0.00,-0.13083,2.05609,25.25006
1.85308,1.93817,-0.68937,-6.59303,-0.22220,0.16729,-0.22292,0.15416,2.00,0.00,-0.13885,2.00377,25.24774
1.85552,1.87383,-0.15754,-1.62190,-0.11491,0.73929,-0.11828,0.75308,2.00,0.00,-0.14448,1.87383,25.24969
1.83045,1.85962,-2.15373,-1.38505,-0.50035,0.79234,-0.50477,0.78659,2.00,0.00,-0.16955,1.85962,25.25081
1.77032,1.85288,-2.87498,0.31245,-0.65379,1.06530,-0.65692,1.07087,2.00,0.00,-0.20090,1.85342,25.25350
1.78174,1.86356,0.26490,-1.97132,-0.08402,0.70342,-0.08517,0.68626,2.00,0.00,-0.21826,1.86356,25.24930
1.78099,1.82236,1.29816,-2.13249,-0.35159,0.60865,-0.35705,0.60672,2.00,0.00,-0.23534,1.84507,25.24936
1.78158,1.76449,0.19128,-2.94684,-0.09812,0.46022,-0.09875,0.46076,2.00,0.00,-0.21842,1.76449,25.24831
1.76387,1.75178,-1.44376,-0.89634,-0.40704,0.81667,-0.41399,0.81245,2.00,0.00,-0.23613,1.75178,25.25065
1.75874,1.80556,-0.74440,3.27305,-0.29046,1.56602,-0.29112,1.57135,2.00,0.00,-0.24126,1.80556,25.25727
1.75330,1.82616,-0.80501,0.61690,-0.30218,1.12463,-0.30310,1.11831,2.00,0.00,-0.24670,1.82616,25.25262
1.76137,1.83155,1.19936,1.29817,-0.23904,0.80997,-0.23775,0.80355,2.00,0.00,-0.25037,1.81110,25.25016
1.75957,1.83853,0.31440,0.83380,-0.08983,1.15869,-0.09024,1.16312,2.00,0.00,-0.24043,1.83853,25.25269
1.76017,1.83801,-1.36065,0.18752,-0.39286,1.04983,-0.40216,1.04975,2.00,0.00,-0.23983,1.83801,25.25231
1.73891,1.87265,-0.54873,0.65428,-0.55786,1.63990,-0.56123,1.65194,2.00,0.00,-0.26150,1.87288,25.25912
1.74094,1.80801,0.17811,-4.00618,2.32527,0.30631,2.32730,0.29897,-2.00,0.00,3.74094,1.80801,25.26862
1.72835,1.77998,-0.45996,-1.68007,2.20577,0.69056,2.20819,0.68996,-2.00,0.00,3.72835,1.77998,25.26792
1.77071,1.78370,2.35432,1.77375,2.77688,1.28252,2.78053,1.29420,-2.00,0.00,3.77071,1.78370,25.28292
1.70290,1.73758,-5.78928,-2.72927,1.22132,0.48704,1.20220,0.48373,-2.00,0.00,3.70290,1.73758,25.25390
1.70001,1.78969,-0.78267,3.98041,2.30873,1.82828,2.33092,1.85566,-2.00,0.00,3.70290,1.73758,25.28055
1.59011,1.79789,-7.72869,-1.67049,0.79412,0.70541,0.77518,0.70244,-2.00,0.00,3.59011,1.79789,25.25165
1.52051,1.79831,-2.97697,-0.54005,1.61298,0.90211,1.61799,0.89986,-2.00,0.00,3.52051,1.79831,25.26052
1.46418,1.73406,-3.10439,-1.26548,1.55902,0.72266,1.55643,0.73757,-2.00,0.00,3.46418,1.73406,25.25879
1.36393,1.78869,-6.00247,1.69798,0.97332,1.29351,0.96489,1.28633,-2.00,0.00,3.36393,1.78869,25.25732
1.19092,1.79433,-10.57872,-1.27563,0.73537,1.33556,0.73051,1.33642,-2.00,0.00,3.29595,1.80621,25.25633
0.99930,1.69612,-9.28751,-5.52679,0.11826,-0.02340,0.12158,-0.02855,-2.00,0.00,2.99930,1.69612,25.24752
0.85525,1.60439,-7.86005,-4.74066,0.41730,0.12780,0.42340,0.13088,-2.00,0.00,2.93144,1.65044,25.24821
0.64099,1.59577,-11.98933,-0.15510,-0.07269,0.65458,-0.08029,0.66672,-2.00,0.00,2.75658,1.59500,25.24919
0.39002,1.62108,-14.99941,-0.74759,-1.29776,0.77969,-1.31433,0.76581,-2.00,0.00,2.39002,1.62108,25.25630
0.22309,1.51496,-9.91619,-5.60223,-1.72722,-0.92824,-1.73599,-0.96310,-2.00,0.00,2.39002,1.62108,25.26246
-0.05588,1.36097,-9.62875,-4.17936,-0.58808,0.01619,-0.58876,0.02177,-2.00,0.00,1.94412,1.36097,25.24879
-0.30558,1.37970,-13.03431,2.10116,-1.37931,1.11972,-1.38495,1.13036,-2.00,0.00,1.69442,1.37970,25.25961
-0.59099,1.33928,-15.03809,-2.46428,-1.91317,0.31442,-1.91807,0.30956,-2.00,0.00,1.40901,1.33928,25.26196
-0.75766,1.25584,-8.34266,-4.47934,-0.78501,-0.08580,-0.78131,-0.08889,-2.00,0.00,1.24234,1.25584,25.24984
-0.86519,1.23034,-3.61253,0.97498,-0.63129,-0.00516,-0.62815,-0.00352,-2.00,0.00,1.17209,1.22495,25.24898
-1.06931,1.20961,-9.97667,-1.29370,-1.27849,0.44537,-1.27637,0.44277,-2.00,0.00,0.93069,1.20961,25.25446
-1.27662,1.12538,-7.45988,-3.27362,-0.95972,0.04130,-0.93625,0.04989,-2.00,0.00,0.72338,1.12538,25.25084
-1.38407,1.03528,-6.62382,-7.37505,-0.42662,0.37638,-0.41574,0.38321,-2.00,0.00,0.72338,1.12538,25.24869
-1.48929,1.05302,-6.95946,1.46416,-0.96657,0.83313,-0.97929,0.83863,-2.00,0.00,0.51071,1.05302,25.25381
-1.62169,1.01701,-6.74439,-4.21561,-0.94708,0.75600,-0.94668,0.75443,-2.00,0.00,0.44681,1.06196,25.25307
-1.71193,0.97418,-4.21005,-1.54691,-0.60495,0.26297,-0.60245,0.26837,-2.00,0.00,0.28807,0.97418,25.24913
-1.73913,1.03395,-1.31445,3.65177,-0.11229,0.95545,-0.10224,0.96958,-2.00,0.00,0.27466,0.99969,25.25111
-1.81293,1.10263,-3.64180,5.14880,-0.61669,0.92580,-0.62755,0.92008,-2.00,0.00,0.22033,1.05289,25.25221
-1.85789,1.14281,-1.31188,0.82880,-0.16362,0.78656,-0.15624,0.77740,-2.00,0.00,0.14211,1.14281,25.24988
-1.85059,1.12659,0.02432,-2.57501,0.09873,0.18583,0.09617,0.17283,-2.00,0.00,0.14941,1.12659,25.24761
-1.83276,1.20219,-0.64695,2.52915,-0.00505,1.11645,-0.01726,1.10769,-2.00,0.00,0.16724,1.20219,25.25218
-1.86373,1.33063,-0.58805,7.73368,-0.53847,1.57580,-0.54936,1.58518,-2.00,0.00,0.13373,1.25142,25.25824
-1.82033,1.48494,3.01557,7.46748,0.68515,2.12929,0.69166,2.12682,-2.00,0.00,0.17967,1.48494,25.26658
-1.80509,1.57493,-0.27120,3.56942,0.07594,1.50348,0.07058,1.49571,-2.00,0.00,0.19491,1.57493,25.25608
-1.78726,1.65080,2.12187,2.62996,0.11683,1.72863,0.11766,1.73323,-2.00,0.00,0.19029,1.62400,25.25907
-1.78843,1.71482,-0.93809,4.79439,-0.03700,1.77756,-0.04485,1.78713,-2.00,0.00,0.21157,1.71482,25.25975
-1.76476,1.79960,3.07312,4.02438,0.71424,1.70151,0.72863,1.69915,-2.00,0.00,0.23524,1.79960,25.26052
-1.78203,1.90340,-2.17492,3.70744,-0.26469,1.70982,-0.27465,1.70135,-2.00,0.00,0.21797,1.90340,25.25887
-1.81486,1.92487,-0.46122,3.06200,0.01862,1.58666,0.02879,1.60045,-2.00,0.00,0.18514,1.92487,25.25731
-1.76798,1.93542,2.24993,-0.45119,0.52256,1.28471,0.53284,1.27855,-2.00,0.00,0.20317,1.93584,25.25481
-1.76336,1.94325,0.45066,1.28248,0.23332,1.29587,0.23148,1.29947,-2.00,0.00,0.23664,1.94325,25.25416
-1.74890,2.00410,1.51938,1.51992,0.43603,1.38319,0.44139,1.37458,-2.00,0.00,0.25110,2.00410,25.25546
-1.73848,1.99238,0.77505,-0.90372,0.30158,0.94845,0.30585,0.94428,-2.00,0.00,0.26152,1.99238,25.25124
-1.72778,1.98105,-0.32064,-1.35064,0.11474,0.86272,0.10826,0.85985,-2.00,0.00,0.27222,1.98105,25.25035
-1.70274,1.96515,0.77620,0.83815,0.46320,0.67628,0.47032,0.67247,-2.00,0.00,0.29213,1.95688,25.25004
-1.66632,1.93040,2.22186,-3.69997,0.61282,0.43403,0.61651,0.42073,-2.00,0.00,0.33368,1.93040,25.24960
-1.60415,1.88021,2.24183,-0.98186,0.95303,0.27160,0.95997,0.26828,-2.00,0.00,0.37382,1.88223,25.25128
-1.56279,1.79673,1.78560,-5.42494,0.60250,0.05439,0.59850,0.04494,-2.00,0.00,0.43721,1.79673,25.24884
-1.49807,1.76904,3.18559,0.22242,0.90322,1.00685,0.90417,1.01750,-2.00,0.00,0.50193,1.76904,25.25454
-1.44445,1.72412,2.86377,-1.83492,0.79449,0.54255,0.79227,0.53307,-2.00,0.00,0.52874,1.74658,25.25096
-1.38853,1.72983,2.52062,-0.87945,0.84762,0.80931,0.84541,0.80313,-2.00,0.00,0.61147,1.72983,25.25266
-1.38945,1.69259,0.23882,-2.05123,0.41886,0.57923,0.41974,0.57765,-2.00,0.00,0.61055,1.69259,25.24942
-1.37548,1.69602,-0.38503,-0.34133,0.31982,0.88205,0.31367,0.87872,-2.00,0.00,0.62452,1.69602,25.25080
-1.34830,1.67382,1.31995,-1.60249,0.64635,0.64858,0.64593,0.64574,-2.00,0.00,0.65170,1.67382,25.25066
-1.33255,1.68302,0.63064,-0.33382,0.52982,0.87699,0.52910,0.87279,-2.00,0.00,0.66745,1.68302,25.25145
-1.37061,1.63081,-2.29743,-2.09055,-0.03660,0.53418,-0.03904,0.53662,-2.00,0.00,0.62939,1.63081,25.24857
-1.39487,1.56566,-0.48251,-2.61869,0.27689,0.40247,0.28228,0.40814,-2.00,0.00,0.60513,1.56566,25.24841
-1.44219,1.58312,-3.38871,0.70240,-0.28040,0.99980,-0.28691,0.99884,-2.00,0.00,0.55781,1.58312,25.25161
-1.46529,1.62082,-0.71942,2.51187,0.19347,1.33010,0.19756,1.33616,-2.00,0.00,0.53471,1.62082,25.25447
-1.49539,1.64041,-3.42057,1.27252,-0.20463,1.26182,-0.21276,1.26042,-2.00,0.00,0.50461,1.64041,25.25374
-1.56494,1.65943,-1.69129,-0.73377,-0.04673,0.79871,-0.04624,0.78985,-2.00,0.00,0.43506,1.65943,25.24987
-1.63130,1.61098,-3.61558,-0.90242,-0.35203,0.25737,-0.35826,0.24632,-2.00,0.00,0.40054,1.62225,25.24819
-1.68882,1.58277,-2.00498,-1.57559,-0.18781,0.59916,-0.18053,0.60014,-2.00,0.00,0.31118,1.58277,25.24897
-1.76483,1.57178,-4.28808,-0.72942,-0.64801,0.74420,-0.65171,0.74202,-2.00,0.00,0.23517,1.57178,25.25120
-1.82020,1.58879,-2.81067,0.52994,-0.41232,0.97479,-0.41261,0.97179,-2.00,0.00,0.17980,1.58879,25.25174
-1.87458,1.54650,-2.34436,-2.00930,-0.36095,0.50381,-0.35745,0.50417,-2.00,0.00,0.12542,1.54650,25.24893
-1.92174,1.51743,-1.71749,-0.63185,-0.43477,0.34460,-0.43627,0.34135,-2.00,0.00,0.09652,1.51773,25.24864
-1.95737,1.48691,-1.70811,-1.38622,-0.29278,0.57926,-0.29059,0.58022,-2.00,0.00,0.04263,1.48691,25.24908
-1.97057,1.48401,-0.34251,-0.66879,-0.04916,0.70605,-0.04548,0.70416,-2.00,0.00,0.02943,1.48401,25.24937
-2.01044,1.43694,-1.83681,-1.53744,-0.46078,0.34250,-0.46918,0.33508,-2.00,0.00,0.00652,1.45560,25.24874
-2.02765,1.41805,-0.04688,0.30376,-0.03143,0.82985,-0.02577,0.83782,-2.00,0.00,-0.02765,1.41805,25.25016
-2.02735,1.37107,-0.22939,-3.20120,0.05773,0.50887,0.05954,0.50232,-2.00,0.00,-0.03109,1.40265,25.24844
-2.03545,1.31870,-0.61375,-1.91625,-0.13400,0.39002,-0.13545,0.39441,-2.00,0.00,-0.03545,1.31870,25.24813
-2.02858,1.32069,0.20621,-0.54380,0.02267,0.63745,0.02068,0.63567,-2.00,0.00,-0.02858,1.32069,25.24902
-1.99526,1.36755,1.32184,3.02681,0.25123,1.28141,0.25057,1.28615,-2.00,0.00,0.00474,1.36755,25.25406
