0.62,-0.63,  	0.68,0.12,  	0.62,-0.63,0.00,25.25
0.64,-0.62,  	0.67,0.01,  	0.64,-0.62,0.00,25.25
0.67,-0.59,  	0.67,-0.00,  	0.67,-0.59,0.00,25.25
0.69,-0.61,  	0.65,-0.36,  	0.69,-0.61,0.00,25.25
0.72,-0.61,  	0.69,-0.33,  	0.72,-0.61,0.00,25.25
0.73,-0.62,  	0.50,-0.49,  	0.73,-0.62,0.00,25.25
0.76,-0.60,  	0.60,0.09,  	0.76,-0.60,0.00,25.25
0.78,-0.56,  	0.70,0.38,  	0.78,-0.56,0.00,25.25
0.78,-0.56,  	0.32,-0.20,  	0.78,-0.56,0.00,25.25
0.78,-0.55,  	0.29,-0.12,  	0.78,-0.55,0.00,25.25
0.76,-0.50,  	0.00,0.45,  	0.76,-0.50,0.00,25.25
0.74,-0.45,  	0.08,0.59,  	0.74,-0.45,0.00,25.25
0.74,-0.44,  	0.27,-0.02,  	0.74,-0.44,0.00,25.25
0.73,-0.40,  	0.20,0.46,  	0.73,-0.40,0.00,25.25
0.73,-0.40,  	0.32,-0.08,  	0.73,-0.40,0.00,25.25
0.73,-0.40,  	0.39,-0.16,  	0.73,-0.40,0.00,25.25
0.73,-0.36,  	0.35,0.33,  	0.73,-0.36,0.00,25.25
0.69,-0.39,  	-0.36,-0.54,  	0.69,-0.39,0.00,25.25
0.68,-0.36,  	0.13,0.25,  	0.68,-0.36,0.00,25.25
0.68,-0.36,  	0.30,-0.14,  	0.68,-0.36,0.00,25.25
0.66,-0.41,  	0.05,-0.81,  	0.66,-0.41,0.00,25.25
0.63,-0.43,  	-0.26,-0.53,  	0.63,-0.43,0.00,25.25
0.59,-0.45,  	-0.27,-0.38,  	0.59,-0.45,0.00,25.25
0.55,-0.43,  	-0.15,-0.19,  	0.55,-0.43,0.00,25.25
0.53,-0.43,  	-0.14,-0.24,  	0.53,-0.43,0.00,25.25
0.53,-0.42,  	-0.14,-0.24,  	0.53,-0.43,0.00,25.25
0.53,-0.46,  	0.19,0.05,  	0.53,-0.42,0.00,25.25
0.53,-0.46,  	0.32,-0.80,  	0.53,-0.46,0.00,25.25
0.50,-0.46,  	-0.08,-0.20,  	0.50,-0.46,0.00,25.25
0.50,-0.50,  	-0.11,-0.18,  	0.50,-0.46,0.00,25.25
0.51,-0.48,  	0.06,-0.72,  	0.50,-0.50,0.00,25.25
0.51,-0.44,  	0.36,0.07,  	0.51,-0.48,0.00,25.25
0.50,-0.41,  	0.26,0.36,  	0.51,-0.44,0.00,25.25
0.46,-0.43,  	-0.25,-0.28,  	0.46,-0.43,0.00,25.25
0.43,-0.43,  	-0.28,-0.23,  	0.43,-0.43,0.00,25.25
0.42,-0.42,  	-0.28,-0.22,  	0.43,-0.43,0.00,25.25
0.41,-0.41,  	0.01,-0.08,  	0.42,-0.42,0.00,25.25
0.38,-0.43,  	-0.06,0.02,  	0.41,-0.41,0.00,25.25
0.36,-0.46,  	-0.28,-0.58,  	0.36,-0.46,0.00,25.25
0.34,-0.46,  	-0.08,-0.26,  	0.34,-0.46,0.00,25.25
0.34,-0.39,  	-0.04,-0.21,  	0.34,-0.46,0.00,25.25
0.29,-0.41,  	0.11,0.82,  	0.34,-0.39,0.00,25.25
0.22,-0.43,  	-0.66,-0.48,  	0.29,-0.41,0.00,25.25
0.19,-0.39,  	-0.41,0.30,  	0.19,-0.39,0.00,25.25
0.17,-0.34,  	-0.14,0.59,  	0.17,-0.34,0.00,25.25
0.15,-0.33,  	-0.11,0.62,  	0.17,-0.34,0.00,25.25
0.10,-0.33,  	-0.32,0.13,  	0.15,-0.33,0.00,25.25
0.06,-0.34,  	-0.68,-0.19,  	0.10,-0.33,0.00,25.25
0.04,-0.34,  	-0.40,-0.07,  	0.04,-0.34,0.00,25.25
-0.01,-0.34,  	-0.53,-0.10,  	-0.01,-0.34,0.00,25.25
-0.05,-0.36,  	-0.56,-0.11,  	-0.01,-0.34,0.00,25.25
-0.09,-0.41,  	-0.66,-0.49,  	-0.05,-0.36,0.00,25.25
-0.11,-0.43,  	-0.65,-0.84,  	-0.09,-0.41,0.00,25.25
-0.11,-0.38,  	-0.02,0.33,  	-0.11,-0.38,0.00,25.25
-0.12,-0.38,  	-0.14,-0.07,  	-0.12,-0.38,0.00,25.25
-0.14,-0.38,  	-0.17,-0.15,  	-0.12,-0.38,0.00,25.25
-0.17,-0.32,  	-0.42,-0.08,  	-0.14,-0.38,0.00,25.25
-0.19,-0.34,  	-0.45,0.70,  	-0.17,-0.32,0.00,25.25
-0.19,-0.34,  	-0.44,-0.04,  	-0.19,-0.34,0.00,25.25
-0.22,-0.27,  	-0.17,0.59,  	-0.22,-0.27,0.00,25.25
-0.22,-0.15,  	-0.13,0.68,  	-0.22,-0.27,0.00,25.25
-0.24,-0.10,  	-0.11,1.73,  	-0.22,-0.15,0.00,25.26
-0.28,-0.10,  	-0.47,0.73,  	-0.24,-0.10,0.00,25.25
-0.29,-0.02,  	-0.34,0.93,  	-0.29,-0.02,0.00,25.25
-0.31,0.07,  	-0.33,1.36,  	-0.31,0.07,0.00,25.26
-0.38,0.01,  	-0.33,1.40,  	-0.31,0.07,0.00,25.26
-0.41,0.03,  	-1.17,-0.69,  	-0.38,0.01,0.00,25.26
-0.40,0.17,  	-0.61,0.28,  	-0.41,0.03,0.00,25.25
-0.44,0.19,  	-0.74,0.52,  	-0.44,0.19,0.00,25.25
-0.47,0.22,  	-0.65,0.52,  	-0.47,0.22,0.00,25.25
-0.51,0.21,  	-0.62,0.55,  	-0.47,0.22,0.00,25.25
-0.54,0.27,  	-0.84,-0.01,  	-0.51,0.21,0.00,25.25
-0.55,0.31,  	-0.62,0.91,  	-0.54,0.27,0.00,25.25
-0.57,0.37,  	-0.40,1.05,  	-0.57,0.37,0.00,25.25
-0.59,0.39,  	-0.66,0.54,  	-0.59,0.39,0.00,25.25
-0.63,0.46,  	-0.69,0.45,  	-0.59,0.39,0.00,25.25
-0.63,0.44,  	-0.78,1.23,  	-0.63,0.46,0.00,25.26
-0.64,0.51,  	-0.35,-0.10,  	-0.63,0.44,0.00,25.25
-0.63,0.58,  	-0.16,1.26,  	-0.63,0.58,0.00,25.25
-0.64,0.51,  	-0.43,-0.55,  	-0.64,0.51,0.00,25.25
-0.64,0.45,  	-0.48,-0.82,  	-0.64,0.51,0.00,25.25
-0.64,0.44,  	-0.35,-0.65,  	-0.64,0.45,0.00,25.25
-0.66,0.44,  	-0.20,-0.04,  	-0.64,0.44,0.00,25.25
-0.70,0.41,  	-0.79,-0.22,  	-0.70,0.41,0.00,25.25
-0.71,0.39,  	-0.55,-0.08,  	-0.71,0.39,0.00,25.25
-0.71,0.40,  	-0.51,-0.05,  	-0.71,0.39,0.00,25.25
-0.68,0.45,  	-0.32,0.24,  	-0.71,0.40,0.00,25.25
-0.66,0.45,  	0.13,0.82,  	-0.68,0.45,0.00,25.25
-0.67,0.48,  	-0.39,0.68,  	-0.67,0.48,0.00,25.25
-0.67,0.51,  	-0.31,0.65,  	-0.67,0.51,0.00,25.25
-0.62,0.58,  	-0.29,0.64,  	-0.67,0.51,0.00,25.25
-0.62,0.59,  	0.50,1.16,  	-0.62,0.58,0.00,25.25
-0.59,0.62,  	-0.14,0.59,  	-0.62,0.59,0.00,25.25
-0.59,0.62,  	-0.10,0.49,  	-0.59,0.62,0.00,25.25
-0.55,0.68,  	0.19,0.91,  	-0.55,0.68,0.00,25.25
-0.51,0.67,  	0.23,0.97,  	-0.55,0.68,0.00,25.25
-0.52,0.64,  	0.44,0.21,  	-0.51,0.67,0.00,25.25
-0.56,0.66,  	-0.26,-0.29,  	-0.52,0.64,0.00,25.25
-0.59,0.64,  	-0.69,0.06,  	-0.59,0.64,0.00,25.25
-0.58,0.65,  	-0.20,0.36,  	-0.58,0.65,0.00,25.25
-0.58,0.60,  	-0.13,0.42,  	-0.58,0.65,0.00,25.25
-0.57,0.58,  	-0.20,-0.47,  	-0.58,0.60,0.00,25.25
-0.54,0.64,  	-0.06,-0.03,  	-0.57,0.58,0.00,25.25
-0.54,0.61,  	-0.12,-0.03,  	-0.54,0.61,0.00,25.25
-0.55,0.57,  	-0.29,-0.29,  	-0.55,0.57,0.00,25.25
-0.57,0.55,  	-0.31,-0.30,  	-0.55,0.57,0.00,25.25
-0.57,0.57,  	-0.67,-0.19,  	-0.57,0.55,0.00,25.25
-0.53,0.52,  	-0.15,0.60,  	-0.57,0.57,0.00,25.25
-0.49,0.51,  	0.41,-0.02,  	-0.49,0.51,0.00,25.25
-0.48,0.46,  	-0.00,-0.47,  	-0.48,0.46,0.00,25.25
-0.47,0.40,  	-0.07,-0.55,  	-0.48,0.46,0.00,25.25
-0.44,0.36,  	0.06,-0.72,  	-0.47,0.40,0.00,25.25
-0.44,0.37,  	0.17,-0.49,  	-0.44,0.36,0.00,25.25
-0.45,0.37,  	-0.30,0.15,  	-0.45,0.37,0.00,25.25
-0.45,0.35,  	-0.32,0.14,  	-0.45,0.37,0.00,25.25
-0.43,0.29,  	-0.25,-0.07,  	-0.45,0.35,0.00,25.25
-0.39,0.31,  	0.17,-0.69,  	-0.43,0.29,0.00,25.25
-0.41,0.25,  	0.31,0.26,  	-0.39,0.31,0.00,25.25
-0.41,0.20,  	-0.29,-0.63,  	-0.41,0.20,0.00,25.25
-0.42,0.15,  	-0.28,-0.72,  	-0.42,0.15,0.00,25.25
-0.42,0.15,  	-0.27,-0.74,  	-0.42,0.15,0.00,25.25
-0.37,0.20,  	-0.15,-0.06,  	-0.42,0.15,0.00,25.25
-0.33,0.16,  	0.57,0.70,  	-0.37,0.20,0.00,25.25
-0.34,0.15,  	-0.25,-0.13,  	-0.34,0.15,0.00,25.25
-0.36,0.14,  	-0.38,-0.09,  	-0.36,0.14,0.00,25.25
-0.34,0.14,  	-0.38,-0.09,  	-0.36,0.14,0.00,25.25
-0.33,0.14,  	0.05,0.10,  	-0.34,0.14,0.00,25.25
-0.36,0.10,  	0.11,-0.02,  	-0.33,0.14,0.00,25.25
-0.36,0.03,  	-0.16,-0.96,  	-0.36,0.03,0.00,25.25
-0.36,-0.04,  	-0.08,-1.05,  	-0.36,-0.04,0.00,25.25
-0.34,-0.03,  	-0.08,-1.05,  	-0.36,-0.04,0.00,25.25
-0.33,0.03,  	0.26,0.09,  	-0.34,-0.03,0.00,25.25
-0.31,0.09,  	-0.02,0.78,  	-0.33,0.03,0.00,25.25
-0.32,0.13,  	-0.19,0.56,  	-0.32,0.13,0.00,25.25
-0.31,0.17,  	0.09,0.67,  	-0.31,0.17,0.00,25.25
-0.28,0.27,  	0.14,0.70,  	-0.31,0.17,0.00,25.25
-0.31,0.33,  	0.25,1.53,  	-0.28,0.27,0.00,25.26
-0.34,0.37,  	-0.57,1.12,  	-0.31,0.33,0.00,25.25
-0.36,0.34,  	-0.51,0.82,  	-0.34,0.37,0.00,25.25
-0.35,0.37,  	-0.49,-0.24,  	-0.36,0.34,0.00,25.25
-0.35,0.48,  	0.06,0.47,  	-0.35,0.37,0.00,25.25
-0.38,0.56,  	-0.08,1.77,  	-0.35,0.48,0.00,25.26
-0.40,0.66,  	-0.57,1.48,  	-0.38,0.56,0.00,25.26
-0.43,0.78,  	-0.66,2.01,  	-0.43,0.78,0.00,25.26
-0.47,0.92,  	-0.73,2.42,  	-0.47,0.92,0.00,25.27
-0.55,1.01,  	-0.73,2.47,  	-0.47,0.92,0.00,25.27
-0.57,1.12,  	-1.36,1.81,  	-0.55,1.01,0.00,25.27
-0.59,1.20,  	-0.56,1.99,  	-0.57,1.12,0.00,25.26
-0.63,1.22,  	-0.75,0.97,  	-0.63,1.22,0.00,25.25
-0.68,1.18,  	-0.92,0.11,  	-0.68,1.18,0.00,25.25
-0.71,1.16,  	-0.95,0.00,  	-0.68,1.18,0.00,25.25
-0.76,1.14,  	-0.84,0.07,  	-0.71,1.16,0.00,25.25
-0.83,1.17,  	-0.96,0.21,  	-0.76,1.14,0.00,25.25
-0.90,1.19,  	-1.49,0.72,  	-0.90,1.19,0.00,25.26
-0.99,1.20,  	-1.61,0.71,  	-0.99,1.20,0.00,25.26
-1.03,1.25,  	-1.62,0.72,  	-0.99,1.20,0.00,25.26
-1.06,1.30,  	-1.05,1.30,  	-1.03,1.25,0.00,25.26
-1.10,1.23,  	-0.84,1.19,  	-1.06,1.30,0.00,25.26
-1.11,1.18,  	-0.71,-0.42,  	-1.11,1.18,0.00,25.25
-1.12,1.09,  	-0.61,-0.68,  	-1.12,1.09,0.00,25.25
-1.15,0.99,  	-0.60,-0.71,  	-1.12,1.09,0.00,25.25
-1.20,0.87,  	-0.93,-1.11,  	-1.15,0.99,0.00,25.26
-1.22,0.84,  	-1.31,-1.48,  	-1.20,0.87,0.00,25.26
-1.22,0.76,  	-0.65,-0.82,  	-1.22,0.76,0.00,25.25
-1.24,0.68,  	-0.73,-0.92,  	-1.24,0.68,0.00,25.25
-1.26,0.61,  	-0.74,-0.92,  	-1.24,0.68,0.00,25.25
-1.25,0.56,  	-0.82,-0.82,  	-1.26,0.61,0.00,25.25
-1.24,0.53,  	-0.40,-0.40,  	-1.25,0.56,0.00,25.25
-1.24,0.53,  	-0.28,-0.31,  	-1.24,0.53,0.00,25.25
-1.17,0.41,  	0.28,-0.87,  	-1.17,0.41,0.00,25.25
-1.10,0.36,  	0.36,-0.95,  	-1.17,0.41,0.00,25.25
-0.99,0.34,  	0.53,-0.69,  	-1.10,0.36,0.00,25.25
-0.96,0.31,  	1.13,-0.14,  	-0.99,0.34,0.00,25.25
-0.92,0.28,  	0.09,-0.36,  	-0.96,0.31,0.00,25.25
-0.90,0.22,  	0.23,-0.30,  	-0.92,0.28,0.00,25.25
-0.88,0.12,  	-0.03,-0.81,  	-0.90,0.22,0.00,25.25
-0.85,0.10,  	-0.12,-1.38,  	-0.88,0.12,0.00,25.26
-0.80,0.04,  	0.14,-0.27,  	-0.85,0.10,0.00,25.25
-0.77,0.00,  	0.19,-0.70,  	-0.77,0.00,0.00,25.25
-0.73,0.00,  	0.35,-0.03,  	-0.73,0.00,0.00,25.25
-0.71,-0.05,  	0.37,0.07,  	-0.73,0.00,0.00,25.25
-0.68,-0.07,  	0.02,-0.65,  	-0.71,-0.05,0.00,25.25
-0.63,-0.04,  	0.15,-0.41,  	-0.68,-0.07,0.00,25.25
-0.57,0.03,  	0.72,0.95,  	-0.57,0.03,0.00,25.25
-0.50,0.08,  	0.82,0.89,  	-0.50,0.08,0.00,25.25
-0.43,0.16,  	0.83,0.87,  	-0.50,0.08,0.00,25.25
-0.39,0.22,  	0.79,1.25,  	-0.43,0.16,0.00,25.26
-0.37,0.18,  	0.41,1.01,  	-0.39,0.22,0.00,25.25
-0.38,0.19,  	0.19,-0.57,  	-0.37,0.18,0.00,25.25
-0.38,0.24,  	-0.26,0.22,  	-0.38,0.19,0.00,25.25
-0.41,0.27,  	-0.28,0.90,  	-0.38,0.24,0.00,25.25
-0.41,0.29,  	-0.51,0.59,  	-0.41,0.27,0.00,25.25
-0.37,0.39,  	-0.24,0.40,  	-0.41,0.29,0.00,25.25
-0.37,0.39,  	-0.06,1.71,  	-0.37,0.39,0.00,25.26
-0.37,0.64,  	-0.17,2.22,  	-0.37,0.64,0.00,25.27
-0.37,0.74,  	-0.17,2.28,  	-0.37,0.64,0.00,25.27
-0.36,0.83,  	-0.23,1.88,  	-0.37,0.74,0.00,25.26
-0.36,0.97,  	-0.05,1.70,  	-0.36,0.83,0.00,25.26
-0.36,0.97,  	-0.20,0.97,  	-0.36,0.97,0.00,25.25
-0.40,0.96,  	-0.61,0.10,  	-0.40,0.96,0.00,25.25
-0.38,0.99,  	-0.66,-0.00,  	-0.40,0.96,0.00,25.25
-0.38,0.96,  	0.15,0.90,  	-0.38,0.99,0.00,25.25
-0.45,0.90,  	-0.09,-0.08,  	-0.38,0.96,0.00,25.25
-0.56,0.87,  	-1.69,-0.12,  	-0.56,0.87,0.00,25.26
-0.61,0.86,  	-1.12,0.14,  	-0.61,0.86,0.00,25.25
-0.66,0.86,  	-1.03,0.17,  	-0.61,0.86,0.00,25.25
-0.72,0.85,  	-1.01,0.33,  	-0.66,0.86,0.00,25.25
-0.75,0.89,  	-1.22,0.09,  	-0.72,0.85,0.00,25.25
-0.78,0.85,  	-0.82,0.01,  	-0.78,0.85,0.00,25.25
-0.76,0.85,  	-0.09,0.24,  	-0.76,0.85,0.00,25.25
-0.78,0.85,  	0.02,0.29,  	-0.76,0.85,0.00,25.25
-0.80,0.85,  	-0.58,0.28,  	-0.78,0.85,0.00,25.25
-0.80,0.76,  	-0.73,0.24,  	-0.80,0.85,0.00,25.25
-0.78,0.66,  	-0.04,-1.22,  	-0.78,0.66,0.00,25.25
-0.76,0.60,  	0.00,-0.69,  	-0.76,0.60,0.00,25.25
-0.78,0.56,  	-0.00,-0.60,  	-0.76,0.60,0.00,25.25
-0.83,0.50,  	-0.60,-0.45,  	-0.78,0.56,0.00,25.25
-0.85,0.52,  	-1.10,-0.68,  	-0.83,0.50,0.00,25.25
-0.85,0.54,  	-0.50,0.57,  	-0.85,0.52,0.00,25.25
-0.85,0.59,  	-0.45,0.40,  	-0.85,0.54,0.00,25.25
-0.82,0.64,  	-0.45,1.09,  	-0.85,0.59,0.00,25.25
-0.80,0.66,  	0.20,0.96,  	-0.82,0.64,0.00,25.25
-0.75,0.74,  	-0.05,0.52,  	-0.80,0.66,0.00,25.25
-0.70,0.78,  	0.40,0.87,  	-0.70,0.78,0.00,25.25
-0.70,0.72,  	-0.22,-0.27,  	-0.70,0.72,0.00,25.25
-0.67,0.73,  	-0.32,-0.42,  	-0.70,0.72,0.00,25.25
-0.69,0.73,  	0.11,0.47,  	-0.67,0.73,0.00,25.25
-0.68,0.73,  	-0.57,0.17,  	-0.69,0.73,0.00,25.25
-0.68,0.73,  	0.27,0.02,  	-0.68,0.73,0.00,25.25
-0.64,0.75,  	-0.15,0.86,  	-0.64,0.75,0.00,25.25
-0.66,0.81,  	-0.22,0.99,  	-0.64,0.75,0.00,25.25
-0.67,0.80,  	-0.65,1.17,  	-0.66,0.81,0.00,25.25
-0.70,0.79,  	-0.43,0.26,  	-0.67,0.80,0.00,25.25
-0.70,0.79,  	-0.30,-0.11,  	-0.70,0.79,0.00,25.25
-0.66,0.76,  	0.23,0.23,  	-0.66,0.76,0.00,25.25
-0.64,0.73,  	0.30,0.29,  	-0.66,0.76,0.00,25.25
-0.59,0.73,  	0.02,-0.01,  	-0.64,0.73,0.00,25.25
-0.62,0.69,  	0.45,0.33,  	-0.59,0.73,0.00,25.25
-0.62,0.72,  	-0.45,0.56,  	-0.62,0.72,0.00,25.25
-0.66,0.69,  	-0.80,-0.02,  	-0.66,0.69,0.00,25.25
-0.69,0.66,  	-0.85,-0.13,  	-0.66,0.69,0.00,25.25
-0.65,0.69,  	-0.57,-0.23,  	-0.69,0.66,0.00,25.25
-0.64,0.66,  	0.12,0.74,  	-0.65,0.69,0.00,25.25
-0.62,0.69,  	0.02,0.67,  	-0.62,0.69,0.00,25.25
-0.62,0.67,  	-0.15,0.09,  	-0.62,0.67,0.00,25.25
-0.59,0.75,  	-0.18,-0.01,  	-0.62,0.67,0.00,25.25
-0.57,0.77,  	0.23,1.31,  	-0.59,0.75,0.00,25.26
-0.58,0.76,  	0.10,0.67,  	-0.57,0.77,0.00,25.25
-0.57,0.80,  	-0.16,0.94,  	-0.57,0.80,0.00,25.25
-0.54,0.87,  	0.20,1.19,  	-0.54,0.87,0.00,25.25
-0.50,0.97,  	0.25,1.21,  	-0.54,0.87,0.00,25.25
-0.48,0.94,  	0.46,1.82,  	-0.50,0.97,0.00,25.26
-0.48,1.00,  	0.02,0.14,  	-0.48,0.94,0.00,25.25
-0.48,1.01,  	-0.13,0.72,  	-0.48,1.01,0.00,25.25
-0.50,1.00,  	-0.47,0.25,  	-0.50,1.00,0.00,25.25
-0.50,0.98,  	-0.52,0.19,  	-0.50,1.00,0.00,25.25
-0.51,0.94,  	-0.30,0.14,  	-0.50,0.98,0.00,25.25
-0.51,0.97,  	-0.35,-0.12,  	-0.51,0.94,0.00,25.25
-0.53,0.93,  	-0.51,-0.05,  	-0.53,0.93,0.00,25.25
-0.54,0.95,  	-0.35,0.62,  	-0.54,0.95,0.00,25.25
-0.53,0.99,  	-0.32,0.73,  	-0.54,0.95,0.00,25.25
-0.52,1.03,  	-0.06,1.01,  	-0.53,0.99,0.00,25.25
-0.52,0.99,  	-0.04,0.92,  	-0.52,1.03,0.00,25.25
-0.48,0.99,  	0.27,0.39,  	-0.48,0.99,0.00,25.25
-0.45,0.96,  	0.19,0.05,  	-0.45,0.96,0.00,25.25
-0.43,0.94,  	0.16,-0.02,  	-0.45,0.96,0.00,25.25
-0.41,0.86,  	0.27,0.07,  	-0.43,0.94,0.00,25.25
-0.40,0.80,  	-0.00,-0.70,  	-0.41,0.86,0.00,25.25
-0.38,0.75,  	0.05,-0.43,  	-0.38,0.75,0.00,25.25
-0.35,0.76,  	0.33,0.30,  	-0.35,0.76,0.00,25.25
-0.32,0.76,  	0.37,0.41,  	-0.35,0.76,0.00,25.25
-0.32,0.74,  	0.23,0.25,  	-0.32,0.76,0.00,25.25
-0.29,0.76,  	-0.09,0.07,  	-0.32,0.74,0.00,25.25
-0.29,0.77,  	0.38,0.51,  	-0.29,0.76,0.00,25.25
-0.28,0.77,  	-0.08,0.47,  	-0.29,0.77,0.00,25.25
-0.23,0.76,  	0.03,0.31,  	-0.28,0.77,0.00,25.25
-0.20,0.71,  	0.53,0.18,  	-0.23,0.76,0.00,25.25
-0.18,0.66,  	0.42,-0.29,  	-0.20,0.71,0.00,25.25
-0.16,0.60,  	0.18,-0.55,  	-0.16,0.60,0.00,25.25
-0.14,0.63,  	0.23,0.43,  	-0.14,0.63,0.00,25.25
-0.10,0.70,  	0.24,0.58,  	-0.14,0.63,0.00,25.25
-0.05,0.79,  	0.52,1.36,  	-0.10,0.70,0.00,25.26
-0.01,0.91,  	0.77,1.67,  	-0.05,0.79,0.00,25.26
0.01,0.89,  	0.24,0.34,  	0.01,0.89,0.00,25.25
0.02,0.97,  	0.23,1.38,  	0.02,0.97,0.00,25.26
0.04,1.04,  	0.23,1.57,  	0.02,0.97,0.00,25.26
0.06,1.05,  	0.26,1.51,  	0.04,1.04,0.00,25.26
0.06,1.08,  	0.39,0.64,  	0.06,1.05,0.00,25.25
0.06,1.10,  	0.06,0.80,  	0.06,1.10,0.00,25.25
0.06,1.09,  	0.07,0.38,  	0.06,1.09,0.00,25.25
0.04,1.06,  	0.07,0.32,  	0.06,1.09,0.00,25.25
0.02,1.13,  	-0.38,-0.08,  	0.04,1.06,0.00,25.25
-0.03,1.18,  	-0.22,1.58,  	0.02,1.13,0.00,25.26
-0.08,1.22,  	-0.67,1.20,  	-0.08,1.22,0.00,25.25
-0.13,1.20,  	-0.80,0.26,  	-0.13,1.20,0.00,25.25
-0.15,1.19,  	-0.81,0.12,  	-0.13,1.20,0.00,25.25
-0.17,1.22,  	-0.45,0.35,  	-0.15,1.19,0.00,25.25
-0.20,1.21,  	-0.24,0.90,  	-0.17,1.22,0.00,25.25
-0.22,1.20,  	-0.30,0.37,  	-0.22,1.20,0.00,25.25
-0.22,1.16,  	-0.11,-0.00,  	-0.22,1.16,0.00,25.25
-0.22,1.13,  	-0.09,-0.06,  	-0.22,1.16,0.00,25.25
-0.26,1.12,  	-0.02,-0.06,  	-0.22,1.13,0.00,25.25
-0.29,1.15,  	-0.72,0.27,  	-0.26,1.12,0.00,25.25
-0.29,1.15,  	-0.59,0.55,  	-0.29,1.15,0.00,25.25
-0.33,1.18,  	-0.33,0.74,  	-0.33,1.18,0.00,25.25
-0.34,1.13,  	-0.29,0.78,  	-0.33,1.18,0.00,25.25
-0.36,1.15,  	-0.39,-0.03,  	-0.34,1.13,0.00,25.25
-0.42,1.15,  	-0.46,0.70,  	-0.36,1.15,0.00,25.25
-0.44,1.11,  	-0.52,0.01,  	-0.44,1.11,0.00,25.25
-0.43,1.11,  	-0.07,0.36,  	-0.43,1.11,0.00,25.25
-0.45,1.03,  	-0.01,0.42,  	-0.43,1.11,0.00,25.25
-0.46,1.01,  	-0.58,-0.70,  	-0.45,1.03,0.00,25.25
-0.48,1.04,  	-0.32,0.01,  	-0.46,1.01,0.00,25.25
-0.49,1.03,  	-0.40,0.35,  	-0.49,1.03,0.00,25.25
-0.49,1.03,  	-0.30,0.36,  	-0.49,1.03,0.00,25.25
-0.52,0.99,  	-0.29,0.37,  	-0.49,1.03,0.00,25.25
-0.55,1.03,  	-0.71,-0.07,  	-0.52,0.99,0.00,25.25
-0.58,1.01,  	-0.65,0.89,  	-0.55,1.03,0.00,25.25
-0.59,0.98,  	-0.43,-0.04,  	-0.59,0.98,0.00,25.25
-0.62,0.98,  	-0.66,0.38,  	-0.62,0.98,0.00,25.25
-0.64,1.01,  	-0.70,0.45,  	-0.62,0.98,0.00,25.25
-0.66,1.04,  	-0.61,0.85,  	-0.64,1.01,0.00,25.25
-0.71,1.04,  	-0.60,0.81,  	-0.66,1.04,0.00,25.25
-0.71,1.05,  	-0.39,0.66,  	-0.71,1.05,0.00,25.25
-0.68,1.16,  	-0.00,1.95,  	-0.68,1.16,0.00,25.26
-0.71,1.16,  	0.04,2.13,  	-0.68,1.16,0.00,25.27
-0.71,1.18,  	-0.57,0.58,  	-0.71,1.16,0.00,25.25
-0.71,1.17,  	-0.48,0.79,  	-0.71,1.18,0.00,25.25
-0.71,1.17,  	-0.27,0.28,  	-0.71,1.17,0.00,25.25
-0.71,1.17,  	-0.36,0.44,  	-0.71,1.17,0.00,25.25
-0.71,1.19,  	-0.37,0.55,  	-0.71,1.17,0.00,25.25
-0.71,1.20,  	-0.21,0.80,  	-0.71,1.19,0.00,25.25
-0.68,1.29,  	-0.23,0.71,  	-0.71,1.20,0.00,25.25
-0.68,1.29,  	-0.10,1.92,  	-0.68,1.29,0.00,25.26
-0.66,1.38,  	0.08,1.60,  	-0.66,1.38,0.00,25.26
-0.65,1.43,  	0.12,1.56,  	-0.64,1.45,0.00,25.26
-0.66,1.43,  	-0.33,0.53,  	-0.65,1.43,0.00,25.25
-0.66,1.43,  	-0.49,0.57,  	-0.66,1.43,0.00,25.25
-0.66,1.43,  	-0.42,-0.64,  	-0.66,1.43,0.00,25.25
-0.69,1.24,  	-0.46,-0.92,  	-0.69,1.24,0.00,25.25
-0.68,1.22,  	-0.46,-0.92,  	-0.69,1.24,0.00,25.25
-0.71,1.19,  	-0.17,0.16,  	-0.68,1.22,0.00,25.25
-0.71,1.20,  	-0.83,0.08,  	-0.71,1.19,0.00,25.25
-0.71,1.25,  	-0.24,1.06,  	-0.71,1.25,0.00,25.25
-0.70,1.29,  	-0.19,1.13,  	-0.70,1.29,0.00,25.25
-0.69,1.23,  	-0.18,1.13,  	-0.70,1.29,0.00,25.25
-0.66,1.25,  	-0.07,-0.19,  	-0.69,1.23,0.00,25.25
-0.65,1.17,  	0.09,0.72,  	-0.66,1.25,0.00,25.25
-0.61,1.15,  	-0.13,-0.70,  	-0.65,1.17,0.00,25.25
-0.58,1.14,  	0.18,0.27,  	-0.58,1.14,0.00,25.25
-0.55,1.18,  	0.15,0.28,  	-0.58,1.14,0.00,25.25
-0.55,1.21,  	0.20,1.07,  	-0.55,1.18,0.00,25.25
-0.58,1.15,  	-0.20,0.98,  	-0.55,1.21,0.00,25.25
-0.58,1.20,  	-0.25,0.96,  	-0.58,1.20,0.00,25.25
-0.61,1.20,  	-0.54,0.57,  	-0.61,1.20,0.00,25.25
-0.63,1.22,  	-0.59,0.48,  	-0.61,1.20,0.00,25.25
-0.63,1.18,  	-0.59,0.78,  	-0.63,1.22,0.00,25.25
-0.61,1.18,  	-0.30,-0.02,  	-0.63,1.18,0.00,25.25
-0.57,1.19,  	0.23,0.60,  	-0.57,1.19,0.00,25.25
-0.56,1.15,  	0.01,-0.02,  	-0.56,1.15,0.00,25.25
-0.56,1.13,  	-0.03,-0.11,  	-0.56,1.15,0.00,25.25
-0.61,1.11,  	-0.20,0.20,  	-0.56,1.13,0.00,25.25
-0.61,1.08,  	-0.89,0.07,  	-0.61,1.11,0.00,25.25
-0.62,1.11,  	-0.36,0.82,  	-0.62,1.11,0.00,25.25
-0.62,1.13,  	-0.32,0.74,  	-0.62,1.13,0.00,25.25
-0.62,1.13,  	-0.31,0.71,  	-0.62,1.13,0.00,25.25
-0.64,1.08,  	-0.24,0.48,  	-0.62,1.13,0.00,25.25
-0.65,1.08,  	-0.57,-0.21,  	-0.64,1.08,0.00,25.25
-0.65,1.08,  	-1.00,-0.41,  	-0.65,1.08,0.00,25.25
-0.71,1.01,  	-0.50,0.26,  	-0.71,1.01,0.00,25.25
-0.71,0.94,  	-0.41,0.39,  	-0.71,1.01,0.00,25.25
-0.71,0.87,  	-0.30,-0.75,  	-0.71,0.94,0.00,25.25
-0.68,0.87,  	-0.23,-0.61,  	-0.71,0.87,0.00,25.25
-0.66,0.89,  	0.06,0.60,  	-0.66,0.89,0.00,25.25
-0.63,0.90,  	0.12,0.58,  	-0.63,0.90,0.00,25.25
-0.63,0.92,  	0.13,0.57,  	-0.63,0.90,0.00,25.25
-0.63,0.96,  	-0.31,0.63,  	-0.63,0.92,0.00,25.25
-0.61,0.93,  	-0.27,0.99,  	-0.63,0.96,0.00,25.25
-0.61,0.90,  	-0.24,-0.05,  	-0.61,0.90,0.00,25.25
-0.59,0.89,  	-0.03,0.14,  	-0.59,0.89,0.00,25.25
-0.57,0.85,  	0.01,0.18,  	-0.59,0.89,0.00,25.25
-0.55,0.87,  	0.06,-0.22,  	-0.57,0.85,0.00,25.25
-0.54,0.87,  	0.05,0.59,  	-0.55,0.87,0.00,25.25
-0.53,0.89,  	-0.08,0.59,  	-0.53,0.89,0.00,25.25
-0.49,0.92,  	0.34,0.93,  	-0.49,0.92,0.00,25.25
-0.45,0.98,  	0.40,0.97,  	-0.49,0.92,0.00,25.25
-0.43,0.98,  	0.35,1.14,  	-0.45,0.98,0.00,25.25
-0.43,0.94,  	0.13,0.50,  	-0.43,0.98,0.00,25.25
-0.43,1.00,  	-0.18,0.99,  	-0.43,1.00,0.00,25.25
-0.44,1.03,  	-0.32,0.89,  	-0.44,1.03,0.00,25.25
-0.49,0.94,  	-0.34,0.85,  	-0.44,1.03,0.00,25.25
-0.51,0.87,  	-0.82,-0.83,  	-0.49,0.94,0.00,25.25
-0.49,0.90,  	-0.55,-0.68,  	-0.51,0.87,0.00,25.25
-0.50,0.90,  	-0.29,0.49,  	-0.50,0.90,0.00,25.25
-0.54,0.87,  	-0.72,-0.11,  	-0.54,0.87,0.00,25.25
-0.57,0.88,  	-0.77,-0.19,  	-0.54,0.87,0.00,25.25
-0.61,0.84,  	-0.71,0.56,  	-0.57,0.88,0.00,25.25
-0.62,0.84,  	-0.85,-0.24,  	-0.61,0.84,0.00,25.25
-0.62,0.84,  	-0.14,0.58,  	-0.62,0.84,0.00,25.25
-0.59,0.92,  	-0.12,1.23,  	-0.59,0.92,0.00,25.25
-0.59,0.94,  	-0.13,1.32,  	-0.59,0.92,0.00,25.25
-0.56,0.96,  	-0.06,0.79,  	-0.59,0.94,0.00,25.25
-0.58,0.94,  	0.12,0.61,  	-0.56,0.96,0.00,25.25
-0.58,0.94,  	-0.53,0.39,  	-0.58,0.94,0.00,25.25
-0.59,0.94,  	-0.99,-0.18,  	-0.59,0.94,0.00,25.25
-0.70,0.78,  	-1.08,-0.29,  	-0.65,0.89,0.00,25.25
-0.74,0.67,  	-0.96,-1.30,  	-0.70,0.78,0.00,25.26
-0.74,0.65,  	-0.92,-1.32,  	-0.74,0.67,0.00,25.26
-0.75,0.63,  	-0.38,-0.01,  	-0.74,0.65,0.00,25.25
-0.74,0.63,  	-0.48,-0.04,  	-0.75,0.63,0.00,25.25
-0.71,0.68,  	-0.20,0.19,  	-0.74,0.63,0.00,25.25
-0.71,0.76,  	0.08,0.98,  	-0.71,0.68,0.00,25.25
-0.73,0.74,  	-0.37,1.46,  	-0.71,0.76,0.00,25.26
-0.71,0.71,  	-0.01,-0.23,  	-0.71,0.71,0.00,25.25
-0.70,0.65,  	-0.15,-0.52,  	-0.70,0.65,0.00,25.25
-0.69,0.60,  	-0.19,-0.55,  	-0.70,0.65,0.00,25.25
-0.70,0.50,  	-0.18,-0.47,  	-0.69,0.60,0.00,25.25
-0.68,0.45,  	-0.38,-1.13,  	-0.70,0.50,0.00,25.25
-0.68,0.39,  	-0.23,-0.76,  	-0.68,0.39,0.00,25.25
-0.63,0.43,  	0.41,0.52,  	-0.63,0.43,0.00,25.25
-0.62,0.43,  	0.51,0.71,  	-0.63,0.43,0.00,25.25
-0.62,0.43,  	-0.02,0.30,  	-0.62,0.43,0.00,25.25
-0.62,0.41,  	-0.34,0.15,  	-0.62,0.43,0.00,25.25
-0.59,0.36,  	0.08,-0.59,  	-0.59,0.36,0.00,25.25
-0.56,0.34,  	0.27,-0.17,  	-0.56,0.34,0.00,25.25
-0.52,0.33,  	0.29,-0.10,  	-0.56,0.34,0.00,25.25
-0.51,0.31,  	0.24,-0.09,  	-0.52,0.33,0.00,25.25
-0.48,0.36,  	0.08,-0.01,  	-0.51,0.31,0.00,25.25
-0.45,0.41,  	0.19,0.86,  	-0.45,0.41,0.00,25.25
-0.44,0.44,  	-0.03,0.77,  	-0.44,0.44,0.00,25.25
-0.48,0.42,  	-0.06,0.75,  	-0.44,0.44,0.00,25.25
-0.48,0.41,  	-0.65,-0.15,  	-0.48,0.42,0.00,25.25
-0.46,0.41,  	-0.28,0.04,  	-0.48,0.41,0.00,25.25
-0.46,0.41,  	0.31,0.20,  	-0.46,0.41,0.00,25.25
-0.43,0.46,  	-0.14,0.89,  	-0.43,0.46,0.00,25.25
-0.41,0.47,  	-0.22,0.99,  	-0.43,0.46,0.00,25.25
-0.38,0.52,  	0.03,0.35,  	-0.41,0.47,0.00,25.25
-0.38,0.54,  	0.29,0.88,  	-0.38,0.52,0.00,25.25
-0.38,0.54,  	-0.21,1.19,  	-0.38,0.54,0.00,25.25
-0.38,0.71,  	-0.25,1.61,  	-0.38,0.71,0.00,25.26
-0.38,0.73,  	-0.26,1.65,  	-0.38,0.71,0.00,25.26
-0.35,0.80,  	-0.05,0.70,  	-0.38,0.73,0.00,25.25
-0.34,0.87,  	0.24,1.28,  	-0.35,0.80,0.00,25.25
-0.34,0.87,  	-0.47,0.62,  	-0.34,0.87,0.00,25.25
-0.40,0.92,  	-0.67,0.84,  	-0.40,0.92,0.00,25.25
-0.43,0.86,  	-0.69,0.89,  	-0.40,0.92,0.00,25.25
-0.43,0.87,  	-0.70,-0.40,  	-0.43,0.86,0.00,25.25
-0.45,0.85,  	-0.22,0.50,  	-0.43,0.87,0.00,25.25
-0.46,0.90,  	-0.34,0.87,  	-0.46,0.90,0.00,25.25
-0.46,0.95,  	-0.27,1.26,  	-0.46,0.95,0.00,25.25
-0.48,0.92,  	-0.26,1.30,  	-0.46,0.95,0.00,25.25
-0.46,0.97,  	-0.53,-0.08,  	-0.48,0.92,0.00,25.25
-0.48,1.04,  	0.08,1.02,  	-0.46,0.97,0.00,25.25
-0.52,1.06,  	-0.74,0.80,  	-0.52,1.06,0.00,25.25
-0.52,1.01,  	-0.29,-0.04,  	-0.52,1.01,0.00,25.25
-0.54,0.98,  	-0.22,-0.15,  	-0.52,1.01,0.00,25.25
-0.51,1.01,  	-0.43,-0.07,  	-0.54,0.98,0.00,25.25
-0.50,1.04,  	0.14,0.88,  	-0.51,1.01,0.00,25.25
-0.50,1.04,  	-0.96,0.92,  	-0.50,1.04,0.00,25.25
-0.62,1.08,  	-1.11,0.55,  	-0.62,1.08,0.00,25.25
-0.65,1.14,  	-1.11,0.49,  	-0.62,1.08,0.00,25.25
-0.67,1.13,  	-0.75,1.39,  	-0.65,1.14,0.00,25.26
-0.67,1.06,  	-0.61,0.37,  	-0.67,1.13,0.00,25.25
-0.69,0.97,  	-0.54,-0.79,  	-0.69,0.97,0.00,25.25
-0.71,0.88,  	-0.50,-0.95,  	-0.71,0.88,0.00,25.25
-0.70,0.82,  	-0.49,-0.97,  	-0.71,0.88,0.00,25.25
-0.72,0.85,  	-0.16,-0.51,  	-0.70,0.82,0.00,25.25
-0.76,0.78,  	-0.62,0.65,  	-0.72,0.85,0.00,25.25
-0.80,0.66,  	-0.95,-1.41,  	-0.80,0.66,0.00,25.26
-0.77,0.69,  	-0.11,0.40,  	-0.77,0.69,0.00,25.25
-0.77,0.69,  	0.02,0.69,  	-0.77,0.69,0.00,25.25
-0.77,0.66,  	-0.38,0.25,  	-0.77,0.69,0.00,25.25
-0.81,0.59,  	-0.36,-0.17,  	-0.77,0.66,0.00,25.25
-0.84,0.55,  	-0.80,-0.40,  	-0.84,0.55,0.00,25.25
-0.81,0.54,  	-0.10,0.02,  	-0.81,0.54,0.00,25.25
-0.78,0.50,  	-0.00,0.08,  	-0.81,0.54,0.00,25.25
-0.78,0.45,  	0.19,-0.42,  	-0.78,0.50,0.00,25.25
-0.75,0.43,  	-0.33,-0.57,  	-0.78,0.45,0.00,25.25
-0.73,0.41,  	0.03,-0.15,  	-0.73,0.41,0.00,25.25
-0.69,0.46,  	0.17,0.76,  	-0.69,0.46,0.00,25.25
-0.66,0.53,  	0.19,0.89,  	-0.69,0.46,0.00,25.25
-0.65,0.65,  	0.19,1.24,  	-0.66,0.53,0.00,25.25
-0.62,0.73,  	-0.07,1.97,  	-0.65,0.65,0.00,25.26
-0.57,0.74,  	0.42,0.68,  	-0.57,0.74,0.00,25.25
-0.55,0.75,  	0.14,0.47,  	-0.55,0.75,0.00,25.25
-0.50,0.83,  	0.09,0.46,  	-0.55,0.75,0.00,25.25
-0.50,0.88,  	0.47,1.37,  	-0.50,0.83,0.00,25.26
-0.52,0.91,  	-0.20,1.28,  	-0.50,0.88,0.00,25.25
-0.50,0.94,  	-0.07,0.82,  	-0.50,0.94,0.00,25.25
-0.48,0.97,  	0.18,0.78,  	-0.48,0.97,0.00,25.25
-0.47,0.97,  	0.21,0.77,  	-0.48,0.97,0.00,25.25
-0.44,1.00,  	-0.06,0.35,  	-0.47,0.97,0.00,25.25
-0.44,1.01,  	0.18,0.86,  	-0.44,1.00,0.00,25.25
-0.44,1.01,  	-0.43,-0.25,  	-0.44,1.01,0.00,25.25
-0.46,0.96,  	-0.55,-0.41,  	-0.46,0.96,0.00,25.25
-0.48,0.90,  	-0.57,-0.43,  	-0.49,0.90,0.00,25.25
-0.46,0.93,  	-0.10,0.29,  	-0.48,0.90,0.00,25.25
-0.45,0.94,  	0.02,0.74,  	-0.46,0.93,0.00,25.25
-0.45,0.94,  	3.80,0.60,  	9.55,0.94,0.00,25.31
-0.43,0.92,  	4.14,-0.01,  	9.57,0.92,0.00,25.31
-0.41,0.90,  	4.17,-0.10,  	9.57,0.92,0.00,25.31
-0.45,0.83,  	4.33,0.05,  	9.59,0.90,0.00,25.32
-0.47,0.84,  	3.43,-0.66,  	9.55,0.83,0.00,25.29
-0.46,0.87,  	4.07,0.82,  	9.54,0.87,0.00,25.31
-0.54,0.81,  	2.95,-0.42,  	9.46,0.81,0.00,25.28
-0.60,0.78,  	2.77,-0.61,  	9.46,0.81,0.00,25.28
-0.63,0.77,  	2.98,-0.07,  	9.40,0.78,0.00,25.28
-0.75,0.78,  	3.42,0.07,  	9.37,0.77,0.00,25.29
-0.87,0.80,  	1.99,0.63,  	9.13,0.80,0.00,25.26
-1.06,0.80,  	1.19,0.28,  	8.94,0.80,0.00,25.25
-1.19,0.83,  	1.07,0.23,  	8.94,0.80,0.00,25.25
-1.24,0.89,  	1.67,0.78,  	8.81,0.83,0.00,25.26
-1.33,0.93,  	2.83,1.19,  	8.76,0.89,0.00,25.28
-1.46,0.92,  	1.78,0.40,  	8.54,0.92,0.00,25.26
-1.61,1.03,  	1.23,1.84,  	8.39,1.03,0.00,25.27
-1.80,1.08,  	1.17,2.06,  	8.39,1.03,0.00,25.27
-2.03,1.14,  	0.67,1.31,  	8.20,1.08,0.00,25.26
-2.23,1.11,  	-0.04,1.29,  	7.97,1.14,0.00,25.25
-2.42,1.14,  	0.24,0.71,  	7.58,1.14,0.00,25.25
-2.62,1.10,  	0.20,0.07,  	7.38,1.10,0.00,25.25
-2.83,1.07,  	0.20,-0.04,  	7.38,1.10,0.00,25.25
-3.11,1.03,  	-0.17,-0.10,  	7.17,1.07,0.00,25.25
-3.39,1.05,  	-1.19,-0.14,  	6.89,1.03,0.00,25.25
-3.72,1.05,  	-2.10,0.59,  	6.28,1.05,0.00,25.27
-4.00,1.01,  	-1.81,-0.00,  	6.00,1.01,0.00,25.26
-4.23,0.94,  	-1.74,-0.09,  	6.00,1.01,0.00,25.26
-4.49,0.92,  	-1.05,-0.71,  	5.77,0.94,0.00,25.25
-4.77,0.84,  	-1.40,0.05,  	5.51,0.92,0.00,25.26
-4.77,0.84,  	-1.84,-1.30,  	5.23,0.84,0.00,25.27
-5.33,0.64,  	-2.31,-1.05,  	4.67,0.64,0.00,25.27
-5.65,0.51,  	-2.36,-0.99,  	4.67,0.64,0.00,25.27
-5.91,0.36,  	-3.03,-1.60,  	4.35,0.51,0.00,25.29
-6.11,0.28,  	-2.22,-2.00,  	4.09,0.36,0.00,25.28
-6.35,0.14,  	-1.99,-1.72,  	3.65,0.14,0.00,25.27
-6.59,0.07,  	-2.05,-1.27,  	3.41,0.07,0.00,25.27
-6.80,-0.08,  	-2.04,-1.19,  	3.41,0.07,0.00,25.27
-7.08,-0.22,  	-1.93,-2.14,  	3.20,-0.08,0.00,25.28
-7.31,-0.31,  	-2.78,-2.22,  	2.92,-0.22,0.00,25.30
-7.51,-0.45,  	-2.03,-2.16,  	2.49,-0.45,0.00,25.28
-7.67,-0.57,  	-1.49,-2.18,  	2.33,-0.57,0.00,25.27
-7.83,-0.65,  	-1.41,-2.17,  	2.33,-0.57,0.00,25.27
-7.99,-0.70,  	-1.42,-1.44,  	2.17,-0.65,0.00,25.26
-8.13,-0.73,  	-1.64,-1.06,  	2.01,-0.70,0.00,25.26
-8.25,-0.75,  	-1.02,-0.62,  	1.75,-0.75,0.00,25.25
-8.39,-0.77,  	-1.37,-0.56,  	1.61,-0.77,0.00,25.26
-8.50,-0.69,  	-1.43,-0.56,  	1.61,-0.77,0.00,25.26
-8.56,-0.75,  	-1.04,0.98,  	1.50,-0.69,0.00,25.26
-8.63,-0.81,  	-0.40,-1.25,  	1.44,-0.75,0.00,25.26
-8.69,-0.81,  	-0.38,-1.13,  	1.37,-0.81,0.00,25.25
-8.79,-0.87,  	-0.90,-1.08,  	1.21,-0.87,0.00,25.26
-8.88,-0.86,  	-0.99,-1.18,  	1.21,-0.87,0.00,25.26
-8.93,-0.82,  	-0.82,-0.32,  	1.12,-0.86,0.00,25.25
-8.95,-0.74,  	-0.38,0.27,  	1.07,-0.82,0.00,25.25
-8.95,-0.65,  	0.32,1.05,  	1.05,-0.65,0.00,25.25
-9.00,-0.58,  	-0.24,0.89,  	1.00,-0.58,0.00,25.25
-9.04,-0.51,  	-0.33,0.86,  	1.00,-0.58,0.00,25.25
-9.06,-0.42,  	-0.19,0.75,  	0.96,-0.51,0.00,25.25
-9.11,-0.33,  	0.13,1.18,  	0.94,-0.42,0.00,25.25
-9.11,-0.33,  	-0.27,0.15,  	0.89,-0.33,0.00,25.25
-9.15,-0.27,  	0.22,0.68,  	0.85,-0.27,0.00,25.25
-9.12,-0.21,  	0.29,0.78,  	0.85,-0.27,0.00,25.25
-9.14,-0.17,  	0.77,0.70,  	0.88,-0.21,0.00,25.25
-9.22,-0.13,  	0.11,0.59,  	0.86,-0.17,0.00,25.25
-9.22,-0.13,  	-0.52,1.59,  	0.78,-0.13,0.00,25.26
-9.28,-0.01,  	0.05,2.35,  	0.72,-0.01,0.00,25.27
-9.36,0.23,  	0.13,2.50,  	0.72,0.16,0.00,25.27
-9.43,0.29,  	-0.74,1.13,  	0.64,0.23,0.00,25.25
-9.48,0.28,  	-0.73,1.02,  	0.57,0.29,0.00,25.25
-9.48,0.28,  	-0.55,0.26,  	0.52,0.28,0.00,25.25
-9.55,0.30,  	-0.11,0.42,  	0.45,0.30,0.00,25.25
-9.58,0.33,  	-0.04,0.43,  	0.45,0.30,0.00,25.25
-9.62,0.36,  	-0.35,0.54,  	0.42,0.33,0.00,25.25
-9.68,0.33,  	-0.46,0.55,  	0.38,0.36,0.00,25.25
-9.71,0.35,  	-0.41,0.26,  	0.29,0.35,0.00,25.25
-9.76,0.38,  	-0.61,0.47,  	0.24,0.38,0.00,25.25
-9.82,0.41,  	-0.64,0.49,  	0.24,0.38,0.00,25.25
-9.88,0.44,  	-0.75,0.71,  	0.18,0.41,0.00,25.25
-9.92,0.46,  	-0.89,0.69,  	0.12,0.44,0.00,25.25
-9.95,0.50,  	-0.41,0.82,  	0.05,0.50,0.00,25.25
-9.97,0.54,  	-0.37,0.88,  	0.03,0.54,0.00,25.25
-10.02,0.57,  	-0.36,0.88,  	0.03,0.54,0.00,25.25
-10.04,0.61,  	-0.62,0.81,  	-0.02,0.57,0.00,25.25
-10.04,0.61,  	-0.31,0.71,  	-0.04,0.61,0.00,25.25
-10.04,0.61,  	-0.12,0.36,  	-0.04,0.61,0.00,25.25
-10.07,0.54,  	-0.10,0.18,  	-0.04,0.61,0.00,25.25
-10.09,0.48,  	-0.54,-0.83,  	-0.07,0.54,0.00,25.25
-10.11,0.50,  	-0.36,-0.60,  	-0.09,0.48,0.00,25.25
-10.15,0.51,  	-0.31,0.35,  	-0.11,0.50,0.00,25.25
-10.21,0.47,  	-0.91,-0.22,  	-0.21,0.47,0.00,25.25
-10.24,0.49,  	-0.58,0.45,  	-0.24,0.49,0.00,25.25
-10.25,0.53,  	-0.52,0.56,  	-0.24,0.49,0.00,25.25
-10.27,0.55,  	-0.28,0.66,  	-0.25,0.53,0.00,25.25
-10.29,0.55,  	-0.34,0.62,  	-0.27,0.55,0.00,25.25
-10.30,0.54,  	-0.27,0.12,  	-0.30,0.54,0.00,25.25
-10.30,0.56,  	-0.24,0.12,  	-0.30,0.54,0.00,25.25
-10.33,0.51,  	-0.27,0.34,  	-0.30,0.56,0.00,25.25
-10.36,0.46,  	-0.51,-0.46,  	-0.33,0.51,0.00,25.25
-10.40,0.46,  	-0.57,-0.49,  	-0.36,0.46,0.00,25.25
-10.40,0.52,  	-0.24,0.99,  	-0.40,0.52,0.00,25.25
-10.42,0.58,  	-0.57,1.17,  	-0.42,0.58,0.00,25.25
-10.44,0.61,  	-0.63,1.18,  	-0.42,0.58,0.00,25.25
-10.46,0.58,  	-0.41,0.77,  	-0.44,0.61,0.00,25.25
-10.48,0.56,  	-0.48,-0.28,  	-0.46,0.58,0.00,25.25
-10.51,0.51,  	-0.71,-0.36,  	-0.51,0.51,0.00,25.25
-10.56,0.47,  	-0.77,-0.53,  	-0.56,0.47,0.00,25.25
-10.57,0.42,  	-0.77,-0.55,  	-0.56,0.47,0.00,25.25
-10.58,0.39,  	-0.53,-0.48,  	-0.57,0.42,0.00,25.25
-10.56,0.46,  	-0.36,-0.32,  	-0.58,0.39,0.00,25.25
-10.56,0.46,  	0.12,1.16,  	-0.56,0.46,0.00,25.25
-10.57,0.44,  	-0.15,0.15,  	-0.56,0.46,0.00,25.25
-10.59,0.41,  	-0.48,-0.17,  	-0.57,0.44,0.00,25.25
-10.65,0.40,  	-0.51,-0.21,  	-0.59,0.41,0.00,25.25
-10.68,0.38,  	-1.07,0.03,  	-0.65,0.40,0.00,25.25
-10.67,0.40,  	-0.26,0.27,  	-0.67,0.40,0.00,25.25
-10.68,0.40,  	-0.39,0.12,  	-0.68,0.40,0.00,25.25
-10.68,0.40,  	-0.42,0.09,  	-0.68,0.40,0.00,25.25
-10.70,0.46,  	-0.26,0.10,  	-0.68,0.40,0.00,25.25
-10.71,0.50,  	-0.67,1.08,  	-0.70,0.46,0.00,25.25
-10.73,0.59,  	-0.57,1.42,  	-0.73,0.59,0.00,25.26
-10.75,0.67,  	-0.59,1.54,  	-0.75,0.67,0.00,25.26
-10.73,0.78,  	-0.58,1.55,  	-0.75,0.67,0.00,25.26
-10.72,0.86,  	-0.13,1.92,  	-0.73,0.78,0.00,25.26
-10.69,0.89,  	-0.18,1.54,  	-0.72,0.86,0.00,25.26
-10.73,0.91,  	-0.67,0.64,  	-0.73,0.91,0.00,25.25
-10.76,0.94,  	-0.90,0.91,  	-0.76,0.94,0.00,25.25
-10.79,0.97,  	-0.91,0.95,  	-0.76,0.94,0.00,25.25
-10.87,0.95,  	-0.76,0.79,  	-0.79,0.97,0.00,25.25
-10.90,0.95,  	-1.43,0.20,  	-0.87,0.95,0.00,25.26
-10.91,1.00,  	-0.63,1.00,  	-0.91,1.00,0.00,25.25
-10.92,1.16,  	-0.52,2.65,  	-0.92,1.16,0.00,25.28
-10.94,1.22,  	-0.51,2.87,  	-0.92,1.16,0.00,25.28
-11.00,1.28,  	-0.72,1.55,  	-0.94,1.22,0.00,25.26
-11.05,1.31,  	-1.18,1.41,  	-1.00,1.28,0.00,25.26
-11.10,1.32,  	-1.14,1.06,  	-1.05,1.31,0.00,25.26
-11.13,1.32,  	-1.17,0.80,  	-1.10,1.32,0.00,25.26
-11.12,1.31,  	-0.92,0.56,  	-1.13,1.32,0.00,25.25
-11.11,1.37,  	-0.55,0.34,  	-1.12,1.31,0.00,25.25
-11.12,1.39,  	-0.26,1.33,  	-1.11,1.37,0.00,25.25
-11.17,1.39,  	-1.21,0.51,  	-1.17,1.39,0.00,25.25
-11.22,1.36,  	-1.24,0.32,  	-1.22,1.36,0.00,25.25
-11.30,1.31,  	-1.23,0.31,  	-1.22,1.36,0.00,25.25
-11.36,1.29,  	-1.68,-0.26,  	-1.30,1.31,0.00,25.26
-11.32,1.30,  	-1.44,0.17,  	-1.36,1.29,0.00,25.26
-11.29,1.34,  	0.05,1.16,  	-1.29,1.34,0.00,25.25
-11.24,1.34,  	0.05,0.55,  	-1.24,1.34,0.00,25.25
-11.24,1.28,  	0.05,0.45,  	-1.24,1.34,0.00,25.25
-11.23,1.25,  	-0.48,-0.18,  	-1.24,1.28,0.00,25.25
-11.24,1.20,  	-0.31,0.07,  	-1.23,1.25,0.00,25.25
-11.27,1.22,  	-0.90,0.75,  	-1.27,1.22,0.00,25.25
-11.23,1.16,  	-0.02,-0.44,  	-1.23,1.16,0.00,25.25
-11.19,1.10,  	0.11,-0.64,  	-1.23,1.16,0.00,25.25
-11.08,1.13,  	0.17,-0.41,  	-1.19,1.10,0.00,25.25
-11.11,1.00,  	1.00,0.86,  	-1.08,1.13,0.00,25.25
-11.10,0.98,  	-0.43,-0.11,  	-1.10,0.98,0.00,25.25
-11.11,1.04,  	-0.53,1.28,  	-1.11,1.04,0.00,25.26
-11.11,1.07,  	-0.55,1.45,  	-1.11,1.04,0.00,25.26
-11.03,1.07,  	-0.52,0.95,  	-1.11,1.07,0.00,25.25
-10.96,1.10,  	0.61,0.38,  	-1.03,1.07,0.00,25.25
-10.88,1.10,  	0.83,0.52,  	-0.88,1.10,0.00,25.25
-10.88,1.04,  	-0.16,-0.18,  	-0.88,1.04,0.00,25.25
-10.88,0.98,  	-0.31,-0.27,  	-0.88,1.04,0.00,25.25
-10.93,0.99,  	-0.31,-0.41,  	-0.88,0.98,0.00,25.25
-10.93,0.99,  	-1.02,0.53,  	-0.93,0.99,0.00,25.25
-10.93,0.97,  	-0.33,0.05,  	-0.93,0.97,0.00,25.25
-10.93,0.94,  	-0.33,0.00,  	-0.93,0.94,0.00,25.25
-10.89,0.96,  	-0.33,0.00,  	-0.93,0.94,0.00,25.25
-10.88,0.91,  	0.20,0.49,  	-0.89,0.96,0.00,25.25
-10.96,0.94,  	-0.25,-0.26,  	-0.88,0.91,0.00,25.25
-11.02,0.95,  	-1.36,0.80,  	-1.02,0.95,0.00,25.26
-11.00,1.00,  	-0.22,1.04,  	-1.00,1.00,0.00,25.25
-10.95,1.04,  	-0.06,1.07,  	-1.00,1.00,0.00,25.25
-10.91,1.05,  	0.34,0.91,  	-0.95,1.04,0.00,25.25
-10.91,1.08,  	0.12,0.58,  	-0.91,1.05,0.00,25.25
-10.94,1.04,  	-0.69,0.01,  	-0.94,1.04,0.00,25.25
-10.96,1.05,  	-0.79,0.53,  	-0.96,1.05,0.00,25.25
-11.03,1.09,  	-0.80,0.63,  	-0.96,1.05,0.00,25.25
-11.10,1.10,  	-1.41,1.19,  	-1.03,1.09,0.00,25.26
-11.14,1.08,  	-1.51,0.57,  	-1.10,1.10,0.00,25.26
-11.09,1.12,  	-1.00,0.10,  	-1.14,1.08,0.00,25.25
-11.09,1.15,  	-0.34,1.01,  	-1.09,1.15,0.00,25.25
-11.14,1.14,  	-0.42,1.00,  	-1.09,1.15,0.00,25.25
-11.24,1.12,  	-1.14,0.29,  	-1.14,1.14,0.00,25.25
-11.31,1.12,  	-2.08,0.17,  	-1.24,1.12,0.00,25.26
-11.31,1.12,  	0.03,0.61,  	-1.31,1.12,0.00,25.25
-11.26,1.13,  	-0.29,-0.12,  	-1.26,1.13,0.00,25.25
-11.26,1.02,  	-0.37,-0.25,  	-1.25,1.09,0.00,25.25
-11.30,1.03,  	-0.64,-0.46,  	-1.26,1.02,0.00,25.25
-11.32,1.07,  	-1.06,0.55,  	-1.30,1.03,0.00,25.25
-11.32,1.07,  	-1.25,0.63,  	-1.32,1.07,0.00,25.26
-11.48,1.10,  	-2.01,0.82,  	-1.48,1.10,0.00,25.27
-11.48,1.13,  	-2.10,0.86,  	-1.48,1.10,0.00,25.27
-11.45,1.11,  	-0.78,0.92,  	-1.48,1.13,0.00,25.25
-11.40,1.12,  	-0.20,0.09,  	-1.45,1.11,0.00,25.25
-11.43,1.05,  	-0.93,-0.37,  	-1.43,1.05,0.00,25.25
-11.53,1.02,  	-1.92,0.01,  	-1.53,1.02,0.00,25.26
-11.60,1.02,  	-2.04,0.09,  	-1.53,1.02,0.00,25.26
-11.62,0.97,  	-1.65,0.41,  	-1.60,1.02,0.00,25.26
-11.61,0.89,  	-1.11,-0.44,  	-1.62,0.97,0.00,25.25
-11.62,0.82,  	-0.87,-0.75,  	-1.62,0.82,0.00,25.25
-11.61,0.79,  	-0.63,-0.12,  	-1.61,0.79,0.00,25.25
-11.63,0.80,  	-0.59,-0.03,  	-1.61,0.79,0.00,25.25
-11.62,0.74,  	-0.95,0.48,  	-1.63,0.80,0.00,25.25
-11.64,0.74,  	-0.51,-0.51,  	-1.62,0.74,0.00,25.25
-11.69,0.75,  	-1.34,0.43,  	-1.69,0.75,0.00,25.26
-11.68,0.76,  	-0.59,0.49,  	-1.68,0.76,0.00,25.25
-11.66,0.70,  	-0.47,0.50,  	-1.68,0.76,0.00,25.25
-11.59,0.71,  	-0.53,-0.59,  	-1.66,0.70,0.00,25.25
-11.63,0.64,  	0.30,0.34,  	-1.59,0.71,0.00,25.25
-11.65,0.64,  	-1.00,0.18,  	-1.65,0.64,0.00,25.25
-11.68,0.68,  	-1.04,0.81,  	-1.68,0.68,0.00,25.25
-11.65,0.77,  	-1.05,0.89,  	-1.68,0.68,0.00,25.25
-11.63,0.78,  	-0.31,1.75,  	-1.65,0.77,0.00,25.26
-11.60,0.81,  	-0.31,0.48,  	-1.63,0.78,0.00,25.25
-11.60,0.81,  	-0.08,0.27,  	-1.60,0.81,0.00,25.25
-11.55,0.79,  	-0.39,0.31,  	-1.55,0.79,0.00,25.25
-11.56,0.81,  	-0.45,0.33,  	-1.55,0.79,0.00,25.25
-11.59,0.78,  	-0.73,0.65,  	-1.56,0.81,0.00,25.25
-11.60,0.78,  	-1.24,-0.05,  	-1.59,0.78,0.00,25.25
-11.55,0.84,  	-0.00,1.01,  	-1.55,0.84,0.00,25.25
-11.48,0.90,  	0.40,1.25,  	-1.48,0.90,0.00,25.25
-11.45,0.95,  	0.44,1.26,  	-1.48,0.90,0.00,25.25
-11.47,0.96,  	-0.20,1.12,  	-1.45,0.95,0.00,25.25
-11.47,0.99,  	-0.94,0.56,  	-1.47,0.96,0.00,25.25
-11.49,1.09,  	-0.75,1.88,  	-1.49,1.09,0.00,25.26
-11.48,1.13,  	-0.45,1.22,  	-1.48,1.13,0.00,25.25
-11.44,1.16,  	-0.40,1.10,  	-1.48,1.13,0.00,25.25
-11.42,1.18,  	-0.09,0.81,  	-1.44,1.16,0.00,25.25
-11.34,1.26,  	-0.36,0.81,  	-1.42,1.18,0.00,25.25
-11.33,1.32,  	-0.29,1.57,  	-1.33,1.32,0.00,25.26
-11.35,1.35,  	-0.82,1.17,  	-1.35,1.35,0.00,25.26
-11.39,1.42,  	-0.88,1.11,  	-1.35,1.35,0.00,25.26
-11.43,1.46,  	-1.16,1.43,  	-1.39,1.42,0.00,25.26
-11.39,1.50,  	-1.15,1.21,  	-1.43,1.46,0.00,25.26
-11.39,1.49,  	-0.06,1.15,  	-1.39,1.50,0.00,25.25
-11.40,1.52,  	-0.49,0.50,  	-1.39,1.49,0.00,25.25
-11.42,1.55,  	-0.57,1.17,  	-1.40,1.52,0.00,25.25
-11.44,1.53,  	-1.05,1.07,  	-1.42,1.55,0.00,25.26
-11.49,1.49,  	-0.85,0.48,  	-1.44,1.53,0.00,25.25
-11.54,1.49,  	-1.38,0.55,  	-1.54,1.49,0.00,25.26
-11.53,1.47,  	-0.57,0.25,  	-1.53,1.47,0.00,25.25
-11.51,1.41,  	-0.45,0.20,  	-1.53,1.47,0.00,25.25
-11.50,1.41,  	-0.48,-0.28,  	-1.51,1.41,0.00,25.25
-11.50,1.45,  	-0.34,0.46,  	-1.50,1.41,0.00,25.25
-11.51,1.47,  	-0.74,1.03,  	-1.51,1.47,0.00,25.25
-11.54,1.49,  	-1.09,1.12,  	-1.54,1.49,0.00,25.26
-11.58,1.45,  	-1.13,1.13,  	-1.54,1.49,0.00,25.26
-11.56,1.48,  	-1.26,-0.12,  	-1.58,1.45,0.00,25.25
-11.56,1.40,  	-0.37,0.94,  	-1.56,1.48,0.00,25.25
-11.55,1.39,  	-0.49,0.30,  	-1.55,1.39,0.00,25.25
-11.55,1.35,  	-0.59,0.17,  	-1.55,1.35,0.00,25.25
-11.57,1.25,  	-0.61,0.13,  	-1.55,1.35,0.00,25.25
-11.61,1.21,  	-0.96,-0.99,  	-1.57,1.25,0.00,25.26
-11.60,1.18,  	-1.24,-0.08,  	-1.61,1.21,0.00,25.25
-11.60,1.18,  	-0.53,-1.15,  	-1.60,1.18,0.00,25.25
-11.59,1.06,  	-0.40,0.04,  	-1.59,1.06,0.00,25.25
-11.54,1.05,  	-0.37,0.25,  	-1.57,1.05,0.00,25.25
-11.54,1.02,  	-0.26,0.38,  	-1.54,1.05,0.00,25.25
-11.57,1.03,  	-0.60,-0.03,  	-1.54,1.02,0.00,25.25
-11.58,1.00,  	-0.93,0.06,  	-1.58,1.00,0.00,25.25
-11.52,0.97,  	0.02,-0.11,  	-1.52,0.97,0.00,25.25
-11.45,0.96,  	0.16,-0.12,  	-1.52,0.97,0.00,25.25
-11.40,0.96,  	0.43,0.24,  	-1.45,0.96,0.00,25.25
-11.37,0.97,  	0.25,0.45,  	-1.40,0.96,0.00,25.25
-11.35,0.92,  	-0.30,-0.10,  	-1.35,0.92,0.00,25.25
-11.40,0.86,  	-1.13,-0.49,  	-1.40,0.86,0.00,25.25
-11.44,0.80,  	-1.25,-0.54,  	-1.40,0.86,0.00,25.25
-11.41,0.72,  	-1.19,-0.60,  	-1.44,0.80,0.00,25.25
-11.39,0.66,  	-0.17,-0.94,  	-1.41,0.72,0.00,25.25
-11.34,0.65,  	0.08,-0.02,  	-1.34,0.65,0.00,25.25
-11.33,0.65,  	-0.37,0.27,  	-1.33,0.65,0.00,25.25
-11.30,0.74,  	-0.45,0.30,  	-1.33,0.65,0.00,25.25
-11.30,0.79,  	-0.12,1.62,  	-1.30,0.74,0.00,25.26
-11.30,0.83,  	-0.40,1.12,  	-1.30,0.79,0.00,25.25
-11.29,0.83,  	-0.39,0.37,  	-1.29,0.83,0.00,25.25
-11.25,0.79,  	-0.01,-0.05,  	-1.25,0.79,0.00,25.25
-11.18,0.81,  	0.04,-0.10,  	-1.25,0.79,0.00,25.25
-11.18,0.79,  	0.54,0.50,  	-1.18,0.81,0.00,25.25
-11.24,0.77,  	-0.41,0.06,  	-1.18,0.79,0.00,25.25
-11.24,0.72,  	-0.65,-0.38,  	-1.24,0.72,0.00,25.25
-11.27,0.69,  	-0.89,-0.19,  	-1.27,0.69,0.00,25.25
-11.27,0.72,  	-0.94,-0.15,  	-1.27,0.69,0.00,25.25
-11.25,0.75,  	-0.60,0.74,  	-1.27,0.72,0.00,25.25
-11.25,0.81,  	-0.28,0.58,  	-1.25,0.75,0.00,25.25
-11.25,0.81,  	-0.11,1.26,  	-1.25,0.81,0.00,25.25
-11.21,0.87,  	-0.25,1.17,  	-1.21,0.87,0.00,25.25
-11.24,0.95,  	-0.28,1.17,  	-1.20,0.92,0.00,25.25
-11.25,0.98,  	-0.98,0.86,  	-1.24,0.95,0.00,25.25
-11.23,1.04,  	-0.68,0.95,  	-1.25,0.98,0.00,25.25
-11.19,1.07,  	-0.03,1.03,  	-1.19,1.07,0.00,25.25
-11.18,1.10,  	-0.27,0.77,  	-1.18,1.10,0.00,25.25
-11.16,1.14,  	-0.31,0.73,  	-1.18,1.10,0.00,25.25
-11.19,1.18,  	-0.12,1.06,  	-1.16,1.14,0.00,25.25
-11.20,1.19,  	-0.89,1.18,  	-1.19,1.18,0.00,25.26
-11.26,1.22,  	-1.34,0.87,  	-1.26,1.22,0.00,25.26
-11.29,1.26,  	-1.05,1.16,  	-1.29,1.26,0.00,25.26
-11.28,1.26,  	-0.99,1.19,  	-1.29,1.26,0.00,25.26
-11.28,1.28,  	-0.48,0.63,  	-1.28,1.26,0.00,25.25
-11.32,1.22,  	-0.50,0.82,  	-1.28,1.28,0.00,25.25
-11.36,1.18,  	-9.37,-0.14,  	-21.36,1.18,0.00,25.58
-11.37,1.15,  	-9.16,-0.06,  	-21.37,1.15,0.00,25.56
-11.40,1.13,  	-9.12,-0.05,  	-21.37,1.15,0.00,25.56
-11.43,1.12,  	-9.37,0.27,  	-21.40,1.13,0.00,25.58
-11.41,1.07,  	-9.33,0.35,  	-21.43,1.12,0.00,25.58
-11.40,1.01,  	-8.74,-0.57,  	-21.40,1.01,0.00,25.54
-11.33,0.97,  	-7.91,-0.34,  	-21.33,0.97,0.00,25.48
-11.22,0.90,  	-7.78,-0.30,  	-21.33,0.97,0.00,25.48
-11.21,0.83,  	-7.36,-0.68,  	-21.22,0.90,0.00,25.45
-11.16,0.75,  	-8.63,-0.78,  	-21.21,0.83,0.00,25.54
-10.94,0.72,  	-5.74,-0.36,  	-20.94,0.72,0.00,25.37
-10.73,0.65,  	-5.48,-0.67,  	-20.73,0.65,0.00,25.36
-10.45,0.56,  	-5.50,-0.73,  	-20.73,0.65,0.00,25.37
-10.21,0.42,  	-4.56,-1.03,  	-20.45,0.56,0.00,25.33
-9.99,0.29,  	-4.82,-1.89,  	-20.21,0.42,0.00,25.35
-9.99,0.29,  	-4.09,-1.11,  	-19.99,0.29,0.00,25.31
-9.69,0.21,  	-4.40,-1.24,  	-19.69,0.21,0.00,25.33
-9.12,0.07,  	-4.38,-1.31,  	-19.44,0.12,0.00,25.33
-8.72,0.06,  	-3.34,-0.98,  	-19.12,0.07,0.00,25.29
-8.20,0.04,  	-1.92,-0.27,  	-18.72,0.06,0.00,25.26
-8.20,0.04,  	-1.63,-0.39,  	-18.20,0.04,0.00,25.26
-7.43,-0.07,  	-1.45,-0.95,  	-17.43,-0.07,0.00,25.26
-7.01,-0.09,  	-1.42,-1.03,  	-17.43,-0.07,0.00,25.26
-6.55,-0.04,  	-1.01,-0.32,  	-17.01,-0.09,0.00,25.25
-6.02,0.02,  	-0.06,0.62,  	-16.55,-0.04,0.00,25.25
-6.02,0.02,  	0.60,-0.24,  	-16.02,0.02,0.00,25.25
-5.54,-0.00,  	2.35,-0.03,  	-15.54,-0.00,0.00,25.27
-4.37,0.11,  	2.84,0.03,  	-14.93,0.00,0.00,25.28
-3.88,0.21,  	2.44,1.52,  	-14.37,0.11,0.00,25.28
-3.45,0.35,  	1.51,1.66,  	-13.88,0.21,0.00,25.27
-2.91,0.52,  	2.32,2.57,  	-12.91,0.52,0.00,25.30
-2.30,0.71,  	3.88,3.04,  	-12.30,0.71,0.00,25.34
-1.63,0.91,  	4.06,3.10,  	-12.30,0.71,0.00,25.35
-1.07,1.08,  	4.93,3.45,  	-11.63,0.91,0.00,25.39
-0.59,1.24,  	3.82,2.98,  	-11.07,1.08,0.00,25.34
-0.10,1.41,  	3.07,3.07,  	-10.10,1.41,0.00,25.32
0.33,1.64,  	2.47,4.03,  	-9.67,1.64,0.00,25.33
0.70,1.82,  	2.36,4.16,  	-9.67,1.64,0.00,25.34
1.17,1.99,  	1.70,3.48,  	-9.30,1.82,0.00,25.30
1.74,2.21,  	3.13,3.42,  	-8.83,1.99,0.00,25.33
2.14,2.38,  	2.99,3.53,  	-7.86,2.38,0.00,25.33
2.44,2.52,  	1.62,3.28,  	-7.56,2.52,0.00,25.30
2.68,2.64,  	1.45,3.25,  	-7.56,2.52,0.00,25.30
3.00,2.84,  	0.57,2.84,  	-7.32,2.64,0.00,25.28
3.33,2.97,  	1.60,4.07,  	-7.00,2.84,0.00,25.32
3.64,3.03,  	1.95,2.23,  	-6.36,3.03,0.00,25.28
3.98,3.08,  	2.40,2.21,  	-6.02,3.08,0.00,25.29
4.26,3.21,  	2.46,2.23,  	-6.02,3.08,0.00,25.29
4.43,3.24,  	1.84,3.08,  	-5.74,3.21,0.00,25.30
4.56,3.26,  	0.28,2.00,  	-5.57,3.24,0.00,25.26
4.74,3.28,  	0.34,1.73,  	-5.26,3.28,0.00,25.26
4.93,3.27,  	0.70,1.25,  	-5.07,3.27,0.00,25.26
5.17,3.24,  	0.73,1.17,  	-5.07,3.27,0.00,25.25
5.37,3.19,  	1.36,0.97,  	-4.83,3.24,0.00,25.26
5.46,3.13,  	1.07,0.57,  	-4.63,3.19,0.00,25.25
5.57,3.04,  	-0.20,0.10,  	-4.43,3.04,0.00,25.25
5.64,2.98,  	-0.66,0.28,  	-4.36,2.98,0.00,25.25
5.77,2.96,  	-0.73,0.32,  	-4.36,2.98,0.00,25.25
5.89,2.80,  	0.03,0.96,  	-4.23,2.96,0.00,25.25
6.06,2.65,  	0.17,-0.97,  	-4.11,2.80,0.00,25.25
6.19,2.52,  	0.41,-1.13,  	-3.81,2.52,0.00,25.25
6.31,2.37,  	0.32,-1.32,  	-3.69,2.37,0.00,25.25
6.39,2.26,  	0.31,-1.34,  	-3.69,2.37,0.00,25.25
6.42,2.09,  	-0.39,-0.60,  	-3.61,2.26,0.00,25.25
6.52,1.86,  	-0.98,-1.69,  	-3.58,2.09,0.00,25.26
6.68,1.67,  	0.86,-2.06,  	-3.32,1.67,0.00,25.27
6.88,1.51,  	1.49,-1.83,  	-3.12,1.51,0.00,25.27
6.98,1.28,  	1.56,-1.80,  	-3.12,1.51,0.00,25.27
7.07,1.02,  	0.39,-2.92,  	-3.02,1.28,0.00,25.28
7.15,0.90,  	0.17,-3.35,  	-2.93,1.02,0.00,25.29
7.21,0.81,  	-0.29,-1.19,  	-2.79,0.81,0.00,25.25
7.31,0.67,  	0.33,-1.66,  	-2.69,0.67,0.00,25.26
7.47,0.53,  	0.43,-1.74,  	-2.69,0.67,0.00,25.26
7.68,0.38,  	1.25,-1.90,  	-2.53,0.53,0.00,25.27
7.75,0.25,  	2.02,-1.97,  	-2.32,0.38,0.00,25.28
7.83,0.11,  	0.19,-1.99,  	-2.17,0.11,0.00,25.26
7.89,0.00,  	0.08,-1.70,  	-2.11,0.00,0.00,25.26
7.97,-0.07,  	0.07,-1.65,  	-2.11,0.00,0.00,25.26
8.07,-0.16,  	0.27,-1.19,  	-2.03,-0.07,0.00,25.25
8.20,-0.23,  	0.73,-1.28,  	-1.93,-0.16,0.00,25.26
8.37,-0.24,  	1.65,-0.40,  	-1.63,-0.24,0.00,25.26
8.40,-0.30,  	0.14,-0.96,  	-1.60,-0.30,0.00,25.25
8.42,-0.31,  	-0.09,-1.06,  	-1.60,-0.30,0.00,25.25
8.45,-0.27,  	-0.41,-0.41,  	-1.58,-0.31,0.00,25.25
8.52,-0.31,  	-0.15,0.35,  	-1.55,-0.27,0.00,25.25
8.60,-0.31,  	0.66,-0.24,  	-1.40,-0.31,0.00,25.25
8.75,-0.33,  	1.37,-0.30,  	-1.25,-0.33,0.00,25.26
8.85,-0.34,  	1.46,-0.32,  	-1.25,-0.33,0.00,25.26
8.84,-0.34,  	1.11,-0.15,  	-1.15,-0.34,0.00,25.25
8.83,-0.30,  	-0.53,-0.27,  	-1.16,-0.34,0.00,25.25
8.83,-0.27,  	-0.57,0.32,  	-1.17,-0.27,0.00,25.25
8.90,-0.20,  	0.41,0.78,  	-1.10,-0.20,0.00,25.25
8.98,-0.09,  	0.55,0.85,  	-1.10,-0.20,0.00,25.25
9.06,-0.03,  	0.66,1.72,  	-1.02,-0.09,0.00,25.26
9.07,0.02,  	0.90,0.96,  	-0.94,-0.03,0.00,25.25
9.10,0.07,  	0.04,0.63,  	-0.90,0.07,0.00,25.25
9.10,0.21,  	-0.31,2.07,  	-0.90,0.21,0.00,25.27
9.09,0.30,  	-0.37,2.28,  	-0.90,0.21,0.00,25.27
9.14,0.39,  	-0.50,1.46,  	-0.91,0.30,0.00,25.26
9.18,0.41,  	0.19,1.57,  	-0.86,0.39,0.00,25.26
9.27,0.43,  	1.00,0.56,  	-0.73,0.43,0.00,25.25
9.25,0.44,  	-0.45,0.20,  	-0.75,0.44,0.00,25.25
9.17,0.48,  	-0.68,0.15,  	-0.75,0.44,0.00,25.25
9.10,0.47,  	-1.38,0.64,  	-0.83,0.48,0.00,25.26
9.06,0.45,  	-1.46,0.30,  	-0.90,0.47,0.00,25.26
9.07,0.51,  	-0.30,1.09,  	-0.93,0.51,0.00,25.25
9.11,0.57,  	0.06,1.22,  	-0.89,0.57,0.00,25.25
9.12,0.59,  	0.10,1.21,  	-0.89,0.57,0.00,25.25
9.07,0.61,  	-0.09,0.60,  	-0.88,0.59,0.00,25.25
9.04,0.61,  	-1.12,0.25,  	-0.93,0.61,0.00,25.25
9.00,0.61,  	-1.00,0.28,  	-1.00,0.61,0.00,25.25
8.97,0.61,  	-0.77,0.20,  	-1.03,0.61,0.00,25.25
9.00,0.63,  	-0.73,0.18,  	-1.03,0.61,0.00,25.25
9.09,0.61,  	-0.17,0.54,  	-1.00,0.63,0.00,25.25
9.16,0.56,  	0.95,0.05,  	-0.91,0.61,0.00,25.25
9.12,0.48,  	-0.82,-1.00,  	-0.88,0.48,0.00,25.25
9.06,0.40,  	-1.18,-1.03,  	-0.94,0.40,0.00,25.26
9.02,0.39,  	-1.19,-1.02,  	-0.94,0.40,0.00,25.26
9.02,0.29,  	-1.03,-0.05,  	-0.98,0.39,0.00,25.25
9.07,0.23,  	-0.51,-1.23,  	-0.98,0.29,0.00,25.25
9.07,0.23,  	0.87,0.34,  	-0.93,0.23,0.00,25.25
9.21,0.25,  	0.46,0.05,  	-0.79,0.25,0.00,25.25
9.19,0.21,  	0.37,-0.02,  	-0.79,0.25,0.00,25.25
9.20,0.16,  	-0.60,-0.60,  	-0.81,0.21,0.00,25.25
9.17,0.17,  	-0.13,-0.65,  	-0.80,0.16,0.00,25.25
9.16,0.09,  	-0.62,-0.91,  	-0.84,0.09,0.00,25.25
9.18,-0.01,  	-0.09,-1.47,  	-0.82,-0.01,0.00,25.26
9.28,-0.12,  	-0.02,-1.52,  	-0.82,-0.01,0.00,25.26
9.35,-0.15,  	1.06,-1.61,  	-0.72,-0.12,0.00,25.26
9.35,-0.18,  	0.77,-0.55,  	-0.65,-0.15,0.00,25.25
9.30,-0.25,  	-0.92,-0.99,  	-0.70,-0.25,0.00,25.25
9.24,-0.27,  	-1.18,-0.66,  	-0.76,-0.27,0.00,25.25
9.28,-0.26,  	-1.20,-0.60,  	-0.76,-0.27,0.00,25.25
9.33,-0.31,  	0.27,0.09,  	-0.72,-0.26,0.00,25.25
9.41,-0.36,  	0.46,-0.73,  	-0.67,-0.31,0.00,25.25
9.47,-0.36,  	0.66,-0.33,  	-0.53,-0.36,0.00,25.25
9.45,-0.30,  	-0.42,0.56,  	-0.55,-0.30,0.00,25.25
9.49,-0.26,  	-0.57,0.68,  	-0.55,-0.30,0.00,25.25
9.49,-0.26,  	0.32,0.52,  	-0.51,-0.26,0.00,25.25
9.50,-0.24,  	-0.20,-0.15,  	-0.51,-0.26,0.00,25.25
9.50,-0.24,  	0.21,-0.30,  	-0.50,-0.24,0.00,25.25
9.62,-0.22,  	1.08,0.40,  	-0.38,-0.22,0.00,25.25
9.66,-0.25,  	1.20,0.51,  	-0.38,-0.22,0.00,25.25
9.65,-0.27,  	0.44,-0.40,  	-0.34,-0.25,0.00,25.25
9.63,-0.25,  	-0.25,-0.49,  	-0.35,-0.27,0.00,25.25
9.63,-0.25,  	-0.40,1.00,  	-0.37,-0.25,0.00,25.25
9.61,-0.17,  	0.17,1.03,  	-0.39,-0.17,0.00,25.25
9.64,-0.09,  	0.27,1.04,  	-0.36,-0.10,0.00,25.25
9.68,-0.06,  	-0.21,0.16,  	-0.36,-0.09,0.00,25.25
9.72,0.02,  	0.47,0.49,  	-0.32,-0.06,0.00,25.25
9.67,0.07,  	-0.68,0.79,  	-0.33,0.07,0.00,25.25
9.64,0.10,  	-0.58,0.52,  	-0.36,0.10,0.00,25.25
9.64,0.17,  	-0.54,0.49,  	-0.36,0.10,0.00,25.25
9.64,0.19,  	-0.21,1.21,  	-0.36,0.17,0.00,25.25
9.62,0.13,  	-0.22,0.38,  	-0.36,0.19,0.00,25.25
9.64,0.20,  	0.08,0.73,  	-0.36,0.20,0.00,25.25
9.66,0.25,  	0.18,0.98,  	-0.34,0.25,0.00,25.25
9.63,0.30,  	0.18,0.99,  	-0.34,0.25,0.00,25.25
9.56,0.35,  	-0.59,0.64,  	-0.37,0.30,0.00,25.25
9.56,0.37,  	-1.11,0.91,  	-0.44,0.35,0.00,25.26
9.55,0.33,  	-0.41,-0.38,  	-0.45,0.33,0.00,25.25
9.56,0.25,  	-0.06,-0.96,  	-0.44,0.25,0.00,25.25
9.58,0.19,  	-0.01,-1.02,  	-0.44,0.25,0.00,25.25
9.56,0.21,  	0.06,-0.79,  	-0.42,0.19,0.00,25.25
9.56,0.23,  	-0.34,0.19,  	-0.44,0.21,0.00,25.25
9.57,0.28,  	0.00,0.87,  	-0.43,0.28,0.00,25.25
9.55,0.30,  	-0.43,0.43,  	-0.45,0.30,0.00,25.25
9.59,0.31,  	-0.50,0.35,  	-0.45,0.30,0.00,25.25
9.62,0.27,  	0.39,0.35,  	-0.41,0.31,0.00,25.25
9.66,0.23,  	0.26,-0.32,  	-0.38,0.27,0.00,25.25
9.72,0.21,  	0.66,-0.23,  	-0.28,0.21,0.00,25.25
9.74,0.21,  	0.32,0.08,  	-0.26,0.21,0.00,25.25
9.75,0.19,  	0.26,0.11,  	-0.26,0.21,0.00,25.25
9.76,0.14,  	0.07,-0.25,  	-0.25,0.19,0.00,25.25
9.78,0.14,  	0.05,-0.66,  	-0.24,0.14,0.00,25.25
9.78,0.14,  	0.31,0.24,  	-0.22,0.14,0.00,25.25
9.87,0.24,  	0.69,1.28,  	-0.13,0.24,0.00,25.26
9.90,0.23,  	0.74,1.43,  	-0.13,0.24,0.00,25.26
9.92,0.25,  	0.45,0.02,  	-0.10,0.23,0.00,25.25
9.94,0.24,  	0.24,0.39,  	-0.08,0.25,0.00,25.25
9.94,0.24,  	0.33,0.59,  	-0.06,0.24,0.00,25.25
9.99,0.27,  	0.33,0.01,  	-0.01,0.27,0.00,25.25
10.01,0.24,  	0.33,-0.09,  	-0.01,0.27,0.00,25.25
10.04,0.21,  	0.33,-0.30,  	0.01,0.24,0.00,25.25
10.08,0.23,  	0.55,-0.45,  	0.04,0.21,0.00,25.25
10.08,0.23,  	-0.16,-0.39,  	0.08,0.23,0.00,25.25
10.06,0.19,  	-0.21,-0.19,  	0.06,0.19,0.00,25.25
10.06,0.18,  	-0.20,-0.14,  	0.04,0.18,0.00,25.25
10.08,0.23,  	0.29,0.22,  	0.06,0.18,0.00,25.25
10.13,0.24,  	0.23,0.61,  	0.08,0.23,0.00,25.25
10.13,0.24,  	0.26,0.20,  	0.13,0.24,0.00,25.25
10.17,0.25,  	0.52,0.23,  	0.17,0.25,0.00,25.25
10.17,0.23,  	0.57,0.24,  	0.17,0.25,0.00,25.25
10.16,0.21,  	0.07,-0.23,  	0.17,0.23,0.00,25.25
10.15,0.19,  	-0.03,-0.27,  	0.16,0.21,0.00,25.25
10.15,0.17,  	-0.01,-0.18,  	0.15,0.17,0.00,25.25
10.15,0.14,  	0.02,-0.26,  	0.15,0.14,0.00,25.25
10.15,0.15,  	0.02,-0.27,  	0.15,0.14,0.00,25.25
10.15,0.18,  	0.22,0.28,  	0.15,0.15,0.00,25.25
10.13,0.19,  	0.14,0.40,  	0.15,0.18,0.00,25.25
10.10,0.18,  	-0.36,-0.06,  	0.10,0.18,0.00,25.25
10.10,0.24,  	-0.08,0.88,  	0.10,0.24,0.00,25.25
10.08,0.27,  	-0.05,1.03,  	0.10,0.24,0.00,25.25
10.10,0.25,  	-0.16,0.56,  	0.08,0.27,0.00,25.25
10.08,0.29,  	0.21,-0.19,  	0.10,0.25,0.00,25.25
10.08,0.29,  	0.41,0.79,  	0.08,0.29,0.00,25.25
10.12,0.33,  	0.10,0.06,  	0.12,0.33,0.00,25.25
10.08,0.28,  	0.04,-0.06,  	0.12,0.32,0.00,25.25
10.04,0.25,  	-0.55,-0.39,  	0.08,0.28,0.00,25.25
10.03,0.26,  	-0.45,-0.36,  	0.04,0.25,0.00,25.25
10.01,0.25,  	-0.24,-0.05,  	0.01,0.25,0.00,25.25
9.99,0.26,  	-0.42,0.21,  	-0.01,0.26,0.00,25.25
9.96,0.24,  	-0.44,0.26,  	-0.01,0.26,0.00,25.25
9.94,0.22,  	-0.36,-0.15,  	-0.04,0.24,0.00,25.25
9.94,0.24,  	-0.29,-0.12,  	-0.06,0.22,0.00,25.25
9.92,0.22,  	-0.35,-0.15,  	-0.08,0.22,0.00,25.25
9.93,0.23,  	0.05,0.20,  	-0.07,0.23,0.00,25.25
9.93,0.25,  	0.12,0.26,  	-0.07,0.23,0.00,25.25
9.92,0.22,  	0.03,0.35,  	-0.07,0.25,0.00,25.25
9.92,0.21,  	-0.13,-0.27,  	-0.08,0.22,0.00,25.25
9.94,0.29,  	0.17,1.06,  	-0.06,0.29,0.00,25.25
9.94,0.34,  	-0.02,0.89,  	-0.06,0.34,0.00,25.25
9.93,0.32,  	-0.05,0.83,  	-0.06,0.34,0.00,25.25
9.92,0.32,  	-0.14,-0.07,  	-0.07,0.32,0.00,25.25
9.92,0.32,  	-0.22,0.20,  	-0.08,0.32,0.00,25.25
9.94,0.32,  	0.26,0.23,  	-0.06,0.32,0.00,25.25
9.94,0.31,  	0.09,0.02,  	-0.06,0.31,0.00,25.25
9.95,0.32,  	0.06,-0.02,  	-0.06,0.31,0.00,25.25
9.94,0.30,  	0.17,0.26,  	-0.05,0.32,0.00,25.25
9.94,0.32,  	-0.21,-0.13,  	-0.06,0.30,0.00,25.25
9.96,0.39,  	0.34,1.18,  	-0.04,0.39,0.00,25.25
9.98,0.43,  	0.18,0.77,  	-0.02,0.43,0.00,25.25
9.99,0.50,  	0.15,0.68,  	-0.02,0.43,0.00,25.25
10.00,0.54,  	0.17,1.40,  	-0.01,0.50,0.00,25.26
10.00,0.57,  	0.15,0.84,  	0.00,0.54,0.00,25.25
9.99,0.58,  	-0.12,0.46,  	-0.01,0.58,0.00,25.25
9.99,0.54,  	-0.03,-0.23,  	-0.01,0.54,0.00,25.25
9.98,0.49,  	-0.01,-0.33,  	-0.01,0.54,0.00,25.25
9.96,0.44,  	-0.17,-0.51,  	-0.02,0.49,0.00,25.25
9.96,0.42,  	-0.21,-0.56,  	-0.04,0.44,0.00,25.25
9.98,0.44,  	0.17,0.42,  	-0.02,0.44,0.00,25.25
9.97,0.42,  	-0.06,-0.04,  	-0.03,0.42,0.00,25.25
9.97,0.44,  	-0.10,-0.12,  	-0.03,0.42,0.00,25.25
9.97,0.53,  	-0.01,0.46,  	-0.03,0.44,0.00,25.25
9.98,0.61,  	0.01,1.52,  	-0.03,0.53,0.00,25.26
10.00,0.61,  	0.26,0.42,  	0.00,0.61,0.00,25.25
10.02,0.59,  	0.37,0.00,  	0.02,0.59,0.00,25.25
10.03,0.59,  	0.38,-0.04,  	0.02,0.59,0.00,25.25
10.00,0.54,  	0.13,0.16,  	0.03,0.59,0.00,25.25
10.01,0.54,  	-0.37,-0.56,  	0.00,0.54,0.00,25.25
10.01,0.50,  	-0.06,-0.30,  	0.01,0.50,0.00,25.25
9.99,0.49,  	-0.12,0.11,  	-0.01,0.49,0.00,25.25
9.97,0.54,  	-0.13,0.18,  	-0.01,0.49,0.00,25.25
9.96,0.57,  	-0.32,0.77,  	-0.03,0.54,0.00,25.25
9.93,0.58,  	-0.23,0.71,  	-0.04,0.57,0.00,25.25
9.92,0.61,  	-0.20,0.72,  	-0.08,0.61,0.00,25.25
9.91,0.61,  	-0.23,0.34,  	-0.09,0.61,0.00,25.25
9.92,0.65,  	-0.24,0.28,  	-0.09,0.61,0.00,25.25
9.92,0.63,  	0.04,0.71,  	-0.08,0.65,0.00,25.25
9.91,0.62,  	-0.08,0.17,  	-0.08,0.63,0.00,25.25
9.91,0.59,  	-0.06,-0.17,  	-0.09,0.59,0.00,25.25
9.91,0.59,  	-0.08,0.07,  	-0.09,0.59,0.00,25.25
9.87,0.54,  	-0.08,0.11,  	-0.09,0.59,0.00,25.25
9.88,0.59,  	-0.57,-0.36,  	-0.13,0.54,0.00,25.25
9.89,0.63,  	0.04,0.88,  	-0.12,0.59,0.00,25.25
9.87,0.60,  	-0.19,0.02,  	-0.13,0.60,0.00,25.25
9.85,0.58,  	-0.44,-0.02,  	-0.15,0.58,0.00,25.25
9.85,0.60,  	-0.47,-0.00,  	-0.15,0.58,0.00,25.25
9.84,0.54,  	-0.04,0.43,  	-0.15,0.60,0.00,25.25
9.82,0.53,  	-0.22,-0.59,  	-0.16,0.54,0.00,25.25
9.82,0.52,  	-0.23,-0.01,  	-0.18,0.52,0.00,25.25
9.82,0.54,  	-0.05,0.60,  	-0.18,0.54,0.00,25.25
9.85,0.57,  	-0.03,0.69,  	-0.18,0.54,0.00,25.25
9.83,0.54,  	0.40,0.65,  	-0.15,0.57,0.00,25.25
9.82,0.55,  	-0.22,-0.23,  	-0.17,0.54,0.00,25.25
9.82,0.56,  	-0.29,0.40,  	-0.18,0.55,0.00,25.25
9.81,0.53,  	-0.11,0.33,  	-0.18,0.56,0.00,25.25
9.84,0.49,  	-0.18,-0.26,  	-0.19,0.53,0.00,25.25
9.83,0.45,  	0.27,-0.30,  	-0.16,0.49,0.00,25.25
9.80,0.43,  	-0.17,-0.41,  	-0.17,0.45,0.00,25.25
9.80,0.43,  	-0.47,-0.18,  	-0.20,0.43,0.00,25.25
9.80,0.43,  	-0.09,0.23,  	-0.20,0.43,0.00,25.25
9.78,0.39,  	-0.04,0.23,  	-0.20,0.43,0.00,25.25
9.80,0.36,  	-0.32,-0.38,  	-0.22,0.39,0.00,25.25
9.81,0.38,  	0.17,-0.29,  	-0.20,0.36,0.00,25.25
9.80,0.29,  	-0.25,-0.96,  	-0.20,0.29,0.00,25.25
9.81,0.27,  	0.01,-0.29,  	-0.19,0.27,0.00,25.25
9.82,0.23,  	0.06,-0.16,  	-0.19,0.27,0.00,25.25
9.86,0.20,  	0.06,-0.62,  	-0.18,0.23,0.00,25.25
9.90,0.21,  	0.54,-0.32,  	-0.14,0.20,0.00,25.25
9.90,0.18,  	0.03,-0.22,  	-0.10,0.18,0.00,25.25
9.90,0.16,  	0.00,-0.14,  	-0.10,0.16,0.00,25.25
9.92,0.19,  	0.01,-0.11,  	-0.10,0.16,0.00,25.25
9.96,0.23,  	0.14,0.39,  	-0.08,0.19,0.00,25.25
9.99,0.25,  	0.58,0.57,  	-0.04,0.23,0.00,25.25
9.99,0.19,  	-0.00,-0.63,  	-0.01,0.19,0.00,25.25
9.96,0.10,  	-0.33,-1.28,  	-0.04,0.10,0.00,25.25
9.99,0.09,  	-0.36,-1.34,  	-0.04,0.10,0.00,25.25
9.99,-0.00,  	0.37,-0.23,  	-0.01,0.09,0.00,25.25
10.00,0.01,  	7.89,-1.23,  	19.99,-0.00,0.00,25.51
10.01,0.07,  	8.53,0.89,  	20.01,0.07,0.00,25.53
10.01,0.02,  	8.36,-0.48,  	20.01,0.02,0.00,25.51
10.03,0.02,  	8.34,-0.70,  	20.01,0.02,0.00,25.51
10.01,-0.02,  	8.53,0.12,  	20.03,0.02,0.00,25.52
9.97,-0.07,  	8.11,-0.61,  	20.01,-0.02,0.00,25.50
9.97,-0.02,  	8.20,0.56,  	19.97,-0.02,0.00,25.51
9.84,0.09,  	6.61,1.48,  	19.84,0.09,0.00,25.42
9.78,0.21,  	6.37,1.58,  	19.84,0.09,0.00,25.41
9.75,0.34,  	7.17,1.69,  	19.78,0.21,0.00,25.46
9.59,0.45,  	7.83,2.15,  	19.75,0.34,0.00,25.50
9.38,0.55,  	5.06,1.70,  	19.38,0.55,0.00,25.35
9.16,0.67,  	4.72,2.11,  	19.16,0.67,0.00,25.35
8.94,0.79,  	4.70,2.17,  	19.16,0.67,0.00,25.35
8.74,0.88,  	4.54,2.32,  	18.94,0.79,0.00,25.35
8.49,1.02,  	4.80,1.81,  	18.74,0.88,0.00,25.35
8.22,1.12,  	3.57,1.89,  	18.22,1.12,0.00,25.31
7.92,1.28,  	3.17,2.57,  	17.92,1.28,0.00,25.31
7.55,1.38,  	3.14,2.68,  	17.92,1.28,0.00,25.31
7.10,1.47,  	1.87,2.05,  	17.55,1.38,0.00,25.28
6.62,1.52,  	0.54,2.03,  	17.10,1.47,0.00,25.26
6.18,1.51,  	0.05,0.78,  	16.18,1.51,0.00,25.25
5.74,1.51,  	0.05,0.72,  	15.74,1.51,0.00,25.25
5.30,1.54,  	0.06,0.72,  	15.74,1.51,0.00,25.25
4.77,1.51,  	-0.23,1.09,  	15.30,1.54,0.00,25.25
4.18,1.45,  	-1.76,0.08,  	14.77,1.51,0.00,25.26
3.55,1.31,  	-3.57,-1.34,  	13.55,1.31,0.00,25.31
2.98,1.16,  	-3.28,-1.79,  	12.98,1.16,0.00,25.30
2.46,1.06,  	-3.20,-1.82,  	12.98,1.16,0.00,25.30
1.93,0.94,  	-2.48,-1.07,  	12.46,1.06,0.00,25.27
1.39,0.89,  	-2.87,-1.37,  	11.93,0.94,0.00,25.29
1.39,0.89,  	-3.26,-0.25,  	11.39,0.89,0.00,25.29
0.35,0.77,  	-3.17,-0.69,  	10.35,0.77,0.00,25.29
-0.20,0.67,  	-3.11,-0.76,  	10.35,0.77,0.00,25.29
-0.77,0.53,  	-4.09,-1.14,  	9.80,0.67,0.00,25.32
-1.30,0.30,  	-4.62,-1.85,  	9.23,0.53,0.00,25.34
-1.76,0.08,  	-3.51,-3.14,  	8.24,0.08,0.00,25.33
-2.23,-0.14,  	-3.71,-3.25,  	7.77,-0.14,0.00,25.34
-2.66,-0.35,  	-3.75,-3.27,  	7.77,-0.14,0.00,25.34
-3.13,-0.51,  	-3.41,-3.28,  	7.34,-0.35,0.00,25.33
-3.60,-0.71,  	-4.12,-2.71,  	6.87,-0.51,0.00,25.34
-4.03,-0.93,  	-4.05,-3.68,  	5.97,-0.93,0.00,25.36
-4.43,-1.08,  	-3.63,-2.89,  	5.57,-1.08,0.00,25.33
-4.82,-1.20,  	-3.56,-2.75,  	5.57,-1.08,0.00,25.32
-5.16,-1.34,  	-3.70,-2.28,  	5.18,-1.20,0.00,25.32
-5.45,-1.47,  	-3.05,-2.65,  	4.84,-1.34,0.00,25.31
-5.71,-1.61,  	-2.21,-2.60,  	4.29,-1.61,0.00,25.29
-5.99,-1.73,  	-2.52,-2.54,  	4.01,-1.73,0.00,25.30
-6.26,-1.82,  	-2.56,-2.52,  	4.01,-1.73,0.00,25.30
-6.47,-1.86,  	-2.35,-2.14,  	3.74,-1.82,0.00,25.29
-6.67,-1.95,  	-1.71,-1.29,  	3.53,-1.86,0.00,25.26
-6.83,-2.06,  	-1.02,-2.45,  	3.17,-2.06,0.00,25.27
-6.97,-2.12,  	-0.89,-2.02,  	3.03,-2.12,0.00,25.27
-7.12,-2.14,  	-0.88,-1.95,  	3.03,-2.12,0.00,25.27
-7.27,-2.13,  	-1.06,-1.34,  	2.88,-2.14,0.00,25.26
-7.36,-2.00,  	-1.01,-0.72,  	2.73,-2.13,0.00,25.25
-7.45,-1.94,  	-0.31,0.36,  	2.55,-1.94,0.00,25.25
-7.54,-1.87,  	-0.33,0.25,  	2.46,-1.87,0.00,25.25
-7.59,-1.81,  	-0.33,0.25,  	2.46,-1.87,0.00,25.25
-7.60,-1.71,  	0.29,0.13,  	2.41,-1.81,0.00,25.25
-7.68,-1.61,  	0.73,0.74,  	2.40,-1.71,0.00,25.25
-7.73,-1.48,  	0.19,1.15,  	2.27,-1.48,0.00,25.25
-7.77,-1.35,  	0.26,1.43,  	2.23,-1.35,0.00,25.26
-7.81,-1.21,  	0.26,1.46,  	2.23,-1.35,0.00,25.26
-7.86,-1.12,  	0.38,1.49,  	2.19,-1.21,0.00,25.26
-7.86,-0.91,  	0.12,1.00,  	2.14,-1.12,0.00,25.25
-7.88,-0.72,  	0.91,2.67,  	2.14,-0.91,0.00,25.28
-7.97,-0.63,  	-0.41,1.45,  	2.03,-0.63,0.00,25.26
-8.05,-0.49,  	-0.56,1.27,  	2.03,-0.63,0.00,25.25
-8.13,-0.31,  	-0.45,1.71,  	1.95,-0.49,0.00,25.26
-8.17,-0.11,  	-0.20,2.55,  	1.87,-0.31,0.00,25.27
-8.24,-0.01,  	-0.23,1.70,  	1.76,-0.01,0.00,25.26
-8.28,0.13,  	0.16,2.05,  	1.72,0.13,0.00,25.26
-8.32,0.24,  	0.22,2.12,  	1.72,0.13,0.00,25.27
-8.41,0.36,  	-0.07,1.86,  	1.68,0.24,0.00,25.26
-8.49,0.46,  	-0.55,1.94,  	1.59,0.36,0.00,25.26
-8.49,0.46,  	-0.89,1.42,  	1.51,0.46,0.00,25.26
-8.60,0.53,  	-0.30,2.10,  	1.40,0.53,0.00,25.27
-8.70,0.76,  	-0.23,2.26,  	1.34,0.67,0.00,25.27
-8.74,0.88,  	-0.16,1.58,  	1.30,0.76,0.00,25.26
-8.81,0.99,  	-0.14,2.11,  	1.26,0.88,0.00,25.26
-8.83,1.13,  	0.09,2.51,  	1.17,1.13,0.00,25.27
-8.90,1.26,  	-0.54,2.65,  	1.10,1.26,0.00,25.28
-9.01,1.33,  	-0.64,2.66,  	1.10,1.26,0.00,25.28
-9.05,1.38,  	-1.19,1.58,  	0.99,1.33,0.00,25.26
-9.10,1.40,  	-0.19,1.33,  	0.95,1.38,0.00,25.25
-9.14,1.42,  	-0.25,0.88,  	0.86,1.42,0.00,25.25
-9.20,1.41,  	-0.57,0.50,  	0.80,1.41,0.00,25.25
-9.27,1.44,  	-0.62,0.45,  	0.80,1.41,0.00,25.25
-9.31,1.47,  	-0.68,1.05,  	0.73,1.44,0.00,25.25
-9.42,1.49,  	-0.30,1.00,  	0.69,1.47,0.00,25.25
-9.51,1.50,  	-1.50,0.88,  	0.58,1.49,0.00,25.26
-9.56,1.49,  	-1.16,0.74,  	0.49,1.50,0.00,25.25
-9.56,1.49,  	-0.44,0.52,  	0.44,1.49,0.00,25.25
-9.62,1.43,  	0.12,0.63,  	0.44,1.49,0.00,25.25
-9.69,1.34,  	-0.66,-0.33,  	0.38,1.43,0.00,25.25
-9.72,1.26,  	-0.39,-0.61,  	0.28,1.26,0.00,25.25
-9.74,1.14,  	-0.31,-1.19,  	0.26,1.14,0.00,25.25
-9.79,1.07,  	-0.31,-1.28,  	0.26,1.14,0.00,25.25
-9.82,0.99,  	-0.60,-0.75,  	0.21,1.07,0.00,25.25
-9.82,0.94,  	-0.41,-0.76,  	0.18,0.99,0.00,25.25
-9.86,0.82,  	-0.35,-1.39,  	0.14,0.82,0.00,25.26
-9.87,0.76,  	-0.13,-0.63,  	0.13,0.76,0.00,25.25
-9.91,0.71,  	-0.08,-0.49,  	0.13,0.76,0.00,25.25
-9.93,0.66,  	-0.62,-0.51,  	0.09,0.71,0.00,25.25
-9.91,0.66,  	-0.34,-0.29,  	0.07,0.66,0.00,25.25
-9.91,0.66,  	0.75,-0.70,  	0.09,0.66,0.00,25.25
-9.86,0.60,  	0.67,-1.58,  	0.14,0.60,0.00,25.26
-9.79,0.42,  	0.66,-1.73,  	0.18,0.47,0.00,25.26
-9.79,0.42,  	0.56,-0.47,  	0.21,0.42,0.00,25.25
-9.79,0.39,  	0.22,0.04,  	0.21,0.42,0.00,25.25
-9.77,0.33,  	0.23,-0.66,  	0.23,0.33,0.00,25.25
-9.81,0.35,  	-0.30,0.25,  	0.19,0.35,0.00,25.25
-9.79,0.41,  	-0.39,0.39,  	0.19,0.35,0.00,25.25
-9.79,0.44,  	0.19,0.97,  	0.21,0.41,0.00,25.25
-9.78,0.49,  	0.17,0.60,  	0.21,0.44,0.00,25.25
-9.75,0.50,  	0.47,0.48,  	0.25,0.50,0.00,25.25
-9.78,0.50,  	-0.21,0.18,  	0.22,0.50,0.00,25.25
-9.79,0.50,  	-0.31,0.15,  	0.22,0.50,0.00,25.25
-9.78,0.50,  	-0.17,0.13,  	0.21,0.50,0.00,25.25
-9.77,0.53,  	0.30,0.12,  	0.22,0.50,0.00,25.25
-9.75,0.61,  	0.33,0.63,  	0.23,0.53,0.00,25.25
-9.77,0.69,  	0.30,1.56,  	0.25,0.61,0.00,25.26
-9.81,0.78,  	-0.14,1.46,  	0.23,0.69,0.00,25.26
-9.84,0.81,  	-0.53,1.69,  	0.19,0.78,0.00,25.26
-9.88,0.84,  	-0.32,0.84,  	0.16,0.81,0.00,25.25
-9.94,0.93,  	-0.90,1.59,  	0.06,0.93,0.00,25.26
-9.99,0.95,  	-0.72,0.74,  	0.01,0.95,0.00,25.25
-10.04,0.97,  	-0.69,0.59,  	0.01,0.95,0.00,25.25
-10.04,1.05,  	-0.68,0.81,  	-0.04,0.97,0.00,25.25
-10.07,1.09,  	-0.09,1.57,  	-0.04,1.05,0.00,25.26
-10.13,1.13,  	-0.78,1.12,  	-0.13,1.13,0.00,25.25
-10.19,1.11,  	-1.00,0.27,  	-0.19,1.11,0.00,25.25
-10.26,1.10,  	-1.03,0.15,  	-0.19,1.11,0.00,25.25
-10.33,1.08,  	-1.10,0.29,  	-0.26,1.10,0.00,25.25
-10.37,1.09,  	-1.27,0.13,  	-0.33,1.08,0.00,25.25
-10.39,1.09,  	-0.51,0.45,  	-0.39,1.09,0.00,25.25
-10.42,1.01,  	-0.71,-0.66,  	-0.42,1.01,0.00,25.25
-10.47,0.97,  	-0.75,-0.82,  	-0.42,1.01,0.00,25.25
-10.54,0.91,  	-0.86,-0.32,  	-0.47,0.97,0.00,25.25
-10.58,0.88,  	-1.22,-0.25,  	-0.54,0.91,0.00,25.25
-10.62,0.86,  	-0.75,0.01,  	-0.62,0.86,0.00,25.25
-10.62,0.82,  	-0.47,-0.28,  	-0.62,0.82,0.00,25.25
-10.62,0.78,  	-0.44,-0.33,  	-0.62,0.82,0.00,25.25
-10.61,0.80,  	-0.17,-0.24,  	-0.62,0.78,0.00,25.25
-10.62,0.79,  	-0.14,0.48,  	-0.61,0.80,0.00,25.25
-10.61,0.81,  	-0.11,0.66,  	-0.61,0.81,0.00,25.25
-10.61,0.81,  	-0.43,1.13,  	-0.61,0.81,0.00,25.25
-10.63,0.91,  	-0.49,1.21,  	-0.62,0.86,0.00,25.25
-10.60,0.92,  	-0.24,1.10,  	-0.63,0.91,0.00,25.25
-10.58,0.91,  	0.03,0.49,  	-0.60,0.92,0.00,25.25
-10.55,0.89,  	0.12,0.14,  	-0.55,0.89,0.00,25.25
-10.58,0.86,  	-0.49,-0.05,  	-0.58,0.86,0.00,25.25
-10.61,0.86,  	-0.58,-0.08,  	-0.58,0.86,0.00,25.25
-10.65,0.82,  	-0.71,0.40,  	-0.61,0.86,0.00,25.25
-10.69,0.76,  	-0.87,-0.28,  	-0.65,0.82,0.00,25.25
-10.67,0.80,  	-0.07,0.73,  	-0.67,0.80,0.00,25.25
-10.65,0.85,  	0.00,0.94,  	-0.65,0.85,0.00,25.25
-10.65,0.82,  	-0.01,0.94,  	-0.65,0.85,0.00,25.25
-10.65,0.83,  	-0.36,0.01,  	-0.65,0.82,0.00,25.25
-10.69,0.83,  	-0.14,0.52,  	-0.65,0.83,0.00,25.25
-10.74,0.80,  	-0.98,-0.10,  	-0.74,0.80,0.00,25.25
-10.74,0.78,  	-0.45,0.06,  	-0.74,0.78,0.00,25.25
-10.74,0.75,  	-0.37,0.10,  	-0.74,0.78,0.00,25.25
-10.72,0.76,  	-0.34,-0.10,  	-0.74,0.75,0.00,25.25
-10.72,0.70,  	-0.17,0.26,  	-0.72,0.76,0.00,25.25
-10.72,0.68,  	-0.30,-0.24,  	-0.72,0.68,0.00,25.25
-10.72,0.69,  	-0.29,0.42,  	-0.72,0.69,0.00,25.25
-10.76,0.69,  	-0.28,0.51,  	-0.72,0.69,0.00,25.25
-10.78,0.63,  	-0.75,0.34,  	-0.76,0.69,0.00,25.25
-10.74,0.57,  	-0.64,-0.61,  	-0.78,0.63,0.00,25.25
-10.74,0.57,  	0.48,0.23,  	-0.74,0.57,0.00,25.25
-10.67,0.57,  	0.07,0.23,  	-0.67,0.57,0.00,25.25
-10.67,0.57,  	-0.01,0.20,  	-0.67,0.57,0.00,25.25
-10.69,0.62,  	-0.21,0.37,  	-0.67,0.57,0.00,25.25
-10.66,0.65,  	-0.46,0.80,  	-0.69,0.62,0.00,25.25
-10.66,0.65,  	0.01,0.80,  	-0.66,0.65,0.00,25.25
-10.64,0.74,  	0.02,0.83,  	-0.64,0.74,0.00,25.25
-10.62,0.75,  	0.02,0.72,  	-0.62,0.77,0.00,25.25
-10.60,0.76,  	-0.34,-0.06,  	-0.62,0.75,0.00,25.25
-10.60,0.76,  	0.12,0.51,  	-0.60,0.76,0.00,25.25
-10.60,0.75,  	-0.31,0.34,  	-0.60,0.75,0.00,25.25
-10.59,0.76,  	-0.13,0.44,  	-0.59,0.76,0.00,25.25
-10.57,0.78,  	-0.11,0.46,  	-0.59,0.76,0.00,25.25
-10.56,0.73,  	-0.01,0.54,  	-0.57,0.78,0.00,25.25
-10.56,0.76,  	-0.03,-0.33,  	-0.56,0.73,0.00,25.25
-10.56,0.76,  	-0.20,0.68,  	-0.56,0.76,0.00,25.25
-10.56,0.75,  	-0.20,0.23,  	-0.56,0.76,0.00,25.25
-10.58,0.75,  	-0.28,0.15,  	-0.56,0.75,0.00,25.25
-10.57,0.77,  	-0.58,0.38,  	-0.58,0.75,0.00,25.25
-10.56,0.75,  	-0.05,0.55,  	-0.57,0.77,0.00,25.25
-10.55,0.74,  	-0.01,0.29,  	-0.55,0.74,0.00,25.25
-10.54,0.72,  	-0.09,0.05,  	-0.54,0.72,0.00,25.25
-10.55,0.69,  	-0.11,0.01,  	-0.54,0.72,0.00,25.25
-10.56,0.66,  	-0.31,-0.25,  	-0.55,0.69,0.00,25.25
-10.57,0.66,  	-0.51,-0.16,  	-0.56,0.66,0.00,25.25
-10.59,0.64,  	-0.54,0.05,  	-0.59,0.64,0.00,25.25
-10.58,0.69,  	-0.18,0.88,  	-0.58,0.69,0.00,25.25
-10.57,0.71,  	-0.12,1.01,  	-0.58,0.69,0.00,25.25
-10.56,0.75,  	-0.10,0.63,  	-0.57,0.71,0.00,25.25
-10.57,0.74,  	-0.04,0.84,  	-0.56,0.75,0.00,25.25
-10.57,0.78,  	-0.18,0.87,  	-0.57,0.78,0.00,25.25
-10.58,0.83,  	-0.39,1.10,  	-0.58,0.83,0.00,25.25
-10.59,0.83,  	-0.43,1.12,  	-0.58,0.83,0.00,25.25
-10.58,0.82,  	-0.37,0.46,  	-0.59,0.83,0.00,25.25
-10.59,0.80,  	-0.15,0.18,  	-0.58,0.82,0.00,25.25
-10.59,0.80,  	-0.04,0.56,  	-0.59,0.80,0.00,25.25
-10.58,0.83,  	-0.81,-0.60,  	-0.58,0.83,0.00,25.25
-10.62,0.72,  	-0.95,-0.81,  	-0.62,0.75,0.00,25.25
-10.62,0.75,  	-0.34,-0.31,  	-0.62,0.72,0.00,25.25
-10.64,0.74,  	-0.25,0.77,  	-0.62,0.75,0.00,25.25
-10.66,0.65,  	-0.47,-0.83,  	-0.66,0.65,0.00,25.25
-10.65,0.60,  	-0.21,-0.54,  	-0.65,0.60,0.00,25.25
-10.63,0.58,  	-0.18,-0.47,  	-0.65,0.60,0.00,25.25
-10.62,0.52,  	-0.00,-0.19,  	-0.63,0.58,0.00,25.25
-10.66,0.44,  	-0.15,-0.61,  	-0.62,0.52,0.00,25.25
-10.68,0.41,  	-0.51,-0.30,  	-0.68,0.41,0.00,25.25
-10.66,0.40,  	-0.13,-0.09,  	-0.66,0.40,0.00,25.25
-10.60,0.44,  	-0.08,-0.08,  	-0.66,0.40,0.00,25.25
-10.59,0.43,  	0.56,0.77,  	-0.60,0.44,0.00,25.25
-10.59,0.42,  	-0.09,0.07,  	-0.59,0.43,0.00,25.25
-10.55,0.44,  	0.22,0.39,  	-0.55,0.44,0.00,25.25
-10.55,0.49,  	-0.13,0.93,  	-0.55,0.49,0.00,25.25
-10.54,0.53,  	-0.19,1.01,  	-0.55,0.49,0.00,25.25
-10.52,0.54,  	-0.01,0.92,  	-0.54,0.53,0.00,25.25
-10.50,0.56,  	-0.03,0.35,  	-0.52,0.54,0.00,25.25
-10.50,0.55,  	-0.13,0.08,  	-0.50,0.55,0.00,25.25
-10.52,0.47,  	-0.39,-0.82,  	-0.52,0.47,0.00,25.25
-10.56,0.44,  	-0.43,-0.95,  	-0.52,0.47,0.00,25.25
-10.59,0.43,  	-0.79,-0.30,  	-0.56,0.44,0.00,25.25
-10.61,0.42,  	-0.67,-0.01,  	-0.59,0.43,0.00,25.25
-10.64,0.37,  	-0.79,-0.53,  	-0.64,0.37,0.00,25.25
-10.64,0.41,  	-0.36,0.55,  	-0.64,0.41,0.00,25.25
-10.64,0.43,  	-0.29,0.72,  	-0.64,0.41,0.00,25.25
-10.63,0.47,  	-0.19,0.37,  	-0.64,0.43,0.00,25.25
-10.67,0.48,  	-0.06,0.86,  	-0.63,0.47,0.00,25.25
-10.71,0.50,  	-0.96,0.53,  	-0.71,0.50,0.00,25.25
-10.73,0.60,  	-0.62,1.62,  	-0.73,0.60,0.00,25.26
-10.74,0.66,  	-0.57,1.78,  	-0.73,0.60,0.00,25.26
-10.76,0.64,  	-0.51,1.13,  	-0.74,0.66,0.00,25.25
-10.80,0.65,  	-0.57,0.08,  	-0.76,0.64,0.00,25.25
-10.83,0.73,  	-0.86,0.39,  	-0.80,0.65,0.00,25.25
-10.87,0.75,  	-0.80,1.41,  	-0.83,0.73,0.00,25.26
-10.87,0.80,  	-0.99,0.71,  	-0.87,0.75,0.00,25.25
-10.92,0.82,  	-0.45,1.03,  	-0.87,0.80,0.00,25.25
-10.98,0.81,  	-1.07,0.63,  	-0.92,0.82,0.00,25.25
-10.99,0.83,  	-0.74,0.58,  	-0.99,0.83,0.00,25.25
-11.03,0.83,  	-0.94,0.36,  	-1.03,0.83,0.00,25.25
-11.06,0.84,  	-0.97,0.31,  	-1.03,0.83,0.00,25.25
-11.10,0.87,  	-0.87,0.60,  	-1.06,0.84,0.00,25.25
-11.12,0.91,  	-1.03,0.71,  	-1.10,0.87,0.00,25.25
-11.12,0.96,  	-0.53,1.03,  	-1.12,0.96,0.00,25.25
-11.12,1.00,  	-0.58,0.97,  	-1.12,1.00,0.00,25.25
-11.16,1.04,  	-0.59,0.96,  	-1.12,1.00,0.00,25.25
-11.22,1.00,  	-0.96,1.00,  	-1.16,1.04,0.00,25.25
-11.22,1.05,  	-1.31,0.05,  	-1.22,1.00,0.00,25.25
-11.22,0.98,  	-0.48,-0.35,  	-1.22,0.98,0.00,25.25
-11.23,0.93,  	-0.64,-0.42,  	-1.23,0.93,0.00,25.25
-11.22,0.98,  	-0.67,-0.40,  	-1.23,0.93,0.00,25.25
-11.21,1.06,  	-0.28,1.19,  	-1.22,0.98,0.00,25.25
-11.21,1.02,  	-0.41,1.56,  	-1.21,1.06,0.00,25.26
-11.21,1.02,  	-0.65,-0.18,  	-1.21,1.02,0.00,25.25
-11.27,0.96,  	-1.09,-0.08,  	-1.27,0.96,0.00,25.25
-11.28,0.94,  	-1.15,-0.05,  	-1.27,0.96,0.00,25.25
-11.27,0.93,  	-0.81,0.08,  	-1.28,0.94,0.00,25.25
-11.22,0.91,  	-0.26,0.27,  	-1.27,0.93,0.00,25.25
-11.22,0.91,  	-0.25,0.08,  	-1.22,0.91,0.00,25.25
-11.21,0.89,  	0.06,0.04,  	-1.21,0.89,0.00,25.25
-11.12,0.85,  	0.13,0.02,  	-1.17,0.86,0.00,25.25
-11.08,0.87,  	0.21,0.15,  	-1.12,0.85,0.00,25.25
-11.07,0.85,  	0.12,0.71,  	-1.08,0.87,0.00,25.25
-11.07,0.85,  	0.08,0.53,  	-1.07,0.85,0.00,25.25
-10.97,0.89,  	0.43,0.73,  	-0.97,0.89,0.00,25.25
-10.93,0.83,  	0.47,0.75,  	-0.97,0.89,0.00,25.25
-10.94,0.73,  	0.26,-0.54,  	-0.93,0.83,0.00,25.25
-10.92,0.73,  	-0.59,-1.12,  	-0.94,0.73,0.00,25.25
-10.90,0.71,  	-0.09,0.08,  	-0.90,0.71,0.00,25.25
-10.90,0.71,  	-0.39,0.21,  	-0.90,0.71,0.00,25.25
-10.88,0.71,  	-0.43,0.23,  	-0.90,0.71,0.00,25.25
-10.86,0.68,  	-0.07,0.31,  	-0.88,0.71,0.00,25.25
-10.83,0.70,  	-0.11,-0.19,  	-0.86,0.68,0.00,25.25
-10.81,0.72,  	-0.08,0.56,  	-0.81,0.72,0.00,25.25
-10.83,0.70,  	-0.45,0.11,  	-0.83,0.70,0.00,25.25
-10.81,0.70,  	-0.50,0.05,  	-0.83,0.70,0.00,25.25
-10.76,0.70,  	-0.05,0.31,  	-0.81,0.70,0.00,25.25
-10.73,0.71,  	0.28,0.31,  	-0.76,0.70,0.00,25.25
-10.73,0.69,  	-0.19,-0.01,  	-0.73,0.69,0.00,25.25
-10.71,0.66,  	-0.12,-0.06,  	-0.71,0.66,0.00,25.25
-10.71,0.60,  	-0.10,-0.05,  	-0.71,0.66,0.00,25.25
-10.71,0.59,  	-0.23,-0.69,  	-0.71,0.60,0.00,25.25
-10.70,0.59,  	-0.32,-0.06,  	-0.71,0.59,0.00,25.25
-10.69,0.57,  	-0.10,0.30,  	-0.70,0.59,0.00,25.25
-10.67,0.57,  	-0.12,0.08,  	-0.69,0.57,0.00,25.25
-10.67,0.59,  	-0.06,0.07,  	-0.67,0.57,0.00,25.25
-10.67,0.67,  	-0.27,0.51,  	-0.67,0.59,0.00,25.25
-10.66,0.70,  	-0.16,1.60,  	-0.67,0.67,0.00,25.26
-10.66,0.70,  	-0.31,0.34,  	-0.66,0.70,0.00,25.25
-10.66,0.75,  	-0.33,0.29,  	-0.66,0.70,0.00,25.25
-10.64,0.78,  	-0.25,1.11,  	-0.66,0.75,0.00,25.25
-10.59,0.88,  	0.03,0.76,  	-0.64,0.78,0.00,25.25
-10.58,0.90,  	0.39,1.94,  	-0.59,0.88,0.00,25.26
-10.60,0.87,  	-0.10,0.60,  	-0.58,0.90,0.00,25.25
-10.60,0.90,  	-0.53,-0.13,  	-0.60,0.87,0.00,25.25
-10.60,0.92,  	-0.33,0.75,  	-0.60,0.90,0.00,25.25
-10.63,0.90,  	-0.30,0.76,  	-0.60,0.92,0.00,25.25
-10.63,0.91,  	-0.71,0.09,  	-0.63,0.90,0.00,25.25
-10.65,0.92,  	-0.41,0.51,  	-0.65,0.92,0.00,25.25
-10.67,0.88,  	-0.61,-0.12,  	-0.67,0.88,0.00,25.25
-10.70,0.86,  	-0.63,-0.21,  	-0.67,0.88,0.00,25.25
-10.72,0.87,  	-0.72,0.08,  	-0.70,0.86,0.00,25.25
-10.77,0.82,  	-0.59,0.57,  	-0.72,0.87,0.00,25.25
-10.79,0.82,  	-0.79,0.24,  	-0.79,0.82,0.00,25.25
-10.79,0.82,  	-0.38,0.37,  	-0.79,0.82,0.00,25.25
-10.79,0.84,  	-0.32,0.37,  	-0.79,0.82,0.00,25.25
-10.82,0.90,  	-0.41,0.66,  	-0.79,0.84,0.00,25.25
-10.86,0.83,  	-0.61,1.10,  	-0.82,0.90,0.00,25.25
-10.90,0.82,  	-0.89,0.07,  	-0.90,0.82,0.00,25.25
-10.91,0.81,  	-0.53,0.19,  	-0.91,0.81,0.00,25.25
-10.93,0.81,  	-0.48,0.19,  	-0.91,0.81,0.00,25.25
-10.94,0.76,  	-0.68,0.30,  	-0.93,0.81,0.00,25.25
-10.97,0.74,  	-0.60,-0.39,  	-0.94,0.76,0.00,25.25
-10.99,0.74,  	-0.81,0.32,  	-0.99,0.74,0.00,25.25
-11.02,0.71,  	-0.91,-0.17,  	-1.02,0.71,0.00,25.25
-11.03,0.69,  	-0.93,-0.24,  	-1.02,0.71,0.00,25.25
-11.02,0.64,  	-0.55,-0.04,  	-1.03,0.69,0.00,25.25
-11.02,0.60,  	-0.34,-0.44,  	-1.02,0.64,0.00,25.25
-11.00,0.56,  	-0.21,-0.38,  	-1.00,0.56,0.00,25.25
-11.00,0.55,  	-0.43,0.13,  	-1.00,0.55,0.00,25.25
-11.02,0.49,  	-0.47,0.20,  	-1.00,0.55,0.00,25.25
-11.02,0.48,  	-0.65,-0.64,  	-1.02,0.49,0.00,25.25
-11.01,0.45,  	-0.52,-0.00,  	-1.02,0.48,0.00,25.25
-11.01,0.45,  	0.06,0.08,  	-1.01,0.45,0.00,25.25
-10.95,0.43,  	-0.01,-0.25,  	-0.95,0.43,0.00,25.25
-10.94,0.40,  	-0.03,-0.30,  	-0.95,0.43,0.00,25.25
-10.92,0.38,  	-0.24,-0.24,  	-0.94,0.40,0.00,25.25
-10.91,0.40,  	-0.05,-0.11,  	-0.92,0.38,0.00,25.25
-10.90,0.41,  	-0.18,0.35,  	-0.90,0.41,0.00,25.25
-10.87,0.39,  	0.04,-0.09,  	-0.87,0.39,0.00,25.25
-10.85,0.33,  	0.08,-0.15,  	-0.87,0.39,0.00,25.25
-10.81,0.37,  	-0.19,-0.76,  	-0.85,0.33,0.00,25.25
-10.78,0.38,  	0.32,0.67,  	-0.81,0.37,0.00,25.25
-10.78,0.34,  	-0.24,-0.28,  	-0.78,0.34,0.00,25.25
-10.76,0.36,  	-0.01,0.20,  	-0.76,0.36,0.00,25.25
-10.74,0.39,  	0.03,0.28,  	-0.76,0.36,0.00,25.25
-10.71,0.39,  	-0.03,0.60,  	-0.74,0.39,0.00,25.25
-10.67,0.43,  	0.07,0.30,  	-0.71,0.39,0.00,25.25
-10.62,0.42,  	0.40,0.16,  	-0.62,0.42,0.00,25.25
-10.59,0.44,  	0.33,0.39,  	-0.59,0.44,0.00,25.25
-10.57,0.47,  	0.32,0.44,  	-0.59,0.44,0.00,25.25
-10.57,0.46,  	-0.07,0.61,  	-0.57,0.47,0.00,25.25
-10.54,0.47,  	-0.06,0.05,  	-0.57,0.46,0.00,25.25
-10.54,0.47,  	0.10,0.37,  	-0.54,0.47,0.00,25.25
-10.50,0.48,  	0.09,0.14,  	-0.50,0.48,0.00,25.25
-10.48,0.55,  	0.09,0.11,  	-0.50,0.48,0.00,25.25
-10.48,0.57,  	0.03,1.28,  	-0.48,0.55,0.00,25.25
-10.48,0.58,  	-0.26,0.56,  	-0.48,0.57,0.00,25.25
-10.48,0.58,  	-0.32,0.54,  	-0.48,0.58,0.00,25.25
-10.49,0.60,  	-0.28,0.23,  	-0.49,0.60,0.00,25.25
-10.47,0.63,  	-0.27,0.18,  	-0.49,0.60,0.00,25.25
-10.43,0.67,  	0.09,0.67,  	-0.47,0.63,0.00,25.25
-10.41,0.69,  	0.30,0.85,  	-0.43,0.67,0.00,25.25
-10.41,0.77,  	-0.14,1.36,  	-0.41,0.77,0.00,25.26
-10.41,0.89,  	-0.09,2.04,  	-0.41,0.89,0.00,25.26
-10.41,0.91,  	-0.08,2.12,  	-0.41,0.89,0.00,25.26
-10.41,0.93,  	-0.23,0.79,  	-0.41,0.91,0.00,25.25
-10.41,0.94,  	-0.12,0.72,  	-0.41,0.93,0.00,25.25
-10.41,1.00,  	-0.13,1.15,  	-0.41,1.00,0.00,25.25
-10.41,1.04,  	-0.11,1.17,  	-0.41,1.04,0.00,25.25
-10.42,1.02,  	-0.11,1.16,  	-0.41,1.04,0.00,25.25
-10.45,0.96,  	-0.28,0.03,  	-0.42,1.02,0.00,25.25
-10.46,1.00,  	-0.63,-0.35,  	-0.45,0.96,0.00,25.25
-10.48,1.07,  	-0.38,0.92,  	-0.46,1.00,0.00,25.25
-10.49,1.09,  	-0.42,0.86,  	-0.49,1.09,0.00,25.25
-10.49,1.06,  	-0.41,0.75,  	-0.49,1.09,0.00,25.25
-10.52,1.02,  	-0.27,0.07,  	-0.49,1.06,0.00,25.25
-10.53,0.98,  	-0.63,-0.20,  	-0.52,1.02,0.00,25.25
-10.50,0.99,  	0.13,0.52,  	-0.50,0.99,0.00,25.25
-10.49,1.03,  	0.06,0.90,  	-0.49,1.03,0.00,25.25
-10.49,1.03,  	0.03,0.95,  	-0.49,1.03,0.00,25.25
-10.51,0.93,  	-0.26,0.43,  	-0.49,1.03,0.00,25.25
-10.51,0.86,  	-0.51,-1.06,  	-0.51,0.93,0.00,25.25
-10.53,0.73,  	-0.49,-1.51,  	-0.53,0.73,0.00,25.26
-10.59,0.64,  	-1.04,-1.09,  	-0.59,0.64,0.00,25.26
-10.60,0.62,  	-1.11,-1.01,  	-0.59,0.64,0.00,25.26
-10.60,0.60,  	-0.47,-0.10,  	-0.60,0.62,0.00,25.25
-10.60,0.59,  	-0.33,-0.08,  	-0.60,0.60,0.00,25.25
-10.55,0.62,  	0.46,0.61,  	-0.55,0.62,0.00,25.25
-10.54,0.58,  	0.03,-0.26,  	-0.54,0.58,0.00,25.25
-10.55,0.53,  	-0.05,-0.41,  	-0.54,0.58,0.00,25.25
-10.55,0.44,  	-0.35,-0.35,  	-0.55,0.53,0.00,25.25
-10.57,0.35,  	-0.35,-1.08,  	-0.55,0.44,0.00,25.25
-10.55,0.27,  	0.02,-1.16,  	-0.55,0.27,0.00,25.25
-10.52,0.22,  	0.18,-0.67,  	-0.52,0.22,0.00,25.25
-10.47,0.17,  	0.19,-0.60,  	-0.52,0.22,0.00,25.25
-10.50,0.11,  	0.49,-0.66,  	-0.47,0.17,0.00,25.25
-10.50,0.08,  	-0.51,-0.86,  	-0.50,0.11,0.00,25.25
-10.53,0.13,  	-0.53,0.53,  	-0.53,0.13,0.00,25.25
-10.55,0.13,  	-0.56,0.17,  	-0.55,0.13,0.00,25.25
