0.35,0.31,  	-0.13,0.09,  	0.35,0.31,0.00,25.25
0.34,0.34,  	-0.09,0.48,  	0.34,0.34,0.00,25.25
0.29,0.29,  	-0.49,-0.56,  	0.29,0.29,0.00,25.25
0.25,0.22,  	-0.53,-0.83,  	0.25,0.22,0.00,25.25
0.23,0.16,  	-0.26,-0.82,  	0.23,0.16,0.00,25.25
0.20,0.11,  	-0.36,-0.73,  	0.20,0.11,0.00,25.25
0.15,0.02,  	-0.52,-0.69,  	0.15,0.02,0.00,25.25
0.11,-0.01,  	-0.28,-0.72,  	0.11,-0.01,0.00,25.25
0.09,-0.07,  	-0.25,-0.76,  	0.09,-0.07,0.00,25.25
0.08,-0.09,  	-0.08,-0.46,  	0.08,-0.09,0.00,25.25
0.07,-0.07,  	-0.21,0.18,  	0.07,-0.07,0.00,25.25
0.07,-0.06,  	0.07,-0.40,  	0.07,-0.06,0.00,25.25
0.07,-0.09,  	-0.09,-0.43,  	0.07,-0.09,0.00,25.25
0.06,-0.12,  	-0.13,-0.43,  	0.06,-0.12,0.00,25.25
0.06,-0.17,  	-0.07,-0.81,  	0.06,-0.17,0.00,25.25
0.03,-0.24,  	-0.19,-0.97,  	0.03,-0.24,0.00,25.25
0.02,-0.30,  	-0.27,-1.19,  	0.02,-0.30,0.00,25.25
0.01,-0.37,  	-0.37,-0.40,  	0.01,-0.37,0.00,25.25
-0.02,-0.38,  	-0.39,-0.27,  	-0.02,-0.38,0.00,25.25
-0.06,-0.40,  	-0.53,-0.40,  	-0.06,-0.40,0.00,25.25
-0.08,-0.41,  	0.23,0.35,  	-0.08,-0.41,0.00,25.25
-0.05,-0.36,  	0.02,0.23,  	-0.05,-0.36,0.00,25.25
-0.05,-0.34,  	-0.04,0.03,  	-0.05,-0.34,0.00,25.25
-0.05,-0.33,  	-0.04,-0.00,  	-0.05,-0.33,0.00,25.25
-0.05,-0.31,  	0.02,0.06,  	-0.05,-0.31,0.00,25.25
-0.03,-0.30,  	-0.00,-0.15,  	-0.03,-0.30,0.00,25.25
-0.03,-0.30,  	0.01,-0.05,  	-0.03,-0.30,0.00,25.25
-0.03,-0.29,  	0.24,0.72,  	-0.03,-0.29,0.00,25.25
-0.01,-0.23,  	0.28,0.85,  	-0.01,-0.23,0.00,25.25
0.01,-0.15,  	0.30,1.15,  	0.01,-0.15,0.00,25.25
0.01,-0.10,  	-0.01,0.68,  	0.01,-0.10,0.00,25.25
-0.01,-0.09,  	-0.32,0.12,  	-0.01,-0.09,0.00,25.25
-0.03,-0.06,  	-0.41,0.34,  	-0.03,-0.06,0.00,25.25
-0.03,0.00,  	-0.03,0.87,  	-0.03,0.00,0.00,25.25
-0.03,0.05,  	0.05,0.80,  	-0.03,0.05,0.00,25.25
-0.02,0.10,  	0.28,0.69,  	-0.02,0.10,0.00,25.25
-0.02,0.14,  	-0.05,0.73,  	-0.02,0.14,0.00,25.25
0.01,0.24,  	0.48,1.64,  	0.01,0.24,0.00,25.26
0.01,0.29,  	0.05,0.86,  	0.01,0.29,0.00,25.25
-0.00,0.26,  	-0.20,-0.24,  	-0.00,0.26,0.00,25.25
-0.03,0.24,  	-0.40,-0.25,  	-0.03,0.24,0.00,25.25
-0.03,0.21,  	-0.08,-0.33,  	-0.03,0.21,0.00,25.25
-0.02,0.21,  	0.09,0.01,  	-0.02,0.21,0.00,25.25
-0.01,0.17,  	0.18,-0.48,  	-0.01,0.17,0.00,25.25
0.00,0.15,  	0.16,-0.28,  	0.00,0.15,0.00,25.25
0.00,0.13,  	0.00,-0.21,  	0.00,0.13,0.00,25.25
0.01,0.16,  	0.09,0.47,  	0.01,0.16,0.00,25.25
-0.00,0.14,  	-0.10,-0.17,  	-0.00,0.14,0.00,25.25
-0.04,0.06,  	-0.61,-1.02,  	-0.04,0.06,0.00,25.25
-0.05,0.02,  	-0.14,-0.58,  	-0.05,0.02,0.00,25.25
-0.02,-0.10,  	0.40,-1.78,  	-0.02,-0.10,0.00,25.26
0.04,-0.16,  	1.00,-1.07,  	0.04,-0.16,0.00,25.26
0.10,-0.19,  	0.84,-0.51,  	0.10,-0.19,0.00,25.25
0.12,-0.16,  	0.42,0.40,  	0.12,-0.16,0.00,25.25
0.17,-0.16,  	0.78,-0.05,  	0.17,-0.16,0.00,25.25
0.19,-0.19,  	0.37,-0.55,  	0.19,-0.19,0.00,25.25
0.21,-0.19,  	0.41,-0.05,  	0.21,-0.19,0.00,25.25
0.26,-0.20,  	0.81,-0.17,  	0.26,-0.20,0.00,25.25
0.30,-0.22,  	0.77,-0.36,  	0.30,-0.22,0.00,25.25
0.35,-0.27,  	0.29,-0.61,  	0.35,-0.27,0.00,25.25
0.39,-0.24,  	0.21,-0.65,  	0.35,-0.27,0.00,25.25
0.40,-0.20,  	0.77,0.30,  	0.39,-0.24,0.00,25.25
0.44,-0.13,  	0.32,0.44,  	0.40,-0.20,0.00,25.25
0.45,-0.15,  	0.37,-0.07,  	0.45,-0.15,0.00,25.25
0.48,-0.10,  	0.67,0.52,  	0.48,-0.10,0.00,25.25
0.50,-0.20,  	0.72,0.64,  	0.48,-0.10,0.00,25.25
0.50,-0.25,  	0.47,-1.37,  	0.50,-0.20,0.00,25.26
0.53,-0.27,  	0.22,-0.95,  	0.50,-0.25,0.00,25.25
0.53,-0.27,  	0.59,-0.46,  	0.53,-0.27,0.00,25.25
0.57,-0.25,  	0.25,-0.11,  	0.53,-0.27,0.00,25.25
0.55,-0.31,  	0.71,0.17,  	0.57,-0.25,0.00,25.25
0.55,-0.35,  	-0.01,-0.99,  	0.55,-0.31,0.00,25.25
0.55,-0.31,  	0.34,-0.74,  	0.55,-0.35,0.00,25.25
0.54,-0.33,  	0.13,-0.26,  	0.54,-0.33,0.00,25.25
0.53,-0.36,  	0.06,-0.58,  	0.53,-0.36,0.00,25.25
0.50,-0.39,  	0.05,-0.61,  	0.53,-0.36,0.00,25.25
0.55,-0.37,  	-0.15,-0.67,  	0.50,-0.39,0.00,25.25
0.57,-0.43,  	0.82,0.17,  	0.55,-0.37,0.00,25.25
0.59,-0.48,  	0.52,-1.09,  	0.59,-0.48,0.00,25.25
0.66,-0.45,  	1.20,0.14,  	0.66,-0.45,0.00,25.25
0.70,-0.40,  	1.30,0.33,  	0.66,-0.45,0.00,25.25
0.68,-0.45,  	0.92,0.57,  	0.70,-0.40,0.00,25.25
0.64,-0.54,  	0.06,-0.84,  	0.68,-0.45,0.00,25.25
0.60,-0.62,  	-0.40,-1.49,  	0.60,-0.62,0.00,25.26
0.57,-0.74,  	-0.21,-1.99,  	0.57,-0.74,0.00,25.26
0.53,-0.84,  	-0.18,-2.06,  	0.57,-0.74,0.00,25.26
0.50,-0.87,  	-0.35,-1.87,  	0.53,-0.84,0.00,25.26
0.48,-0.87,  	-0.23,-0.76,  	0.50,-0.87,0.00,25.25
0.45,-0.84,  	-0.18,-0.00,  	0.45,-0.84,0.00,25.25
0.45,-0.76,  	0.09,0.80,  	0.45,-0.76,0.00,25.25
0.45,-0.73,  	0.13,0.90,  	0.45,-0.76,0.00,25.25
0.45,-0.62,  	0.24,0.19,  	0.45,-0.73,0.00,25.25
0.43,-0.63,  	0.20,1.20,  	0.45,-0.62,0.00,25.25
0.45,-0.64,  	0.37,-0.43,  	0.45,-0.64,0.00,25.25
0.48,-0.60,  	0.68,0.16,  	0.48,-0.60,0.00,25.25
0.48,-0.58,  	0.71,0.25,  	0.48,-0.60,0.00,25.25
0.48,-0.55,  	0.31,0.13,  	0.48,-0.58,0.00,25.25
0.43,-0.50,  	0.27,0.23,  	0.48,-0.55,0.00,25.25
0.39,-0.42,  	-0.45,1.00,  	0.39,-0.42,0.00,25.25
0.38,-0.31,  	-0.15,1.38,  	0.38,-0.31,0.00,25.26
0.38,-0.21,  	-0.10,1.42,  	0.38,-0.31,0.00,25.26
0.38,-0.13,  	0.18,1.46,  	0.38,-0.21,0.00,25.26
0.34,-0.11,  	0.17,1.08,  	0.38,-0.13,0.00,25.25
0.31,-0.18,  	-0.42,-0.75,  	0.31,-0.18,0.00,25.25
0.27,-0.15,  	-0.34,0.16,  	0.27,-0.15,0.00,25.25
0.27,-0.12,  	-0.33,0.31,  	0.27,-0.15,0.00,25.25
0.29,-0.01,  	-0.04,0.37,  	0.27,-0.12,0.00,25.25
0.30,0.13,  	0.45,1.55,  	0.29,-0.01,0.00,25.26
0.24,0.06,  	-0.63,-0.55,  	0.24,0.06,0.00,25.25
0.26,0.06,  	0.15,-0.12,  	0.26,0.06,0.00,25.25
0.24,0.08,  	0.29,0.00,  	0.26,0.06,0.00,25.25
0.19,0.08,  	-0.07,0.24,  	0.24,0.08,0.00,25.25
0.14,0.07,  	-0.64,0.12,  	0.19,0.08,0.00,25.25
0.16,0.09,  	0.28,0.28,  	0.16,0.09,0.00,25.25
0.16,0.03,  	0.17,-0.70,  	0.16,0.03,0.00,25.25
0.16,-0.02,  	0.14,-0.85,  	0.16,0.03,0.00,25.25
0.11,-0.10,  	0.00,-0.76,  	0.16,-0.02,0.00,25.25
0.10,-0.09,  	-0.65,-1.18,  	0.11,-0.10,0.00,25.25
0.08,-0.08,  	-0.30,0.15,  	0.08,-0.08,0.00,25.25
0.03,-0.12,  	-0.69,-0.55,  	0.03,-0.12,0.00,25.25
0.04,-0.18,  	-0.74,-0.66,  	0.03,-0.12,0.00,25.25
0.06,-0.16,  	0.15,-0.95,  	0.04,-0.18,0.00,25.25
0.09,-0.20,  	0.38,0.16,  	0.06,-0.16,0.00,25.25
0.10,-0.19,  	0.30,-0.05,  	0.10,-0.19,0.00,25.25
0.10,-0.19,  	0.05,-0.08,  	0.10,-0.19,0.00,25.25
0.10,-0.20,  	0.01,-0.10,  	0.10,-0.19,0.00,25.25
0.15,-0.15,  	0.05,-0.26,  	0.10,-0.20,0.00,25.25
0.18,-0.15,  	0.64,0.61,  	0.15,-0.15,0.00,25.25
0.22,-0.09,  	0.60,0.79,  	0.22,-0.09,0.00,25.25
0.24,-0.09,  	0.55,0.09,  	0.24,-0.09,0.00,25.25
0.20,-0.15,  	0.54,-0.04,  	0.24,-0.09,0.00,25.25
0.19,-0.17,  	-0.48,-0.98,  	0.20,-0.15,0.00,25.25
0.18,-0.17,  	-0.22,-0.33,  	0.19,-0.17,0.00,25.25
0.18,-0.17,  	-0.07,-0.86,  	0.18,-0.17,0.00,25.25
0.15,-0.26,  	-0.29,-0.58,  	0.15,-0.26,0.00,25.25
0.15,-0.27,  	-0.32,-0.52,  	0.15,-0.26,0.00,25.25
0.20,-0.20,  	0.11,-0.33,  	0.15,-0.27,0.00,25.25
0.17,-0.18,  	0.88,0.90,  	0.20,-0.20,0.00,25.25
0.16,-0.11,  	-0.14,0.91,  	0.16,-0.11,0.00,25.25
0.15,-0.01,  	-0.04,1.47,  	0.15,-0.01,0.00,25.26
0.15,0.06,  	-0.03,1.53,  	0.15,-0.01,0.00,25.26
0.15,0.01,  	0.09,0.99,  	0.15,0.06,0.00,25.25
0.17,-0.01,  	0.10,-0.56,  	0.15,0.01,0.00,25.25
0.20,-0.05,  	0.51,-0.60,  	0.20,-0.05,0.00,25.25
0.20,-0.01,  	0.06,0.30,  	0.20,-0.01,0.00,25.25
0.18,0.03,  	-0.01,0.43,  	0.20,-0.01,0.00,25.25
0.18,0.10,  	-0.07,0.68,  	0.18,0.03,0.00,25.25
0.20,0.19,  	0.10,1.15,  	0.18,0.10,0.00,25.25
0.21,0.26,  	0.23,1.20,  	0.21,0.26,0.00,25.25
0.22,0.34,  	0.21,1.21,  	0.22,0.34,0.00,25.25
0.23,0.43,  	0.21,1.21,  	0.22,0.34,0.00,25.25
0.22,0.42,  	0.27,1.53,  	0.23,0.43,0.00,25.26
0.20,0.45,  	-0.09,0.15,  	0.22,0.42,0.00,25.25
0.19,0.46,  	-0.17,0.70,  	0.20,0.45,0.00,25.25
0.17,0.50,  	-0.08,0.31,  	0.19,0.46,0.00,25.25
0.16,0.47,  	-0.18,0.70,  	0.17,0.50,0.00,25.25
0.16,0.43,  	-0.08,-0.20,  	0.16,0.47,0.00,25.25
0.12,0.39,  	0.02,-0.43,  	0.16,0.43,0.00,25.25
0.08,0.41,  	-0.49,0.33,  	0.08,0.41,0.00,25.25
0.07,0.43,  	-0.27,0.50,  	0.07,0.43,0.00,25.25
0.02,0.43,  	-0.24,0.51,  	0.07,0.43,0.00,25.25
0.01,0.42,  	-0.63,0.12,  	0.02,0.43,0.00,25.25
0.01,0.41,  	-0.27,-0.02,  	0.01,0.42,0.00,25.25
0.02,0.34,  	0.23,-0.74,  	0.02,0.34,0.00,25.25
0.01,0.24,  	-0.17,-1.31,  	0.01,0.24,0.00,25.25
0.01,0.15,  	-0.23,-1.38,  	0.01,0.24,0.00,25.26
0.01,0.12,  	0.01,-1.26,  	0.01,0.15,0.00,25.25
-0.01,0.01,  	0.18,-0.48,  	0.01,0.12,0.00,25.25
-0.04,-0.07,  	-0.34,-1.29,  	-0.04,-0.07,0.00,25.25
-0.01,-0.02,  	0.31,0.45,  	-0.01,-0.02,0.00,25.25
0.01,0.03,  	0.40,0.71,  	-0.01,-0.02,0.00,25.25
0.01,0.04,  	0.28,0.74,  	0.01,0.03,0.00,25.25
0.01,0.05,  	-0.08,0.25,  	0.01,0.04,0.00,25.25
0.04,0.09,  	0.48,0.54,  	0.04,0.09,0.00,25.25
0.08,0.11,  	0.62,0.42,  	0.08,0.11,0.00,25.25
0.12,0.12,  	0.63,0.39,  	0.08,0.11,0.00,25.25
0.15,0.10,  	0.63,0.18,  	0.12,0.12,0.00,25.25
0.18,0.09,  	0.48,-0.26,  	0.15,0.10,0.00,25.25
0.21,0.09,  	0.50,-0.00,  	0.21,0.09,0.00,25.25
0.24,0.17,  	0.54,1.14,  	0.24,0.17,0.00,25.25
0.26,0.21,  	0.55,1.30,  	0.24,0.17,0.00,25.26
0.27,0.22,  	0.44,0.68,  	0.26,0.21,0.00,25.25
0.29,0.25,  	0.34,0.36,  	0.27,0.22,0.00,25.25
0.29,0.24,  	0.12,-0.03,  	0.29,0.24,0.00,25.25
0.29,0.24,  	0.14,0.02,  	0.29,0.24,0.00,25.25
0.27,0.19,  	0.15,0.04,  	0.29,0.24,0.00,25.25
0.29,0.15,  	-0.13,-0.67,  	0.27,0.19,0.00,25.25
0.31,0.15,  	0.25,-0.42,  	0.29,0.15,0.00,25.25
0.31,0.13,  	0.19,-0.32,  	0.31,0.13,0.00,25.25
0.30,0.10,  	0.04,-0.23,  	0.30,0.10,0.00,25.25
0.30,0.07,  	0.03,-0.21,  	0.30,0.10,0.00,25.25
0.28,0.06,  	0.05,-0.47,  	0.30,0.07,0.00,25.25
0.22,0.03,  	-0.23,-0.16,  	0.28,0.06,0.00,25.25
0.22,0.03,  	-0.65,-0.46,  	0.22,0.03,0.00,25.25
0.27,0.11,  	-0.01,-0.01,  	0.22,0.03,0.00,25.25
0.30,0.09,  	0.83,1.19,  	0.27,0.11,0.00,25.26
0.30,-0.04,  	0.59,-0.16,  	0.30,0.09,0.00,25.25
0.33,-0.01,  	0.12,-1.75,  	0.30,-0.04,0.00,25.26
0.33,-0.05,  	0.25,-0.36,  	0.33,-0.05,0.00,25.25
0.36,-0.05,  	0.53,-0.10,  	0.36,-0.05,0.00,25.25
0.38,-0.00,  	0.57,-0.05,  	0.36,-0.05,0.00,25.25
0.38,0.06,  	0.50,0.67,  	0.38,-0.00,0.00,25.25
0.41,0.09,  	0.27,0.81,  	0.38,0.06,0.00,25.25
0.46,0.17,  	0.83,1.13,  	0.46,0.17,0.00,25.26
0.48,0.22,  	0.54,0.89,  	0.48,0.22,0.00,25.25
0.46,0.24,  	0.50,0.84,  	0.48,0.22,0.00,25.25
0.43,0.22,  	-0.09,0.44,  	0.46,0.24,0.00,25.25
0.48,0.30,  	-0.23,-0.07,  	0.43,0.22,0.00,25.25
0.52,0.37,  	0.80,1.21,  	0.52,0.37,0.00,25.26
0.55,0.43,  	0.70,1.09,  	0.55,0.43,0.00,25.25
0.55,0.43,  	0.68,1.07,  	0.55,0.43,0.00,25.25
0.55,0.50,  	0.26,0.20,  	0.55,0.43,0.00,25.25
0.54,0.48,  	0.19,1.12,  	0.55,0.50,0.00,25.25
0.51,0.45,  	-0.18,-0.30,  	0.51,0.45,0.00,25.25
0.51,0.48,  	0.12,0.49,  	0.51,0.48,0.00,25.25
0.50,0.45,  	0.17,0.61,  	0.51,0.48,0.00,25.25
0.48,0.43,  	0.03,-0.19,  	0.50,0.45,0.00,25.25
0.48,0.38,  	-0.09,-0.06,  	0.48,0.43,0.00,25.25
0.46,0.35,  	-0.05,-0.35,  	0.46,0.35,0.00,25.25
0.43,0.35,  	-0.19,0.07,  	0.43,0.35,0.00,25.25
0.39,0.33,  	-0.20,0.13,  	0.43,0.35,0.00,25.25
0.38,0.34,  	-0.38,-0.14,  	0.39,0.33,0.00,25.25
0.41,0.40,  	-0.12,0.35,  	0.38,0.34,0.00,25.25
0.46,0.50,  	0.77,1.54,  	0.46,0.50,0.00,25.26
0.48,0.53,  	0.70,0.86,  	0.48,0.53,0.00,25.25
0.48,0.41,  	0.68,0.74,  	0.48,0.53,0.00,25.25
0.48,0.39,  	0.18,-1.58,  	0.48,0.41,0.00,25.26
0.50,0.43,  	0.20,-0.18,  	0.48,0.39,0.00,25.25
0.48,0.41,  	0.08,-0.02,  	0.48,0.41,0.00,25.25
0.49,0.43,  	0.27,0.31,  	0.49,0.43,0.00,25.25
0.52,0.36,  	0.31,0.38,  	0.49,0.43,0.00,25.25
0.52,0.35,  	0.58,-0.67,  	0.52,0.36,0.00,25.25
0.48,0.35,  	0.27,-0.08,  	0.52,0.35,0.00,25.25
0.43,0.40,  	-0.40,0.75,  	0.43,0.40,0.00,25.25
0.40,0.43,  	-0.40,0.76,  	0.40,0.43,0.00,25.25
0.40,0.43,  	-0.39,0.75,  	0.40,0.43,0.00,25.25
0.41,0.37,  	0.14,0.04,  	0.40,0.43,0.00,25.25
0.50,0.43,  	0.34,-0.56,  	0.41,0.37,0.00,25.25
0.57,0.47,  	1.31,0.86,  	0.57,0.47,0.00,25.26
0.53,0.45,  	-0.04,0.01,  	0.53,0.45,0.00,25.25
0.46,0.37,  	-0.24,-0.12,  	0.53,0.45,0.00,25.25
0.38,0.35,  	-0.84,-0.91,  	0.46,0.37,0.00,25.25
0.38,0.29,  	-0.95,-0.29,  	0.38,0.35,0.00,25.25
0.34,0.15,  	-0.35,-1.79,  	0.34,0.15,0.00,25.26
0.38,0.07,  	0.53,-1.23,  	0.38,0.07,0.00,25.25
0.41,0.13,  	0.66,-1.12,  	0.38,0.07,0.00,25.25
0.38,0.06,  	0.62,0.82,  	0.41,0.13,0.00,25.25
0.32,0.01,  	-0.20,-0.95,  	0.38,0.06,0.00,25.25
0.27,-0.05,  	-0.72,-0.92,  	0.27,-0.05,0.00,25.25
0.27,-0.09,  	-0.02,-0.70,  	0.27,-0.09,0.00,25.25
0.33,-0.08,  	0.09,-0.66,  	0.27,-0.09,0.00,25.25
0.38,-0.04,  	1.07,0.12,  	0.33,-0.08,0.00,25.25
0.44,-0.05,  	0.86,0.60,  	0.38,-0.04,0.00,25.25
0.45,-0.08,  	0.50,-0.51,  	0.45,-0.08,0.00,25.25
0.45,-0.11,  	0.08,-0.41,  	0.45,-0.11,0.00,25.25
0.40,-0.08,  	0.03,-0.39,  	0.45,-0.11,0.00,25.25
0.40,-0.02,  	-0.54,0.34,  	0.40,-0.08,0.00,25.25
0.43,-0.00,  	0.19,0.82,  	0.40,-0.02,0.00,25.25
0.41,-0.11,  	-0.01,-1.45,  	0.41,-0.11,0.00,25.26
0.48,-0.11,  	1.01,-0.35,  	0.48,-0.11,0.00,25.25
0.48,-0.15,  	1.18,-0.15,  	0.48,-0.11,0.00,25.25
0.46,-0.24,  	0.39,-0.48,  	0.48,-0.15,0.00,25.25
0.45,-0.32,  	-0.13,-1.40,  	0.46,-0.24,0.00,25.26
0.45,-0.33,  	0.15,-0.54,  	0.45,-0.33,0.00,25.25
0.52,-0.32,  	1.14,-0.02,  	0.52,-0.32,0.00,25.25
0.56,-0.35,  	1.28,0.04,  	0.52,-0.32,0.00,25.25
0.64,-0.29,  	0.84,-0.56,  	0.56,-0.35,0.00,25.25
0.66,-0.34,  	1.45,0.66,  	0.64,-0.29,0.00,25.26
0.66,-0.34,  	0.02,-0.81,  	0.66,-0.34,0.00,25.25
0.62,-0.36,  	0.09,0.18,  	0.62,-0.36,0.00,25.25
0.64,-0.36,  	0.11,0.33,  	0.62,-0.36,0.00,25.25
0.64,-0.36,  	0.39,-0.12,  	0.64,-0.36,0.00,25.25
0.64,-0.34,  	0.29,-0.16,  	0.64,-0.36,0.00,25.25
0.67,-0.35,  	0.61,-0.26,  	0.67,-0.35,0.00,25.25
0.64,-0.29,  	-0.02,0.57,  	0.64,-0.29,0.00,25.25
0.64,-0.22,  	-0.12,0.70,  	0.64,-0.29,0.00,25.25
0.61,-0.13,  	0.16,1.04,  	0.64,-0.22,0.00,25.25
0.59,-0.09,  	-0.11,1.25,  	0.61,-0.13,0.00,25.25
0.64,-0.04,  	0.87,0.68,  	0.64,-0.04,0.00,25.25
0.66,-0.03,  	0.72,0.21,  	0.66,-0.03,0.00,25.25
0.71,0.03,  	0.67,0.14,  	0.66,-0.03,0.00,25.25
0.68,0.12,  	0.88,0.86,  	0.71,0.03,0.00,25.25
0.64,0.14,  	-0.02,1.36,  	0.68,0.12,0.00,25.25
0.63,0.20,  	0.09,0.94,  	0.63,0.20,0.00,25.25
0.66,0.34,  	0.61,1.94,  	0.66,0.34,0.00,25.26
0.64,0.30,  	0.68,2.07,  	0.66,0.34,0.00,25.27
0.66,0.34,  	-0.01,-0.20,  	0.64,0.30,0.00,25.25
0.69,0.43,  	0.60,0.71,  	0.66,0.34,0.00,25.25
0.66,0.48,  	-0.04,0.95,  	0.66,0.48,0.00,25.25
0.64,0.48,  	0.05,0.29,  	0.64,0.48,0.00,25.25
0.62,0.52,  	0.08,0.21,  	0.64,0.48,0.00,25.25
0.58,0.41,  	-0.14,0.77,  	0.62,0.52,0.00,25.25
0.57,0.36,  	-0.21,-1.38,  	0.58,0.41,0.00,25.26
0.58,0.36,  	0.35,0.03,  	0.58,0.36,0.00,25.25
0.56,0.31,  	-0.02,-0.46,  	0.56,0.31,0.00,25.25
0.59,0.35,  	-0.08,-0.54,  	0.56,0.31,0.00,25.25
0.59,0.42,  	0.64,0.53,  	0.59,0.35,0.00,25.25
0.61,0.48,  	0.27,1.24,  	0.59,0.42,0.00,25.25
0.62,0.45,  	0.57,0.99,  	0.61,0.48,0.00,25.25
0.68,0.50,  	0.97,0.75,  	0.68,0.50,0.00,25.25
0.71,0.47,  	1.05,0.87,  	0.68,0.50,0.00,25.25
0.75,0.52,  	0.83,-0.18,  	0.71,0.47,0.00,25.25
0.79,0.57,  	0.85,0.97,  	0.75,0.52,0.00,25.25
0.79,0.57,  	0.57,-0.02,  	0.79,0.57,0.00,25.25
0.83,0.55,  	0.76,0.29,  	0.83,0.55,0.00,25.25
0.83,0.51,  	0.79,0.36,  	0.83,0.55,0.00,25.25
0.80,0.41,  	0.27,-0.39,  	0.83,0.51,0.00,25.25
0.79,0.41,  	-0.03,-1.24,  	0.80,0.41,0.00,25.25
0.76,0.31,  	-0.16,-1.12,  	0.76,0.31,0.00,25.25
0.73,0.25,  	-0.01,-0.89,  	0.73,0.25,0.00,25.25
0.73,0.22,  	0.01,-0.82,  	0.73,0.25,0.00,25.25
0.73,0.20,  	0.33,-0.31,  	0.73,0.22,0.00,25.25
0.76,0.22,  	0.30,-0.32,  	0.73,0.20,0.00,25.25
0.76,0.17,  	0.44,-0.59,  	0.76,0.17,0.00,25.25
0.76,0.17,  	0.23,-0.92,  	0.76,0.17,0.00,25.25
0.80,0.13,  	0.20,-0.97,  	0.76,0.10,0.00,25.25
0.85,0.21,  	0.90,0.39,  	0.80,0.13,0.00,25.25
0.88,0.20,  	1.25,1.29,  	0.85,0.21,0.00,25.26
0.90,0.17,  	0.71,-0.19,  	0.90,0.17,0.00,25.25
0.92,0.21,  	0.58,0.53,  	0.92,0.21,0.00,25.25
0.90,0.19,  	0.56,0.64,  	0.92,0.21,0.00,25.25
0.89,0.11,  	0.23,-0.19,  	0.90,0.19,0.00,25.25
0.89,0.11,  	0.11,-1.08,  	0.89,0.11,0.00,25.25
0.89,0.10,  	0.30,0.07,  	0.89,0.11,0.00,25.25
0.87,0.11,  	0.25,0.15,  	0.87,0.11,0.00,25.25
0.90,0.12,  	0.23,0.19,  	0.87,0.11,0.00,25.25
0.87,0.10,  	0.63,0.17,  	0.90,0.12,0.00,25.25
0.87,0.20,  	0.09,-0.13,  	0.87,0.10,0.00,25.25
0.87,0.20,  	0.44,1.47,  	0.87,0.20,0.00,25.26
0.85,0.22,  	0.34,0.79,  	0.85,0.22,0.00,25.25
0.85,0.18,  	0.38,0.95,  	0.85,0.22,0.00,25.25
0.86,0.15,  	0.34,-0.39,  	0.85,0.18,0.00,25.25
0.87,0.13,  	0.48,-0.37,  	0.86,0.15,0.00,25.25
0.85,0.10,  	0.10,-0.46,  	0.85,0.10,0.00,25.25
0.85,0.10,  	0.30,0.02,  	0.85,0.10,0.00,25.25
0.86,0.10,  	0.33,0.10,  	0.85,0.10,0.00,25.25
0.86,0.15,  	0.46,0.02,  	0.86,0.10,0.00,25.25
0.86,0.20,  	0.34,0.74,  	0.86,0.15,0.00,25.25
0.83,0.22,  	-0.11,0.45,  	0.83,0.22,0.00,25.25
0.79,0.19,  	-0.11,-0.27,  	0.79,0.19,0.00,25.25
0.76,0.17,  	-0.10,-0.37,  	0.79,0.19,0.00,25.25
0.76,0.17,  	-0.11,-0.17,  	0.76,0.17,0.00,25.25
0.77,0.20,  	0.20,0.13,  	0.76,0.17,0.00,25.25
0.77,0.20,  	0.57,-0.49,  	0.77,0.20,0.00,25.25
0.80,0.13,  	0.49,-0.21,  	0.80,0.13,0.00,25.25
0.81,0.24,  	0.48,-0.14,  	0.80,0.13,0.00,25.25
0.83,0.31,  	0.52,1.58,  	0.81,0.24,0.00,25.26
0.83,0.36,  	0.65,1.23,  	0.83,0.31,0.00,25.25
0.82,0.37,  	0.23,0.39,  	0.82,0.37,0.00,25.25
0.83,0.31,  	0.21,0.33,  	0.82,0.37,0.00,25.25
0.87,0.29,  	0.47,-0.64,  	0.83,0.31,0.00,25.25
0.87,0.22,  	0.84,-0.28,  	0.87,0.29,0.00,25.25
0.85,0.18,  	0.42,-0.78,  	0.87,0.22,0.00,25.25
0.85,0.17,  	0.38,-0.21,  	0.85,0.17,0.00,25.25
0.86,0.15,  	0.55,-0.13,  	0.86,0.15,0.00,25.25
0.89,0.21,  	0.57,-0.13,  	0.86,0.15,0.00,25.25
0.89,0.24,  	0.71,0.79,  	0.89,0.21,0.00,25.25
0.89,0.22,  	0.41,0.62,  	0.89,0.24,0.00,25.25
0.91,0.22,  	0.62,-0.11,  	0.91,0.22,0.00,25.25
0.92,0.20,  	0.66,-0.11,  	0.92,0.20,0.00,25.25
0.95,0.16,  	0.66,-0.11,  	0.92,0.20,0.00,25.25
0.93,0.06,  	0.75,-0.44,  	0.95,0.16,0.00,25.25
0.94,0.04,  	0.16,-1.39,  	0.93,0.06,0.00,25.26
0.94,0.09,  	0.47,0.62,  	0.94,0.09,0.00,25.25
0.94,0.14,  	0.47,0.81,  	0.94,0.14,0.00,25.25
0.92,0.15,  	0.47,0.81,  	0.94,0.14,0.00,25.25
0.92,0.20,  	0.10,0.25,  	0.92,0.15,0.00,25.25
0.93,0.27,  	0.42,0.79,  	0.92,0.20,0.00,25.25
0.94,0.29,  	0.58,0.49,  	0.94,0.29,0.00,25.25
0.92,0.22,  	0.17,-0.66,  	0.92,0.22,0.00,25.25
0.91,0.21,  	0.10,-0.81,  	0.92,0.22,0.00,25.25
0.93,0.16,  	0.20,-0.08,  	0.91,0.21,0.00,25.25
0.90,0.09,  	0.62,-0.70,  	0.93,0.16,0.00,25.25
0.87,0.03,  	-0.09,-0.82,  	0.87,0.03,0.00,25.25
0.86,0.03,  	0.17,-0.22,  	0.86,0.03,0.00,25.25
0.84,0.05,  	0.21,-0.13,  	0.86,0.03,0.00,25.25
0.83,0.13,  	-0.02,0.38,  	0.84,0.05,0.00,25.25
0.81,0.15,  	0.21,1.26,  	0.83,0.13,0.00,25.25
0.81,0.15,  	0.41,0.53,  	0.81,0.15,0.00,25.25
0.84,0.17,  	0.63,-0.06,  	0.84,0.17,0.00,25.25
0.84,0.17,  	0.65,-0.15,  	0.84,0.17,0.00,25.25
0.83,0.18,  	0.37,0.04,  	0.84,0.17,0.00,25.25
0.83,0.26,  	0.25,0.34,  	0.83,0.18,0.00,25.25
0.83,0.26,  	-0.42,0.08,  	0.83,0.26,0.00,25.25
0.76,0.24,  	-0.15,0.36,  	0.76,0.24,0.00,25.25
0.70,0.30,  	-0.11,0.43,  	0.73,0.27,0.00,25.25
0.65,0.30,  	-0.27,0.65,  	0.70,0.30,0.00,25.25
0.62,0.36,  	-0.42,0.10,  	0.65,0.30,0.00,25.25
0.62,0.36,  	-0.18,1.16,  	0.62,0.36,0.00,25.25
0.58,0.52,  	0.02,1.40,  	0.58,0.52,0.00,25.26
0.56,0.54,  	0.05,1.43,  	0.58,0.52,0.00,25.26
0.51,0.48,  	-0.01,0.62,  	0.56,0.54,0.00,25.25
0.47,0.38,  	-0.55,-0.73,  	0.51,0.48,0.00,25.25
0.41,0.34,  	-0.60,-0.53,  	0.41,0.34,0.00,25.25
0.39,0.36,  	-0.19,0.29,  	0.39,0.36,0.00,25.25
0.38,0.43,  	-0.12,0.40,  	0.39,0.36,0.00,25.25
0.38,0.55,  	-0.08,1.20,  	0.38,0.43,0.00,25.25
0.37,0.62,  	0.17,1.99,  	0.38,0.55,0.00,25.26
0.37,0.66,  	0.17,0.94,  	0.37,0.66,0.00,25.25
0.32,0.61,  	-0.57,-0.23,  	0.32,0.61,0.00,25.25
0.26,0.59,  	-0.68,-0.40,  	0.32,0.61,0.00,25.25
0.27,0.58,  	-0.68,-0.15,  	0.26,0.59,0.00,25.25
0.27,0.52,  	0.30,0.14,  	0.27,0.58,0.00,25.25
0.30,0.48,  	0.46,-0.41,  	0.30,0.48,0.00,25.25
0.31,0.48,  	0.28,-0.06,  	0.31,0.48,0.00,25.25
0.25,0.40,  	0.25,-0.01,  	0.31,0.48,0.00,25.25
0.22,0.36,  	-0.69,-0.89,  	0.25,0.40,0.00,25.25
0.20,0.38,  	-0.47,-0.42,  	0.22,0.36,0.00,25.25
0.20,0.39,  	-0.23,0.46,  	0.20,0.38,0.00,25.25
0.22,0.34,  	0.24,0.26,  	0.20,0.39,0.00,25.25
0.24,0.24,  	0.38,-0.63,  	0.22,0.34,0.00,25.25
0.25,0.18,  	0.31,-1.35,  	0.24,0.24,0.00,25.26
0.25,0.15,  	0.30,-0.78,  	0.25,0.18,0.00,25.25
0.22,0.06,  	-0.32,-1.13,  	0.22,0.06,0.00,25.25
0.19,0.03,  	-0.38,-0.52,  	0.19,0.03,0.00,25.25
0.22,0.03,  	-0.37,-0.40,  	0.19,0.03,0.00,25.25
0.26,-0.01,  	0.41,-0.05,  	0.22,0.03,0.00,25.25
0.31,-0.01,  	0.78,-0.73,  	0.26,-0.01,0.00,25.25
0.29,-0.10,  	0.00,-1.04,  	0.29,-0.10,0.00,25.25
0.33,-0.04,  	0.55,0.59,  	0.33,-0.04,0.00,25.25
0.34,0.02,  	0.65,0.86,  	0.33,-0.04,0.00,25.25
0.36,0.03,  	0.44,0.79,  	0.34,0.02,0.00,25.25
0.39,0.06,  	0.43,0.28,  	0.36,0.03,0.00,25.25
0.39,0.06,  	0.90,0.26,  	0.39,0.06,0.00,25.25
0.45,0.07,  	1.25,0.45,  	0.45,0.07,0.00,25.25
0.48,-0.01,  	1.32,0.50,  	0.52,0.10,0.00,25.26
0.43,-0.08,  	-0.40,-1.59,  	0.48,-0.01,0.00,25.26
0.41,-0.08,  	-0.45,-1.09,  	0.43,-0.08,0.00,25.25
0.42,-0.08,  	-0.10,-0.10,  	0.41,-0.08,0.00,25.25
0.45,-0.06,  	0.32,0.03,  	0.42,-0.08,0.00,25.25
0.50,0.08,  	0.63,0.27,  	0.45,-0.06,0.00,25.25
0.50,0.22,  	0.97,2.06,  	0.50,0.08,0.00,25.27
0.49,0.24,  	0.21,2.13,  	0.50,0.22,0.00,25.26
0.46,0.21,  	-0.21,-0.18,  	0.46,0.21,0.00,25.25
0.44,0.32,  	-0.18,1.46,  	0.44,0.32,0.00,25.26
0.43,0.35,  	-0.17,1.72,  	0.44,0.32,0.00,25.26
0.45,0.32,  	0.04,0.69,  	0.43,0.35,0.00,25.25
0.50,0.29,  	0.49,-0.21,  	0.45,0.32,0.00,25.25
0.50,0.26,  	0.45,-0.29,  	0.50,0.26,0.00,25.25
0.43,0.24,  	-0.83,-0.20,  	0.43,0.24,0.00,25.25
0.38,0.23,  	-1.01,-0.19,  	0.43,0.24,0.00,25.25
0.32,0.21,  	-0.61,-0.06,  	0.38,0.23,0.00,25.25
0.29,0.19,  	-0.69,-0.23,  	0.32,0.21,0.00,25.25
0.33,0.15,  	0.51,-0.52,  	0.33,0.15,0.00,25.25
0.31,0.10,  	-0.02,-0.60,  	0.31,0.10,0.00,25.25
0.31,0.09,  	-0.12,-0.60,  	0.31,0.10,0.00,25.25
0.27,0.07,  	0.19,-0.14,  	0.31,0.09,0.00,25.25
0.24,0.07,  	-0.36,-0.36,  	0.27,0.07,0.00,25.25
0.24,0.07,  	-0.89,-0.67,  	0.24,0.07,0.00,25.25
0.18,-0.02,  	0.07,-0.56,  	0.18,-0.02,0.00,25.25
0.20,-0.07,  	0.23,-0.53,  	0.18,-0.02,0.00,25.25
0.24,-0.10,  	0.28,-0.69,  	0.20,-0.07,0.00,25.25
0.20,-0.13,  	0.62,-0.46,  	0.24,-0.10,0.00,25.25
0.20,-0.13,  	-0.66,0.13,  	0.20,-0.13,0.00,25.25
0.15,-0.11,  	-0.54,-1.27,  	0.15,-0.11,0.00,25.26
0.10,-0.23,  	-0.53,-1.53,  	0.10,-0.21,0.00,25.26
0.07,-0.24,  	-0.15,-0.47,  	0.10,-0.23,0.00,25.25
0.06,-0.27,  	-0.35,-0.28,  	0.07,-0.24,0.00,25.25
0.06,-0.33,  	0.08,-0.86,  	0.06,-0.33,0.00,25.25
0.08,-0.34,  	0.25,-0.34,  	0.08,-0.34,0.00,25.25
0.08,-0.28,  	0.26,-0.25,  	0.08,-0.34,0.00,25.25
0.06,-0.28,  	0.00,0.58,  	0.08,-0.28,0.00,25.25
0.03,-0.32,  	-0.33,-0.03,  	0.06,-0.28,0.00,25.25
-0.01,-0.38,  	-0.47,-1.05,  	-0.01,-0.38,0.00,25.25
-0.03,-0.49,  	-0.39,-1.62,  	-0.03,-0.49,0.00,25.26
-0.03,-0.49,  	-0.37,-1.70,  	-0.03,-0.49,0.00,25.26
-0.01,-0.44,  	0.02,-0.33,  	-0.03,-0.49,0.00,25.25
-0.00,-0.37,  	0.19,0.51,  	-0.01,-0.44,0.00,25.25
-0.01,-0.35,  	-0.06,0.28,  	-0.01,-0.35,0.00,25.25
0.01,-0.31,  	0.24,0.35,  	0.01,-0.31,0.00,25.25
0.01,-0.29,  	0.30,0.37,  	0.01,-0.31,0.00,25.25
0.01,-0.23,  	0.09,0.29,  	0.01,-0.29,0.00,25.25
0.03,-0.15,  	0.00,0.70,  	0.01,-0.23,0.00,25.25
0.04,-0.10,  	0.26,0.88,  	0.04,-0.10,0.00,25.25
0.03,-0.08,  	-0.05,0.31,  	0.03,-0.08,0.00,25.25
0.01,-0.10,  	-0.10,0.22,  	0.03,-0.08,0.00,25.25
-0.01,-0.04,  	-0.30,-0.36,  	0.01,-0.10,0.00,25.25
-0.03,0.06,  	-0.34,0.79,  	-0.01,-0.04,0.00,25.25
-0.07,0.09,  	-0.49,0.60,  	-0.07,0.09,0.00,25.25
-0.08,0.15,  	-0.19,0.80,  	-0.08,0.15,0.00,25.25
-0.08,0.16,  	-0.15,0.86,  	-0.08,0.15,0.00,25.25
-0.06,0.21,  	-0.11,0.36,  	-0.08,0.16,0.00,25.25
-0.06,0.31,  	0.31,0.73,  	-0.06,0.21,0.00,25.25
-0.08,0.28,  	-0.45,-0.11,  	-0.08,0.28,0.00,25.25
-0.08,0.25,  	-0.07,-0.34,  	-0.08,0.25,0.00,25.25
-0.07,0.29,  	0.00,-0.34,  	-0.08,0.25,0.00,25.25
-0.07,0.29,  	0.24,0.70,  	-0.07,0.29,0.00,25.25
-0.10,0.24,  	-0.02,0.16,  	-0.07,0.29,0.00,25.25
-0.11,0.19,  	-0.27,-0.65,  	-0.11,0.19,0.00,25.25
-0.13,0.23,  	-0.26,0.47,  	-0.13,0.23,0.00,25.25
-0.13,0.25,  	-0.27,0.63,  	-0.13,0.23,0.00,25.25
-0.17,0.23,  	-0.19,0.45,  	-0.13,0.25,0.00,25.25
-0.17,0.22,  	-0.49,-0.13,  	-0.17,0.23,0.00,25.25
-0.13,0.26,  	0.40,0.51,  	-0.13,0.26,0.00,25.25
-0.13,0.25,  	0.15,0.06,  	-0.13,0.25,0.00,25.25
-0.13,0.27,  	0.10,-0.02,  	-0.13,0.25,0.00,25.25
-0.13,0.29,  	0.02,0.31,  	-0.13,0.27,0.00,25.25
-0.12,0.31,  	-0.03,0.56,  	-0.13,0.29,0.00,25.25
-0.13,0.29,  	-0.15,-4.12,  	-0.13,-9.71,0.00,25.32
-0.14,0.22,  	-0.30,-5.01,  	-0.14,-9.78,0.00,25.35
-0.15,0.18,  	-0.32,-5.10,  	-0.14,-9.78,0.00,25.35
-0.14,0.13,  	-0.20,-4.74,  	-0.15,-9.82,0.00,25.33
-0.14,0.10,  	0.07,-4.85,  	-0.14,-9.87,0.00,25.34
-0.13,0.05,  	-0.04,-4.57,  	-0.14,-9.90,0.00,25.33
-0.08,0.13,  	0.67,-3.18,  	-0.08,-9.87,0.00,25.29
-0.02,0.24,  	0.76,-2.94,  	-0.08,-9.87,0.00,25.28
-0.02,0.27,  	0.83,-2.57,  	-0.02,-9.76,0.00,25.28
0.02,0.38,  	0.03,-3.57,  	-0.02,-9.73,0.00,25.30
0.08,0.50,  	0.79,-2.25,  	0.08,-9.50,0.00,25.27
0.15,0.55,  	1.07,-2.95,  	0.15,-9.45,0.00,25.29
0.22,0.59,  	1.11,-3.06,  	0.15,-9.45,0.00,25.29
0.31,0.71,  	1.24,-3.31,  	0.22,-9.41,0.00,25.30
0.40,0.82,  	1.37,-2.26,  	0.31,-9.29,0.00,25.27
0.46,1.02,  	1.56,-2.15,  	0.40,-9.18,0.00,25.27
0.51,1.25,  	0.87,-0.23,  	0.51,-8.75,0.00,25.25
0.51,1.43,  	0.84,-0.16,  	0.51,-8.75,0.00,25.25
0.55,1.73,  	0.21,-0.95,  	0.51,-8.57,0.00,25.25
0.56,1.96,  	0.83,1.03,  	0.55,-8.27,0.00,25.26
0.55,2.22,  	0.16,0.56,  	0.55,-7.78,0.00,25.25
0.56,2.52,  	0.32,1.17,  	0.56,-7.48,0.00,25.25
0.60,2.82,  	0.35,1.24,  	0.56,-7.48,0.00,25.25
0.61,3.19,  	0.85,1.44,  	0.60,-7.18,0.00,25.26
0.57,3.45,  	0.46,2.61,  	0.61,-6.81,0.00,25.28
0.50,3.69,  	-0.74,0.99,  	0.50,-6.31,0.00,25.25
0.45,3.99,  	-0.67,1.85,  	0.45,-6.01,0.00,25.26
0.38,4.25,  	-0.65,1.97,  	0.45,-6.01,0.00,25.26
0.27,4.43,  	-0.86,1.36,  	0.38,-5.75,0.00,25.26
0.17,4.71,  	-1.47,0.52,  	0.27,-5.57,0.00,25.26
0.04,4.94,  	-1.82,1.43,  	0.04,-5.06,0.00,25.27
-0.11,5.16,  	-2.26,1.24,  	-0.11,-4.84,0.00,25.27
-0.27,5.36,  	-2.31,1.22,  	-0.11,-4.84,0.00,25.27
-0.41,5.54,  	-2.48,1.11,  	-0.27,-4.64,0.00,25.28
-0.57,5.74,  	-2.16,0.88,  	-0.41,-4.46,0.00,25.27
-0.69,5.93,  	-2.13,1.19,  	-0.69,-4.07,0.00,25.27
-0.81,6.12,  	-2.14,1.23,  	-0.81,-3.88,0.00,25.27
-0.93,6.26,  	-2.15,1.23,  	-0.81,-3.88,0.00,25.27
-1.06,6.38,  	-2.12,0.43,  	-0.93,-3.74,0.00,25.27
-1.20,6.47,  	-2.35,0.33,  	-1.06,-3.62,0.00,25.27
-1.33,6.68,  	-2.43,1.52,  	-1.33,-3.32,0.00,25.28
-1.46,6.82,  	-2.48,0.91,  	-1.46,-3.18,0.00,25.27
-1.57,6.94,  	-2.49,0.77,  	-1.46,-3.18,0.00,25.27
-1.66,7.00,  	-2.28,0.54,  	-1.57,-3.06,0.00,25.27
-1.74,7.03,  	-2.10,-0.40,  	-1.66,-3.00,0.00,25.27
-1.78,7.06,  	-1.47,-0.80,  	-1.78,-2.94,0.00,25.26
-1.87,7.12,  	-1.88,-0.32,  	-1.87,-2.88,0.00,25.26
-1.91,7.17,  	-1.95,-0.25,  	-1.87,-2.88,0.00,25.26
-1.98,7.27,  	-1.33,-0.42,  	-1.91,-2.83,0.00,25.25
-2.02,7.31,  	-1.75,0.39,  	-1.98,-2.73,0.00,25.26
-2.01,7.39,  	-0.80,0.01,  	-2.01,-2.61,0.00,25.25
-1.97,7.44,  	-0.35,-0.21,  	-1.97,-2.56,0.00,25.25
-1.96,7.46,  	-0.30,-0.26,  	-1.97,-2.56,0.00,25.25
-1.98,7.54,  	-0.68,-0.77,  	-1.96,-2.54,0.00,25.25
-1.99,7.55,  	-0.96,0.12,  	-1.98,-2.46,0.00,25.25
-1.97,7.59,  	-0.66,-0.46,  	-1.97,-2.41,0.00,25.25
-1.94,7.68,  	-0.40,0.17,  	-1.94,-2.32,0.00,25.25
-1.88,7.74,  	-0.36,0.26,  	-1.94,-2.32,0.00,25.25
-1.82,7.76,  	0.04,-0.12,  	-1.88,-2.26,0.00,25.25
-1.76,7.84,  	0.20,-0.59,  	-1.82,-2.24,0.00,25.25
-1.73,7.95,  	-0.12,0.75,  	-1.73,-2.05,0.00,25.25
-1.69,7.97,  	-0.18,-0.47,  	-1.69,-2.03,0.00,25.25
-1.65,8.02,  	-0.18,-0.66,  	-1.69,-2.03,0.00,25.25
-1.63,8.06,  	-0.10,-0.15,  	-1.65,-1.98,0.00,25.25
-1.59,8.09,  	-0.49,-0.13,  	-1.63,-1.94,0.00,25.25
-1.59,8.09,  	0.12,0.00,  	-1.59,-1.91,0.00,25.25
-1.53,8.15,  	0.74,0.56,  	-1.53,-1.85,0.00,25.25
-1.36,8.39,  	0.87,0.67,  	-1.43,-1.75,0.00,25.25
-1.32,8.47,  	0.54,1.31,  	-1.36,-1.61,0.00,25.26
-1.27,8.53,  	0.02,0.67,  	-1.32,-1.53,0.00,25.25
-1.27,8.53,  	0.23,0.95,  	-1.27,-1.47,0.00,25.25
-1.13,8.77,  	0.73,1.36,  	-1.13,-1.23,0.00,25.26
-1.08,8.82,  	0.80,1.39,  	-1.13,-1.23,0.00,25.26
-1.02,8.89,  	0.26,0.25,  	-1.08,-1.18,0.00,25.25
-0.94,8.93,  	0.45,0.61,  	-1.02,-1.11,0.00,25.25
-0.97,8.95,  	-0.47,-0.13,  	-0.97,-1.05,0.00,25.25
-0.99,8.98,  	-0.72,0.09,  	-0.99,-1.02,0.00,25.25
-0.99,9.07,  	-0.73,0.13,  	-0.99,-1.02,0.00,25.25
-1.00,9.12,  	-0.49,0.81,  	-0.99,-0.93,0.00,25.25
-0.98,9.12,  	-0.56,0.40,  	-1.00,-0.88,0.00,25.25
-0.96,9.15,  	-0.13,0.01,  	-0.96,-0.85,0.00,25.25
-0.94,9.18,  	-0.11,0.09,  	-0.94,-0.82,0.00,25.25
-0.92,9.26,  	-0.10,0.09,  	-0.94,-0.82,0.00,25.25
-0.92,9.33,  	0.09,0.90,  	-0.92,-0.74,0.00,25.25
-0.95,9.42,  	-0.33,0.81,  	-0.92,-0.67,0.00,25.25
-0.93,9.42,  	-0.18,0.02,  	-0.93,-0.58,0.00,25.25
-0.89,9.43,  	0.10,-0.14,  	-0.89,-0.57,0.00,25.25
-0.88,9.45,  	0.13,-0.14,  	-0.89,-0.57,0.00,25.25
-0.92,9.47,  	-0.14,-0.03,  	-0.88,-0.55,0.00,25.25
-0.99,9.40,  	-0.99,0.06,  	-0.92,-0.53,0.00,25.25
-0.99,9.40,  	-1.33,-1.10,  	-0.99,-0.60,0.00,25.26
-1.08,9.33,  	-0.96,-0.59,  	-1.08,-0.67,0.00,25.25
-1.08,9.29,  	-0.91,-0.50,  	-1.08,-0.67,0.00,25.25
-1.10,9.24,  	-0.55,-0.91,  	-1.08,-0.71,0.00,25.25
-1.11,9.21,  	-0.74,-1.07,  	-1.10,-0.76,0.00,25.25
-1.11,9.21,  	-0.69,-0.93,  	-1.11,-0.79,0.00,25.25
-1.12,9.17,  	-0.71,-0.58,  	-1.12,-0.83,0.00,25.25
-1.17,9.12,  	-0.72,-0.52,  	-1.15,-0.84,0.00,25.25
-1.14,9.11,  	-0.94,-0.81,  	-1.17,-0.88,0.00,25.25
-1.09,9.10,  	-0.03,-0.65,  	-1.14,-0.89,0.00,25.25
-1.09,9.00,  	-0.41,-1.73,  	-1.09,-1.00,0.00,25.26
-1.10,9.01,  	-0.49,-0.49,  	-1.10,-0.99,0.00,25.25
-1.14,8.96,  	-0.49,-0.28,  	-1.10,-0.99,0.00,25.25
-1.15,8.94,  	-1.09,-1.03,  	-1.14,-1.04,0.00,25.26
-1.17,8.94,  	-0.63,-0.75,  	-1.15,-1.06,0.00,25.25
-1.18,8.89,  	-0.70,-1.15,  	-1.18,-1.11,0.00,25.25
-1.19,8.81,  	-0.76,-1.58,  	-1.19,-1.19,0.00,25.26
-1.18,8.73,  	-0.77,-1.63,  	-1.19,-1.19,0.00,25.26
-1.16,8.80,  	-0.37,-1.72,  	-1.18,-1.27,0.00,25.26
-1.15,8.83,  	-0.19,0.40,  	-1.16,-1.20,0.00,25.25
-1.15,8.84,  	-0.37,-0.21,  	-1.15,-1.16,0.00,25.25
-1.14,8.89,  	-0.29,0.21,  	-1.14,-1.11,0.00,25.25
-1.12,8.93,  	-0.28,0.27,  	-1.14,-1.11,0.00,25.25
-1.09,9.00,  	-0.35,0.14,  	-1.12,-1.07,0.00,25.25
-1.05,9.05,  	0.06,0.47,  	-1.09,-1.00,0.00,25.25
-1.02,9.05,  	-0.01,-0.17,  	-1.02,-0.95,0.00,25.25
-1.02,9.03,  	-0.35,-0.63,  	-1.02,-0.97,0.00,25.25
-1.00,9.04,  	-0.40,-0.68,  	-1.02,-0.97,0.00,25.25
-1.04,9.04,  	-0.12,-0.29,  	-1.00,-0.96,0.00,25.25
-1.07,9.07,  	-0.87,-0.41,  	-1.04,-0.96,0.00,25.25
-1.07,9.09,  	-0.56,0.02,  	-1.07,-0.91,0.00,25.25
-1.07,9.14,  	-0.43,0.17,  	-1.07,-0.86,0.00,25.25
-1.09,9.10,  	-0.42,0.19,  	-1.07,-0.86,0.00,25.25
-1.09,9.17,  	-0.76,-0.77,  	-1.09,-0.90,0.00,25.25
-1.06,9.24,  	-0.44,0.52,  	-1.09,-0.83,0.00,25.25
-1.06,9.24,  	-0.27,0.69,  	-1.06,-0.76,0.00,25.25
-1.05,9.33,  	-0.26,0.26,  	-1.05,-0.67,0.00,25.25
-1.05,9.38,  	-0.26,0.19,  	-1.05,-0.67,0.00,25.25
-1.05,9.41,  	-0.37,0.35,  	-1.05,-0.62,0.00,25.25
-1.06,9.41,  	-0.40,0.26,  	-1.05,-0.59,0.00,25.25
-1.06,9.41,  	-0.71,-0.84,  	-1.06,-0.59,0.00,25.25
-1.07,9.35,  	-0.42,-0.58,  	-1.07,-0.65,0.00,25.25
-1.04,9.38,  	-0.38,-0.52,  	-1.07,-0.65,0.00,25.25
-1.02,9.45,  	0.04,0.24,  	-1.04,-0.62,0.00,25.25
-1.00,9.50,  	-0.14,0.64,  	-1.02,-0.55,0.00,25.25
-1.01,9.51,  	-0.60,0.03,  	-1.01,-0.49,0.00,25.25
-1.03,9.52,  	-0.60,-0.10,  	-1.03,-0.48,0.00,25.25
-1.06,9.46,  	-0.59,-0.10,  	-1.03,-0.48,0.00,25.25
-1.08,9.47,  	-0.86,-0.99,  	-1.06,-0.54,0.00,25.25
-1.03,9.52,  	-0.71,-0.16,  	-1.08,-0.53,0.00,25.25
-1.01,9.50,  	0.04,-0.42,  	-1.01,-0.50,0.00,25.25
-1.01,9.45,  	-0.49,-0.94,  	-1.01,-0.55,0.00,25.25
-1.01,9.38,  	-0.57,-0.99,  	-1.01,-0.55,0.00,25.25
-1.01,9.35,  	-0.47,-1.14,  	-1.01,-0.62,0.00,25.25
-1.01,9.40,  	-0.49,-0.67,  	-1.01,-0.65,0.00,25.25
-1.04,9.42,  	-0.85,0.16,  	-1.04,-0.58,0.00,25.25
-1.04,9.46,  	-0.43,0.21,  	-1.04,-0.54,0.00,25.25
-1.01,9.54,  	-0.35,0.22,  	-1.04,-0.54,0.00,25.25
-0.98,9.57,  	-0.00,0.98,  	-1.01,-0.46,0.00,25.25
-0.98,9.55,  	-0.02,0.31,  	-0.98,-0.43,0.00,25.25
-1.01,9.54,  	-0.69,-0.44,  	-1.01,-0.46,0.00,25.25
-1.01,9.52,  	-0.41,-0.40,  	-1.01,-0.48,0.00,25.25
-0.96,9.57,  	-0.36,-0.40,  	-1.01,-0.48,0.00,25.25
-0.94,9.50,  	0.14,0.44,  	-0.96,-0.43,0.00,25.25
-0.95,9.46,  	-0.02,-1.25,  	-0.94,-0.50,0.00,25.25
-0.95,9.46,  	-0.08,-0.06,  	-0.95,-0.54,0.00,25.25
-0.94,9.54,  	-0.46,0.68,  	-0.94,-0.46,0.00,25.25
-0.93,9.63,  	-0.53,0.77,  	-0.94,-0.46,0.00,25.25
-0.93,9.68,  	-0.28,1.08,  	-0.93,-0.37,0.00,25.25
-0.91,9.83,  	-0.37,0.64,  	-0.93,-0.32,0.00,25.25
-0.89,9.87,  	-0.06,0.83,  	-0.89,-0.13,0.00,25.25
-0.86,9.91,  	-0.05,0.47,  	-0.86,-0.09,0.00,25.25
-0.87,9.87,  	-0.05,0.44,  	-0.86,-0.09,0.00,25.25
-0.86,9.82,  	-0.27,-0.48,  	-0.87,-0.13,0.00,25.25
-0.85,9.78,  	-0.24,-0.83,  	-0.86,-0.18,0.00,25.25
-0.87,9.81,  	-0.45,0.23,  	-0.87,-0.19,0.00,25.25
-0.86,9.84,  	-0.20,0.38,  	-0.86,-0.16,0.00,25.25
-0.85,9.85,  	-0.16,0.38,  	-0.86,-0.16,0.00,25.25
-0.83,9.88,  	-0.39,-0.08,  	-0.85,-0.15,0.00,25.25
-0.81,9.91,  	-0.10,0.49,  	-0.83,-0.12,0.00,25.25
-0.79,9.97,  	-0.02,0.69,  	-0.79,-0.03,0.00,25.25
-0.74,10.01,  	0.36,0.68,  	-0.74,0.01,0.00,25.25
-0.73,10.05,  	0.41,0.67,  	-0.74,0.01,0.00,25.25
-0.74,9.99,  	-0.01,0.63,  	-0.73,0.05,0.00,25.25
-0.73,9.96,  	-0.48,-0.85,  	-0.74,-0.01,0.00,25.25
-0.72,9.97,  	-0.12,0.12,  	-0.72,-0.03,0.00,25.25
-0.72,9.94,  	-0.25,-0.41,  	-0.72,-0.06,0.00,25.25
-0.71,9.94,  	-0.27,-0.50,  	-0.72,-0.06,0.00,25.25
-0.72,9.94,  	-0.21,-0.08,  	-0.71,-0.06,0.00,25.25
-0.71,9.95,  	-0.47,-0.12,  	-0.72,-0.06,0.00,25.25
-0.69,9.94,  	0.01,-0.17,  	-0.69,-0.06,0.00,25.25
-0.72,9.84,  	-0.69,-1.31,  	-0.72,-0.16,0.00,25.26
-0.74,9.81,  	-0.80,-1.47,  	-0.72,-0.16,0.00,25.26
-0.71,9.78,  	-0.57,-0.54,  	-0.74,-0.19,0.00,25.25
-0.70,9.70,  	0.10,-0.56,  	-0.71,-0.22,0.00,25.25
-0.69,9.66,  	-0.13,-0.90,  	-0.69,-0.34,0.00,25.25
-0.68,9.62,  	-0.18,-0.74,  	-0.68,-0.38,0.00,25.25
-0.72,9.49,  	-0.18,-0.73,  	-0.68,-0.38,0.00,25.25
-0.72,9.44,  	-0.85,-2.06,  	-0.72,-0.51,0.00,25.27
-0.76,9.45,  	-0.28,-1.07,  	-0.72,-0.56,0.00,25.25
-0.74,9.40,  	-0.28,-0.88,  	-0.74,-0.60,0.00,25.25
-0.69,9.35,  	0.37,-0.84,  	-0.69,-0.65,0.00,25.25
-0.64,9.38,  	0.45,-0.82,  	-0.69,-0.65,0.00,25.25
-0.63,9.39,  	0.49,-0.02,  	-0.64,-0.62,0.00,25.25
-0.59,9.40,  	-0.01,-0.08,  	-0.63,-0.61,0.00,25.25
-0.59,9.40,  	-0.14,-0.70,  	-0.59,-0.60,0.00,25.25
-0.59,9.36,  	-0.21,-0.28,  	-0.59,-0.64,0.00,25.25
-0.55,9.42,  	-0.21,-0.20,  	-0.59,-0.64,0.00,25.25
-0.55,9.36,  	0.35,0.70,  	-0.55,-0.58,0.00,25.25
-0.48,9.40,  	-0.33,-1.06,  	-0.55,-0.64,0.00,25.25
-0.48,9.40,  	0.79,0.97,  	-0.48,-0.60,0.00,25.25
-0.44,9.56,  	-0.31,1.07,  	-0.44,-0.44,0.00,25.25
-0.44,9.68,  	-0.48,1.05,  	-0.44,-0.44,0.00,25.25
-0.46,9.73,  	-0.25,1.57,  	-0.44,-0.32,0.00,25.26
-0.43,9.76,  	-0.32,0.60,  	-0.46,-0.27,0.00,25.25
-0.43,9.75,  	-0.15,-0.16,  	-0.43,-0.25,0.00,25.25
-0.41,9.81,  	-0.18,-0.24,  	-0.43,-0.25,0.00,25.25
-0.44,9.82,  	0.04,0.66,  	-0.41,-0.19,0.00,25.25
-0.45,9.85,  	-0.57,0.17,  	-0.44,-0.18,0.00,25.25
-0.50,9.86,  	-0.17,0.42,  	-0.45,-0.15,0.00,25.25
-0.51,9.89,  	-0.54,0.32,  	-0.51,-0.11,0.00,25.25
-0.51,9.95,  	-0.19,0.76,  	-0.51,-0.05,0.00,25.25
-0.53,9.93,  	-0.15,0.82,  	-0.51,-0.05,0.00,25.25
-0.55,9.95,  	-0.48,-0.20,  	-0.53,-0.07,0.00,25.25
-0.55,9.94,  	-0.46,0.26,  	-0.55,-0.05,0.00,25.25
-0.57,9.99,  	-0.45,0.48,  	-0.57,-0.01,0.00,25.25
-0.57,9.97,  	-0.36,-0.05,  	-0.57,-0.03,0.00,25.25
-0.57,9.99,  	-0.34,-0.14,  	-0.57,-0.03,0.00,25.25
-0.52,10.06,  	-0.29,0.14,  	-0.57,-0.01,0.00,25.25
-0.52,10.05,  	0.46,1.13,  	-0.52,0.06,0.00,25.25
-0.52,9.99,  	-0.28,-0.85,  	-0.52,-0.01,0.00,25.25
-0.53,9.99,  	-0.27,-0.06,  	-0.53,-0.01,0.00,25.25
-0.52,9.99,  	-0.27,0.07,  	-0.53,-0.01,0.00,25.25
-0.54,9.97,  	-0.06,-0.02,  	-0.52,-0.01,0.00,25.25
-0.54,9.94,  	-0.58,-0.33,  	-0.54,-0.03,0.00,25.25
-0.54,9.94,  	-0.15,-0.50,  	-0.54,-0.06,0.00,25.25
-0.52,9.89,  	0.01,-0.32,  	-0.52,-0.11,0.00,25.25
-0.54,9.79,  	0.03,-0.29,  	-0.52,-0.11,0.00,25.25
-0.56,9.76,  	-0.43,-1.42,  	-0.54,-0.21,0.00,25.26
-0.56,9.72,  	-0.60,-0.64,  	-0.56,-0.24,0.00,25.25
-0.58,9.69,  	-0.47,-0.58,  	-0.58,-0.31,0.00,25.25
-0.59,9.65,  	-0.51,-0.73,  	-0.59,-0.35,0.00,25.25
-0.57,9.66,  	-0.52,-0.76,  	-0.59,-0.35,0.00,25.25
-0.54,9.60,  	0.07,0.00,  	-0.57,-0.34,0.00,25.25
-0.51,9.59,  	0.23,-1.01,  	-0.54,-0.40,0.00,25.25
-0.51,9.61,  	-0.20,0.06,  	-0.51,-0.39,0.00,25.25
-0.47,9.68,  	0.29,0.79,  	-0.47,-0.32,0.00,25.25
-0.46,9.63,  	0.37,0.89,  	-0.47,-0.32,0.00,25.25
-0.44,9.61,  	0.05,-0.63,  	-0.46,-0.37,0.00,25.25
-0.43,9.59,  	0.02,-0.51,  	-0.44,-0.39,0.00,25.25
-0.41,9.53,  	0.16,-0.92,  	-0.41,-0.47,0.00,25.25
-0.37,9.57,  	0.37,0.22,  	-0.37,-0.43,0.00,25.25
-0.36,9.56,  	0.40,0.39,  	-0.37,-0.43,0.00,25.25
-0.36,9.49,  	0.03,-0.25,  	-0.36,-0.44,0.00,25.25
-0.37,9.43,  	-0.09,-1.37,  	-0.36,-0.51,0.00,25.25
-0.37,9.36,  	-0.25,-1.30,  	-0.37,-0.64,0.00,25.25
-0.39,9.32,  	-0.37,-0.98,  	-0.39,-0.68,0.00,25.25
-0.43,9.28,  	-0.39,-0.93,  	-0.39,-0.68,0.00,25.25
-0.48,9.16,  	-0.80,-0.89,  	-0.43,-0.72,0.00,25.25
-0.46,9.15,  	-0.96,-2.04,  	-0.48,-0.84,0.00,25.27
-0.43,9.18,  	0.35,-0.02,  	-0.43,-0.82,0.00,25.25
-0.41,9.20,  	0.16,0.00,  	-0.41,-0.80,0.00,25.25
-0.44,9.16,  	0.12,-0.01,  	-0.41,-0.80,0.00,25.25
-0.47,9.16,  	-0.46,-0.77,  	-0.44,-0.84,0.00,25.25
-0.49,9.09,  	-0.64,-0.47,  	-0.47,-0.84,0.00,25.25
-0.50,9.02,  	-0.58,-1.54,  	-0.50,-0.98,0.00,25.26
-0.52,8.93,  	-0.46,-1.78,  	-0.52,-1.07,0.00,25.26
-0.51,8.93,  	-0.44,-1.80,  	-0.52,-1.07,0.00,25.26
-0.50,8.95,  	-0.14,-0.48,  	-0.51,-1.07,0.00,25.25
-0.47,8.93,  	-0.02,-0.16,  	-0.50,-1.05,0.00,25.25
-0.47,8.97,  	0.02,0.01,  	-0.47,-1.03,0.00,25.25
-0.50,8.98,  	-0.67,-0.20,  	-0.50,-1.02,0.00,25.25
-0.50,9.05,  	-0.77,-0.25,  	-0.50,-1.02,0.00,25.25
-0.50,9.06,  	-0.32,0.51,  	-0.50,-0.95,0.00,25.25
-0.49,9.11,  	-0.29,-0.17,  	-0.50,-0.94,0.00,25.25
-0.49,9.11,  	0.41,1.08,  	-0.49,-0.89,0.00,25.25
-0.44,9.21,  	-0.37,-0.02,  	-0.44,-0.79,0.00,25.25
-0.46,9.17,  	-0.51,-0.21,  	-0.47,-0.78,0.00,25.25
-0.49,9.14,  	-0.13,-0.96,  	-0.46,-0.83,0.00,25.25
-0.54,9.14,  	-0.56,-0.83,  	-0.49,-0.86,0.00,25.25
-0.54,9.14,  	-1.03,-0.08,  	-0.54,-0.86,0.00,25.25
-0.63,9.22,  	-0.84,0.46,  	-0.63,-0.78,0.00,25.25
-0.67,9.30,  	-0.81,0.53,  	-0.63,-0.78,0.00,25.25
-0.67,9.40,  	-0.81,0.76,  	-0.67,-0.70,0.00,25.25
-0.68,9.46,  	-0.30,1.22,  	-0.67,-0.60,0.00,25.25
-0.68,9.46,  	-0.82,0.51,  	-0.68,-0.54,0.00,25.25
-0.73,9.50,  	-1.14,0.59,  	-0.73,-0.50,0.00,25.25
-0.86,9.57,  	-1.21,0.62,  	-0.79,-0.44,0.00,25.25
-0.88,9.53,  	-1.41,0.03,  	-0.86,-0.43,0.00,25.26
-0.91,9.51,  	-0.64,-0.75,  	-0.88,-0.47,0.00,25.25
-0.90,9.45,  	-0.34,-0.99,  	-0.90,-0.55,0.00,25.25
-0.95,9.38,  	-0.98,-1.25,  	-0.95,-0.62,0.00,25.26
-1.03,9.33,  	-1.09,-1.28,  	-0.95,-0.62,0.00,25.26
-1.09,9.25,  	-1.57,-1.00,  	-1.03,-0.67,0.00,25.26
-1.15,9.26,  	-1.33,-1.45,  	-1.09,-0.75,0.00,25.26
-1.17,9.24,  	-0.92,-0.50,  	-1.17,-0.76,0.00,25.25
-1.17,9.25,  	-0.55,-0.22,  	-1.17,-0.75,0.00,25.25
-1.17,9.28,  	-0.51,-0.17,  	-1.17,-0.75,0.00,25.25
-1.19,9.31,  	-0.43,0.17,  	-1.17,-0.72,0.00,25.25
-1.22,9.26,  	-0.76,0.09,  	-1.19,-0.69,0.00,25.25
-1.24,9.24,  	-0.80,-0.71,  	-1.24,-0.76,0.00,25.25
-1.25,9.24,  	-0.83,-0.40,  	-1.25,-0.76,0.00,25.25
-1.23,9.28,  	-0.84,-0.36,  	-1.25,-0.76,0.00,25.25
-1.25,9.21,  	-0.23,0.27,  	-1.23,-0.72,0.00,25.25
-1.24,9.14,  	-0.76,-1.30,  	-1.25,-0.79,0.00,25.26
-1.24,9.14,  	-0.30,0.20,  	-1.24,-0.86,0.00,25.25
-1.27,9.21,  	-0.97,-0.05,  	-1.27,-0.79,0.00,25.25
-1.29,9.16,  	-1.08,-0.13,  	-1.27,-0.79,0.00,25.25
-1.27,9.21,  	-0.87,-0.86,  	-1.29,-0.84,0.00,25.25
-1.27,9.27,  	-0.33,0.31,  	-1.27,-0.79,0.00,25.25
-1.25,9.30,  	-0.22,8.47,  	-1.25,19.30,0.00,25.52
-1.22,9.33,  	-0.14,8.43,  	-1.22,19.33,0.00,25.52
-1.21,9.37,  	-0.14,8.43,  	-1.22,19.33,0.00,25.52
-1.20,9.41,  	-0.29,8.69,  	-1.21,19.37,0.00,25.54
-1.19,9.40,  	-0.29,8.72,  	-1.20,19.41,0.00,25.54
-1.23,9.37,  	-1.05,7.65,  	-1.23,19.37,0.00,25.47
-1.26,9.25,  	-0.93,6.40,  	-1.26,19.25,0.00,25.40
-1.24,9.08,  	-0.90,6.22,  	-1.26,19.25,0.00,25.40
-1.22,8.87,  	-0.27,5.47,  	-1.24,19.08,0.00,25.36
-1.27,8.65,  	-0.20,4.71,  	-1.22,18.87,0.00,25.33
-1.45,8.38,  	-2.91,3.86,  	-1.45,18.38,0.00,25.34
-1.54,8.13,  	-2.16,3.77,  	-1.54,18.13,0.00,25.32
-1.64,7.93,  	-2.01,3.78,  	-1.54,18.13,0.00,25.32
-1.76,7.65,  	-2.26,4.35,  	-1.64,17.93,0.00,25.34
-1.78,7.41,  	-2.54,3.28,  	-1.76,17.65,0.00,25.31
-1.78,7.14,  	-0.65,3.20,  	-1.78,17.14,0.00,25.29
-1.75,6.79,  	-0.40,1.94,  	-1.75,16.79,0.00,25.26
-1.80,6.35,  	-0.37,1.78,  	-1.75,16.79,0.00,25.26
-1.83,5.94,  	-1.41,0.40,  	-1.80,16.35,0.00,25.26
-1.80,5.48,  	-1.13,0.44,  	-1.83,15.94,0.00,25.25
-1.72,4.94,  	0.32,-1.59,  	-1.72,14.94,0.00,25.26
-1.62,4.38,  	0.66,-2.35,  	-1.62,14.38,0.00,25.27
-1.56,3.90,  	0.69,-2.42,  	-1.62,14.38,0.00,25.27
-1.49,3.34,  	0.32,-1.36,  	-1.56,13.90,0.00,25.25
-1.37,2.80,  	0.30,-2.80,  	-1.49,13.34,0.00,25.28
-1.29,2.29,  	0.79,-2.50,  	-1.29,12.29,0.00,25.27
-1.16,1.88,  	1.30,-1.36,  	-1.16,11.88,0.00,25.26
-0.99,1.34,  	1.38,-1.18,  	-1.16,11.88,0.00,25.26
-0.78,0.71,  	2.02,-3.07,  	-0.99,11.34,0.00,25.30
-0.51,0.22,  	2.77,-4.84,  	-0.78,10.71,0.00,25.37
-0.31,-0.20,  	3.01,-2.34,  	-0.31,9.80,0.00,25.30
-0.14,-0.65,  	2.50,-2.77,  	-0.14,9.35,0.00,25.30
0.10,-1.06,  	2.43,-2.84,  	-0.14,9.35,0.00,25.30
0.38,-1.43,  	3.47,-2.42,  	0.10,8.94,0.00,25.32
0.66,-1.81,  	4.34,-1.96,  	0.38,8.57,0.00,25.34
0.88,-2.16,  	3.82,-2.00,  	0.88,7.84,0.00,25.32
1.07,-2.55,  	3.29,-2.49,  	1.07,7.45,0.00,25.31
1.35,-2.81,  	3.22,-2.56,  	1.07,7.45,0.00,25.31
1.57,-3.12,  	4.62,-1.07,  	1.35,7.19,0.00,25.34
1.77,-3.36,  	3.92,-1.71,  	1.57,6.88,0.00,25.32
1.77,-3.36,  	3.63,-0.74,  	1.77,6.64,0.00,25.30
2.18,-3.83,  	4.09,-0.86,  	2.18,6.17,0.00,25.31
2.39,-4.06,  	4.13,-0.86,  	2.18,6.17,0.00,25.32
2.51,-4.27,  	4.04,-1.01,  	2.39,5.94,0.00,25.31
2.62,-4.41,  	3.06,-0.71,  	2.51,5.73,0.00,25.28
2.62,-4.41,  	3.13,-0.36,  	2.62,5.59,0.00,25.29
2.77,-4.60,  	3.21,0.41,  	2.77,5.40,0.00,25.29
3.04,-4.76,  	3.26,0.51,  	2.91,5.29,0.00,25.29
3.13,-4.81,  	3.29,1.47,  	3.04,5.24,0.00,25.30
3.14,-4.90,  	2.68,1.29,  	3.13,5.19,0.00,25.28
3.14,-4.90,  	1.05,0.70,  	3.14,5.10,0.00,25.25
3.12,-5.07,  	1.38,0.85,  	3.12,4.93,0.00,25.26
3.12,-5.07,  	1.44,0.89,  	3.12,4.93,0.00,25.26
3.08,-5.12,  	1.25,1.98,  	3.12,4.93,0.00,25.27
3.04,-5.21,  	0.73,1.30,  	3.08,4.88,0.00,25.26
2.97,-5.31,  	0.40,0.40,  	2.97,4.69,0.00,25.25
2.86,-5.41,  	-0.35,0.42,  	2.86,4.59,0.00,25.25
2.71,-5.54,  	-0.45,0.44,  	2.86,4.59,0.00,25.25
2.56,-5.57,  	-1.18,0.06,  	2.71,4.46,0.00,25.25
2.44,-5.61,  	-1.12,1.21,  	2.56,4.43,0.00,25.26
2.34,-5.71,  	-0.51,0.50,  	2.34,4.29,0.00,25.25
2.24,-5.81,  	-0.47,0.34,  	2.24,4.19,0.00,25.25
2.09,-5.92,  	-0.47,0.34,  	2.24,4.19,0.00,25.25
1.96,-6.08,  	-1.23,0.09,  	2.09,4.08,0.00,25.25
1.81,-6.18,  	-1.13,-0.68,  	1.96,3.92,0.00,25.25
1.63,-6.31,  	-1.94,-0.40,  	1.63,3.69,0.00,25.26
1.48,-6.44,  	-1.73,-0.41,  	1.48,3.56,0.00,25.26
1.37,-6.54,  	-1.68,-0.39,  	1.48,3.56,0.00,25.26
1.28,-6.70,  	-1.04,-0.01,  	1.37,3.46,0.00,25.25
1.20,-6.83,  	-0.79,-1.09,  	1.28,3.30,0.00,25.25
1.08,-6.98,  	-1.27,-0.91,  	1.08,3.02,0.00,25.26
0.98,-7.10,  	-1.10,-0.62,  	0.98,2.90,0.00,25.25
0.85,-7.21,  	-1.06,-0.56,  	0.98,2.90,0.00,25.25
0.78,-7.32,  	-1.41,-0.54,  	0.85,2.79,0.00,25.26
0.75,-7.47,  	-0.77,-0.54,  	0.78,2.68,0.00,25.25
0.75,-7.57,  	0.19,-0.54,  	0.75,2.43,0.00,25.25
0.74,-7.67,  	0.19,-0.57,  	0.74,2.33,0.00,25.25
0.68,-7.76,  	0.19,-0.59,  	0.74,2.33,0.00,25.25
0.64,-7.87,  	-0.67,-0.43,  	0.68,2.24,0.00,25.25
0.62,-7.90,  	-0.31,-0.57,  	0.64,2.13,0.00,25.25
0.61,-7.99,  	0.18,-0.45,  	0.61,2.01,0.00,25.25
0.64,-8.07,  	0.61,-0.37,  	0.64,1.93,0.00,25.25
0.66,-8.24,  	0.66,-0.34,  	0.64,1.93,0.00,25.25
0.72,-8.39,  	0.62,-1.75,  	0.66,1.76,0.00,25.26
0.74,-8.49,  	1.05,-1.57,  	0.72,1.61,0.00,25.26
0.75,-8.58,  	0.45,-0.79,  	0.75,1.42,0.00,25.25
0.73,-8.65,  	0.05,-0.52,  	0.73,1.35,0.00,25.25
0.78,-8.72,  	-0.00,-0.48,  	0.73,1.35,0.00,25.25
0.84,-8.85,  	0.93,-0.59,  	0.78,1.28,0.00,25.25
0.93,-8.87,  	1.27,-1.32,  	0.84,1.15,0.00,25.26
0.99,-8.88,  	1.41,0.26,  	0.99,1.12,0.00,25.26
1.05,-8.88,  	1.21,0.40,  	1.05,1.12,0.00,25.25
1.10,-8.88,  	1.19,0.42,  	1.05,1.12,0.00,25.25
1.17,-8.90,  	1.20,0.50,  	1.10,1.12,0.00,25.25
1.25,-8.91,  	1.57,0.18,  	1.17,1.10,0.00,25.26
1.27,-8.99,  	0.93,-0.57,  	1.27,1.01,0.00,25.25
1.33,-9.02,  	1.38,-0.23,  	1.33,0.98,0.00,25.26
1.44,-8.96,  	1.46,-0.16,  	1.33,0.98,0.00,25.26
1.50,-8.89,  	2.10,1.30,  	1.44,1.04,0.00,25.27
1.54,-8.83,  	1.65,1.50,  	1.50,1.11,0.00,25.27
1.59,-8.78,  	1.36,1.29,  	1.59,1.22,0.00,25.26
1.67,-8.72,  	1.81,1.34,  	1.67,1.28,0.00,25.27
1.75,-8.64,  	1.88,1.35,  	1.67,1.28,0.00,25.27
1.78,-8.62,  	1.86,1.72,  	1.75,1.36,0.00,25.27
1.83,-8.59,  	1.27,0.82,  	1.78,1.38,0.00,25.26
1.88,-8.52,  	1.58,1.46,  	1.88,1.48,0.00,25.27
1.93,-8.45,  	1.49,1.63,  	1.93,1.55,0.00,25.27
1.97,-8.38,  	1.47,1.65,  	1.93,1.55,0.00,25.27
1.98,-8.28,  	1.38,1.89,  	1.97,1.62,0.00,25.27
1.98,-8.19,  	1.09,2.06,  	1.98,1.72,0.00,25.27
1.98,-8.14,  	0.81,1.65,  	1.98,1.86,0.00,25.26
1.97,-8.06,  	0.74,1.89,  	1.97,1.94,0.00,25.26
1.98,-7.97,  	0.73,1.94,  	1.97,1.94,0.00,25.26
1.98,-7.87,  	0.92,2.20,  	1.98,2.03,0.00,25.27
1.97,-7.83,  	0.80,2.45,  	1.98,2.13,0.00,25.27
1.98,-7.74,  	0.92,2.22,  	1.98,2.26,0.00,25.27
1.97,-7.64,  	0.71,2.41,  	1.97,2.36,0.00,25.27
1.95,-7.57,  	0.67,2.41,  	1.97,2.36,0.00,25.27
1.89,-7.66,  	0.52,2.08,  	1.95,2.43,0.00,25.26
1.80,-7.77,  	-0.09,-0.24,  	1.89,2.34,0.00,25.25
1.80,-7.77,  	0.22,0.68,  	1.80,2.23,0.00,25.25
1.72,-7.78,  	0.06,0.81,  	1.72,2.22,0.00,25.25
1.68,-7.85,  	0.02,0.80,  	1.72,2.22,0.00,25.25
1.61,-7.97,  	0.05,-0.12,  	1.68,2.15,0.00,25.25
1.55,-8.06,  	-0.32,-0.82,  	1.61,2.03,0.00,25.25
1.48,-8.16,  	-0.31,-0.74,  	1.48,1.84,0.00,25.25
1.42,-8.34,  	-0.27,-1.71,  	1.42,1.66,0.00,25.26
1.38,-8.40,  	-0.26,-1.85,  	1.42,1.66,0.00,25.26
1.33,-8.43,  	-0.07,-0.37,  	1.38,1.60,0.00,25.25
1.32,-8.49,  	-0.01,0.13,  	1.33,1.57,0.00,25.25
1.29,-8.60,  	0.14,-0.86,  	1.29,1.40,0.00,25.25
1.29,-8.70,  	0.48,-1.07,  	1.29,1.30,0.00,25.25
1.28,-8.85,  	0.53,-1.09,  	1.29,1.30,0.00,25.25
1.29,-8.93,  	0.30,-1.68,  	1.28,1.15,0.00,25.26
1.30,-9.03,  	0.66,-0.83,  	1.29,1.07,0.00,25.25
1.33,-9.15,  	0.87,-1.36,  	1.33,0.85,0.00,25.26
1.41,-9.20,  	1.65,-0.55,  	1.41,0.80,0.00,25.26
1.45,-9.20,  	1.76,-0.41,  	1.41,0.80,0.00,25.26
1.47,-9.23,  	1.28,0.35,  	1.45,0.80,0.00,25.25
1.49,-9.30,  	0.86,-0.13,  	1.47,0.77,0.00,25.25
1.49,-9.30,  	0.88,-0.72,  	1.49,0.70,0.00,25.25
1.54,-9.41,  	1.05,-0.34,  	1.54,0.59,0.00,25.25
1.61,-9.40,  	1.08,-0.28,  	1.54,0.59,0.00,25.25
1.65,-9.40,  	1.50,0.37,  	1.61,0.60,0.00,25.26
1.70,-9.44,  	1.34,0.16,  	1.65,0.60,0.00,25.25
1.72,-9.44,  	1.10,0.15,  	1.72,0.56,0.00,25.25
1.74,-9.43,  	0.98,0.36,  	1.74,0.57,0.00,25.25
1.75,-9.43,  	0.97,0.38,  	1.74,0.57,0.00,25.25
1.77,-9.41,  	1.00,0.19,  	1.75,0.57,0.00,25.25
1.81,-9.36,  	1.02,0.52,  	1.77,0.59,0.00,25.25
1.83,-9.35,  	1.18,0.47,  	1.83,0.65,0.00,25.25
1.87,-9.32,  	1.25,0.79,  	1.87,0.68,0.00,25.26
1.88,-9.26,  	1.26,0.85,  	1.87,0.68,0.00,25.26
1.87,-9.23,  	0.95,1.09,  	1.88,0.74,0.00,25.26
1.87,-9.19,  	0.49,0.84,  	1.87,0.77,0.00,25.25
1.87,-9.11,  	0.66,1.46,  	1.87,0.89,0.00,25.26
1.87,-9.05,  	0.91,1.36,  	1.87,0.95,0.00,25.26
1.87,-8.98,  	0.95,1.33,  	1.87,0.95,0.00,25.26
1.86,-8.98,  	0.80,1.38,  	1.87,1.02,0.00,25.26
1.86,-8.90,  	0.63,0.41,  	1.86,1.02,0.00,25.25
1.83,-8.77,  	0.46,2.38,  	1.83,1.23,0.00,25.27
1.82,-8.72,  	0.51,1.48,  	1.82,1.28,0.00,25.26
1.78,-8.68,  	0.52,1.33,  	1.82,1.28,0.00,25.26
1.76,-8.63,  	0.26,1.10,  	1.78,1.32,0.00,25.25
1.72,-8.64,  	0.33,1.30,  	1.76,1.37,0.00,25.25
1.68,-8.64,  	0.18,0.64,  	1.68,1.36,0.00,25.25
1.63,-8.66,  	-0.14,0.30,  	1.63,1.34,0.00,25.25
1.58,-8.71,  	-0.18,0.25,  	1.63,1.34,0.00,25.25
1.56,-8.70,  	0.04,-0.32,  	1.58,1.29,0.00,25.25
1.51,-8.69,  	0.28,0.71,  	1.56,1.30,0.00,25.25
1.46,-8.73,  	-0.13,0.04,  	1.46,1.27,0.00,25.25
1.43,-8.69,  	0.19,1.00,  	1.43,1.31,0.00,25.25
1.39,-8.74,  	0.24,1.16,  	1.43,1.31,0.00,25.25
1.37,-8.75,  	-0.10,-0.16,  	1.39,1.26,0.00,25.25
1.37,-8.69,  	0.23,0.28,  	1.37,1.25,0.00,25.25
1.35,-8.65,  	0.28,1.07,  	1.35,1.35,0.00,25.25
1.31,-8.69,  	0.00,0.21,  	1.31,1.31,0.00,25.25
1.30,-8.70,  	-0.03,0.09,  	1.31,1.31,0.00,25.25
1.25,-8.80,  	0.36,0.35,  	1.30,1.30,0.00,25.25
1.22,-8.92,  	-0.14,-0.99,  	1.25,1.20,0.00,25.25
1.22,-9.02,  	0.48,-1.12,  	1.22,0.98,0.00,25.25
1.21,-9.05,  	0.40,-0.28,  	1.21,0.95,0.00,25.25
1.21,-9.16,  	0.38,-0.15,  	1.21,0.95,0.00,25.25
1.22,-9.18,  	0.47,-1.16,  	1.21,0.84,0.00,25.25
1.24,-9.19,  	0.74,0.03,  	1.22,0.82,0.00,25.25
1.24,-9.19,  	0.64,-0.59,  	1.24,0.81,0.00,25.25
1.25,-9.26,  	0.60,-0.43,  	1.25,0.74,0.00,25.25
1.25,-9.37,  	0.59,-0.40,  	1.25,0.69,0.00,25.25
1.26,-9.46,  	0.53,-0.65,  	1.25,0.63,0.00,25.25
1.28,-9.49,  	0.62,-1.05,  	1.26,0.54,0.00,25.25
1.30,-9.49,  	0.89,-0.18,  	1.28,0.51,0.00,25.25
1.31,-9.48,  	0.66,0.09,  	1.30,0.51,0.00,25.25
1.33,-9.46,  	0.81,0.35,  	1.31,0.52,0.00,25.25
1.32,-9.49,  	0.80,0.61,  	1.33,0.54,0.00,25.25
1.32,-9.52,  	0.47,-0.33,  	1.32,0.51,0.00,25.25
1.34,-9.47,  	0.82,0.89,  	1.34,0.53,0.00,25.25
1.35,-9.47,  	0.77,0.30,  	1.35,0.53,0.00,25.25
1.38,-9.52,  	0.75,0.18,  	1.35,0.53,0.00,25.25
1.39,-9.56,  	0.93,-0.63,  	1.38,0.48,0.00,25.25
1.41,-9.54,  	0.70,-0.40,  	1.39,0.44,0.00,25.25
1.44,-9.48,  	1.00,0.95,  	1.44,0.52,0.00,25.26
1.43,-9.47,  	0.56,0.51,  	1.43,0.53,0.00,25.25
1.45,-9.39,  	0.49,0.44,  	1.43,0.53,0.00,25.25
1.45,-9.37,  	0.75,1.38,  	1.45,0.61,0.00,25.26
1.46,-9.32,  	0.75,0.63,  	1.45,0.63,0.00,25.25
1.49,-9.25,  	0.97,1.35,  	1.49,0.75,0.00,25.26
1.50,-9.23,  	0.82,0.73,  	1.50,0.77,0.00,25.25
1.51,-9.22,  	0.79,0.62,  	1.50,0.77,0.00,25.25
1.50,-9.16,  	0.78,0.46,  	1.51,0.78,0.00,25.25
1.49,-9.09,  	0.51,1.06,  	1.50,0.84,0.00,25.25
1.45,-9.11,  	0.08,0.17,  	1.45,0.89,0.00,25.25
1.43,-9.09,  	0.23,0.69,  	1.43,0.91,0.00,25.25
1.42,-9.01,  	0.26,0.80,  	1.43,0.91,0.00,25.25
1.40,-9.02,  	0.40,1.54,  	1.42,0.99,0.00,25.26
1.39,-8.97,  	0.39,0.34,  	1.40,0.98,0.00,25.25
1.37,-8.90,  	0.30,1.53,  	1.37,1.10,0.00,25.26
1.37,-8.88,  	0.48,0.88,  	1.37,1.12,0.00,25.25
1.35,-8.86,  	0.51,0.77,  	1.37,1.12,0.00,25.25
1.32,-8.86,  	0.24,0.71,  	1.35,1.14,0.00,25.25
1.30,-8.91,  	0.13,0.42,  	1.32,1.14,0.00,25.25
1.26,-8.98,  	0.04,-0.52,  	1.26,1.02,0.00,25.25
1.22,-9.05,  	0.01,-0.59,  	1.22,0.95,0.00,25.25
1.19,-9.05,  	0.01,-0.59,  	1.22,0.95,0.00,25.25
1.13,-9.05,  	-0.01,0.34,  	1.19,0.95,0.00,25.25
1.09,-9.08,  	-0.35,0.33,  	1.13,0.95,0.00,25.25
1.09,-9.08,  	0.42,0.72,  	1.09,0.92,0.00,25.25
1.09,-9.05,  	0.51,0.86,  	1.09,0.95,0.00,25.25
1.06,-9.02,  	0.51,0.88,  	1.08,0.98,0.00,25.25
1.03,-9.07,  	0.19,0.46,  	1.06,0.98,0.00,25.25
1.04,-9.07,  	-0.12,-0.36,  	1.03,0.93,0.00,25.25
1.04,-9.07,  	0.23,-0.38,  	1.04,0.93,0.00,25.25
1.02,-9.16,  	0.41,-0.17,  	1.02,0.84,0.00,25.25
1.04,-9.10,  	0.45,-0.12,  	1.02,0.84,0.00,25.25
1.04,-9.08,  	0.67,1.21,  	1.04,0.90,0.00,25.26
1.04,-9.09,  	0.46,0.67,  	1.04,0.92,0.00,25.25
1.02,-9.10,  	0.28,0.15,  	1.02,0.90,0.00,25.25
0.96,-9.17,  	-0.34,-0.40,  	0.96,0.83,0.00,25.25
0.96,-9.12,  	-0.42,-0.48,  	0.96,0.83,0.00,25.25
0.98,-9.12,  	0.33,0.83,  	0.96,0.88,0.00,25.25
0.99,-9.12,  	0.59,0.32,  	0.98,0.88,0.00,25.25
1.02,-9.09,  	0.80,0.87,  	1.02,0.91,0.00,25.25
1.04,-9.07,  	0.79,0.72,  	1.04,0.93,0.00,25.25
1.04,-9.04,  	0.79,0.69,  	1.04,0.93,0.00,25.25
1.09,-9.00,  	0.40,0.77,  	1.04,0.96,0.00,25.25
1.08,-8.99,  	0.95,0.94,  	1.09,1.00,0.00,25.25
1.09,-8.99,  	0.62,0.53,  	1.09,1.01,0.00,25.25
1.11,-9.00,  	0.74,0.20,  	1.11,1.00,0.00,25.25
1.18,-8.98,  	0.75,0.16,  	1.11,1.00,0.00,25.25
1.20,-9.00,  	1.51,0.68,  	1.18,1.02,0.00,25.26
1.21,-8.98,  	0.82,0.28,  	1.20,1.00,0.00,25.25
1.21,-8.98,  	0.50,1.04,  	1.21,1.02,0.00,25.25
1.25,-8.85,  	0.91,1.56,  	1.25,1.15,0.00,25.26
1.29,-8.85,  	0.97,1.62,  	1.25,1.15,0.00,25.26
1.34,-8.84,  	1.21,0.51,  	1.29,1.15,0.00,25.25
1.36,-8.83,  	1.28,0.64,  	1.34,1.16,0.00,25.26
1.38,-8.80,  	0.78,0.85,  	1.38,1.20,0.00,25.25
1.39,-8.85,  	0.73,-0.05,  	1.39,1.15,0.00,25.25
1.40,-8.87,  	0.72,-0.19,  	1.39,1.15,0.00,25.25
1.43,-8.86,  	0.80,0.11,  	1.40,1.13,0.00,25.25
1.48,-8.84,  	1.01,0.59,  	1.43,1.14,0.00,25.25
1.49,-8.89,  	0.93,-0.10,  	1.49,1.11,0.00,25.25
1.51,-8.79,  	0.88,1.80,  	1.51,1.21,0.00,25.26
1.55,-8.67,  	0.88,2.10,  	1.51,1.21,0.00,25.27
1.54,-8.69,  	1.13,2.27,  	1.55,1.33,0.00,25.27
1.54,-8.68,  	0.52,0.22,  	1.54,1.31,0.00,25.25
1.56,-8.67,  	0.82,0.66,  	1.56,1.33,0.00,25.25
1.57,-8.70,  	0.77,0.19,  	1.57,1.30,0.00,25.25
1.59,-8.69,  	0.76,0.12,  	1.57,1.30,0.00,25.25
1.61,-8.64,  	0.95,0.61,  	1.59,1.31,0.00,25.25
1.63,-8.62,  	1.03,1.40,  	1.61,1.36,0.00,25.26
1.61,-8.62,  	0.47,0.69,  	1.61,1.38,0.00,25.25
1.61,-8.62,  	0.72,0.42,  	1.61,1.38,0.00,25.25
1.59,-8.61,  	0.76,0.39,  	1.61,1.38,0.00,25.25
1.58,-8.60,  	0.36,0.78,  	1.59,1.39,0.00,25.25
1.59,-8.61,  	0.42,0.75,  	1.58,1.40,0.00,25.25
1.60,-8.62,  	0.81,0.42,  	1.59,1.39,0.00,25.25
1.61,-8.62,  	0.83,0.46,  	1.60,1.38,0.00,25.25
1.62,-8.59,  	0.86,0.65,  	1.61,1.38,0.00,25.25
1.59,-8.59,  	0.64,1.06,  	1.62,1.41,0.00,25.25
1.55,-8.60,  	0.39,0.53,  	1.59,1.41,0.00,25.25
1.54,-8.66,  	0.34,-0.22,  	1.54,1.34,0.00,25.25
1.54,-8.66,  	0.74,0.50,  	1.54,1.34,0.00,25.25
1.57,-8.58,  	0.80,0.62,  	1.54,1.34,0.00,25.25
1.55,-8.59,  	1.03,1.69,  	1.57,1.42,0.00,25.26
1.54,-8.64,  	0.40,0.51,  	1.55,1.41,0.00,25.25
1.54,-8.64,  	0.30,-0.07,  	1.54,1.36,0.00,25.25
1.51,-8.68,  	-0.14,-0.07,  	1.51,1.32,0.00,25.25
1.45,-8.72,  	-0.22,-0.09,  	1.46,1.28,0.00,25.25
1.43,-8.72,  	0.35,0.59,  	1.45,1.28,0.00,25.25
1.42,-8.72,  	0.42,0.46,  	1.43,1.28,0.00,25.25
1.42,-8.71,  	0.41,0.66,  	1.42,1.28,0.00,25.25
1.38,-8.77,  	0.51,0.63,  	1.42,1.29,0.00,25.25
1.38,-8.76,  	0.05,-0.37,  	1.38,1.23,0.00,25.25
1.37,-8.80,  	0.53,0.65,  	1.38,1.24,0.00,25.25
1.35,-8.81,  	0.39,-0.10,  	1.37,1.20,0.00,25.25
1.34,-8.85,  	0.46,-0.00,  	1.34,1.15,0.00,25.25
1.34,-8.85,  	0.58,0.36,  	1.34,1.15,0.00,25.25
1.34,-8.87,  	0.59,0.42,  	1.34,1.15,0.00,25.25
1.32,-8.84,  	0.44,0.22,  	1.34,1.13,0.00,25.25
1.30,-8.81,  	0.23,-7.43,  	1.32,-18.84,0.00,25.46
1.27,-8.76,  	0.16,-7.11,  	1.27,-18.76,0.00,25.44
1.27,-8.74,  	0.48,-7.51,  	1.27,-18.74,0.00,25.46
1.28,-8.77,  	0.53,-7.58,  	1.27,-18.74,0.00,25.47
1.34,-8.74,  	0.69,-8.20,  	1.28,-18.77,0.00,25.51
1.40,-8.68,  	1.46,-7.25,  	1.34,-18.74,0.00,25.46
1.42,-8.63,  	0.96,-6.96,  	1.42,-18.63,0.00,25.44
1.41,-8.50,  	0.44,-5.98,  	1.41,-18.50,0.00,25.38
1.42,-8.27,  	0.38,-5.84,  	1.41,-18.50,0.00,25.38
1.46,-8.02,  	0.75,-4.35,  	1.42,-18.27,0.00,25.32
1.55,-7.84,  	1.02,-3.84,  	1.46,-18.02,0.00,25.31
1.64,-7.64,  	2.19,-4.41,  	1.64,-17.64,0.00,25.34
1.73,-7.39,  	1.93,-3.70,  	1.73,-17.39,0.00,25.31
1.82,-7.13,  	1.89,-3.61,  	1.73,-17.39,0.00,25.31
1.86,-6.82,  	2.10,-3.32,  	1.82,-17.13,0.00,25.31
1.90,-6.44,  	1.41,-2.42,  	1.86,-16.82,0.00,25.28
1.90,-6.07,  	0.99,-1.20,  	1.90,-16.07,0.00,25.26
1.90,-5.63,  	0.67,-0.11,  	1.90,-15.63,0.00,25.25
1.91,-5.16,  	0.63,0.03,  	1.90,-15.63,0.00,25.25
1.95,-4.61,  	1.15,0.67,  	1.91,-15.16,0.00,25.25
1.89,-4.09,  	1.43,2.07,  	1.95,-14.61,0.00,25.27
1.89,-4.09,  	-0.47,2.33,  	1.89,-14.09,0.00,25.27
1.71,-3.03,  	-0.72,2.21,  	1.71,-13.03,0.00,25.27
1.62,-2.47,  	-0.74,2.13,  	1.71,-13.03,0.00,25.27
1.55,-1.96,  	-0.60,3.03,  	1.62,-12.47,0.00,25.29
1.46,-1.43,  	-0.44,2.69,  	1.55,-11.96,0.00,25.28
1.46,-1.43,  	-1.13,3.06,  	1.46,-11.43,0.00,25.29
1.34,-0.91,  	-2.01,3.29,  	1.34,-10.91,0.00,25.30
0.94,0.11,  	-2.19,3.50,  	1.15,-10.38,0.00,25.31
0.75,0.61,  	-2.71,3.26,  	0.94,-9.89,0.00,25.32
0.55,1.07,  	-2.56,3.55,  	0.75,-9.39,0.00,25.32
0.55,1.07,  	-2.96,3.37,  	0.55,-8.93,0.00,25.33
0.33,1.55,  	-2.66,3.22,  	0.33,-8.45,0.00,25.31
-0.02,2.40,  	-2.67,3.34,  	0.15,-8.00,0.00,25.32
-0.27,2.76,  	-2.45,2.81,  	-0.02,-7.60,0.00,25.30
-0.54,3.16,  	-3.81,2.35,  	-0.27,-7.24,0.00,25.32
-0.78,3.50,  	-3.94,2.47,  	-0.78,-6.50,0.00,25.33
-1.02,3.79,  	-4.05,1.78,  	-1.02,-6.21,0.00,25.32
-1.22,4.06,  	-4.07,1.68,  	-1.02,-6.21,0.00,25.32
-1.41,4.37,  	-3.45,1.53,  	-1.22,-5.94,0.00,25.30
-1.56,4.65,  	-3.42,2.36,  	-1.41,-5.63,0.00,25.31
-1.70,4.89,  	-2.77,1.54,  	-1.70,-5.11,0.00,25.29
-1.85,5.05,  	-2.99,0.57,  	-1.85,-4.95,0.00,25.28
-2.04,5.23,  	-3.02,0.42,  	-1.85,-4.95,0.00,25.28
-2.21,5.43,  	-3.44,0.55,  	-2.04,-4.77,0.00,25.29
-2.26,5.62,  	-3.46,1.24,  	-2.21,-4.57,0.00,25.30
-2.32,5.74,  	-1.91,0.17,  	-2.32,-4.26,0.00,25.26
-2.33,5.92,  	-1.27,0.89,  	-2.33,-4.08,0.00,25.26
-2.38,6.00,  	-1.16,1.00,  	-2.33,-4.08,0.00,25.26
-2.46,6.11,  	-1.65,-0.32,  	-2.38,-4.00,0.00,25.26
-2.48,6.18,  	-1.99,-0.14,  	-2.46,-3.89,0.00,25.26
-2.54,6.31,  	-1.78,0.37,  	-2.54,-3.69,0.00,25.26
-2.51,6.43,  	-0.81,0.39,  	-2.51,-3.57,0.00,25.25
-2.45,6.55,  	-0.66,0.36,  	-2.51,-3.57,0.00,25.25
-2.32,6.75,  	-0.21,0.34,  	-2.45,-3.45,0.00,25.25
-2.28,6.84,  	0.76,1.43,  	-2.32,-3.25,0.00,25.26
-2.21,6.87,  	0.10,-0.71,  	-2.21,-3.13,0.00,25.25
-2.16,7.02,  	-0.22,0.80,  	-2.16,-2.98,0.00,25.25
-2.09,7.10,  	-0.27,1.04,  	-2.16,-2.98,0.00,25.25
-1.99,7.12,  	0.16,-0.06,  	-2.09,-2.90,0.00,25.25
-1.89,7.10,  	0.58,-0.87,  	-1.99,-2.88,0.00,25.25
-1.89,7.10,  	1.91,-0.89,  	-1.89,-2.90,0.00,25.27
-1.61,7.07,  	0.91,-1.84,  	-1.61,-2.93,0.00,25.26
-1.55,7.05,  	0.72,-2.00,  	-1.61,-2.93,0.00,25.26
-1.47,7.14,  	0.22,-1.61,  	-1.55,-2.95,0.00,25.26
-1.43,7.14,  	0.65,-0.03,  	-1.47,-2.86,0.00,25.25
-1.43,7.14,  	1.25,-0.53,  	-1.43,-2.86,0.00,25.26
-1.28,7.19,  	1.18,-0.05,  	-1.28,-2.81,0.00,25.25
-1.03,7.39,  	1.18,0.05,  	-1.16,-2.72,0.00,25.25
-0.94,7.48,  	1.57,0.62,  	-1.03,-2.61,0.00,25.26
-0.85,7.61,  	0.93,0.27,  	-0.94,-2.52,0.00,25.25
-0.82,7.76,  	0.23,1.25,  	-0.82,-2.24,0.00,25.25
-0.75,7.87,  	0.57,0.82,  	-0.75,-2.13,0.00,25.25
-0.64,8.01,  	0.63,0.74,  	-0.75,-2.13,0.00,25.25
-0.54,8.07,  	1.24,1.28,  	-0.64,-1.99,0.00,25.26
-0.43,8.16,  	1.18,-0.02,  	-0.54,-1.93,0.00,25.25
-0.42,8.26,  	0.24,0.81,  	-0.42,-1.74,0.00,25.25
-0.42,8.37,  	-0.06,0.98,  	-0.42,-1.63,0.00,25.25
-0.39,8.51,  	-0.08,0.99,  	-0.42,-1.63,0.00,25.25
-0.41,8.64,  	0.16,1.44,  	-0.39,-1.49,0.00,25.26
-0.37,8.78,  	-0.40,1.28,  	-0.41,-1.36,0.00,25.25
-0.39,8.84,  	-0.38,0.61,  	-0.39,-1.16,0.00,25.25
-0.42,8.86,  	-0.55,-0.01,  	-0.42,-1.14,0.00,25.25
-0.43,8.95,  	-0.56,-0.08,  	-0.42,-1.14,0.00,25.25
-0.47,9.02,  	-0.37,0.83,  	-0.43,-1.05,0.00,25.25
-0.54,9.11,  	-0.62,0.57,  	-0.47,-0.98,0.00,25.25
-0.56,9.25,  	-1.21,0.89,  	-0.54,-0.89,0.00,25.26
-0.56,9.25,  	-0.22,1.47,  	-0.56,-0.75,0.00,25.26
-0.55,9.43,  	-0.17,1.48,  	-0.56,-0.63,0.00,25.26
-0.60,9.50,  	-0.25,0.82,  	-0.55,-0.57,0.00,25.25
-0.68,9.56,  	-0.96,0.75,  	-0.60,-0.50,0.00,25.25
-0.76,9.54,  	-1.46,-0.32,  	-0.76,-0.46,0.00,25.26
-0.87,9.48,  	-1.85,-1.05,  	-0.87,-0.52,0.00,25.27
-0.94,9.47,  	-1.90,-1.13,  	-0.87,-0.52,0.00,25.27
-1.02,9.43,  	-1.37,-0.40,  	-0.94,-0.53,0.00,25.25
-1.03,9.42,  	-1.59,-0.76,  	-1.02,-0.57,0.00,25.26
-1.07,9.40,  	-1.04,-0.53,  	-1.07,-0.60,0.00,25.25
-1.10,9.42,  	-0.91,0.05,  	-1.10,-0.58,0.00,25.25
-1.17,9.46,  	-0.88,0.14,  	-1.10,-0.58,0.00,25.25
-1.27,9.43,  	-1.43,0.28,  	-1.17,-0.54,0.00,25.26
-1.30,9.42,  	-1.95,-0.54,  	-1.27,-0.57,0.00,25.26
-1.26,9.35,  	-0.10,-1.19,  	-1.26,-0.65,0.00,25.25
-1.21,9.26,  	0.15,-1.52,  	-1.21,-0.74,0.00,25.26
-1.19,9.28,  	0.16,-1.55,  	-1.21,-0.74,0.00,25.26
-1.20,9.24,  	-0.07,-0.14,  	-1.19,-0.72,0.00,25.25
-1.23,9.16,  	-0.46,-0.89,  	-1.20,-0.76,0.00,25.25
-1.22,9.20,  	-0.44,-0.03,  	-1.22,-0.80,0.00,25.25
-1.23,9.23,  	-0.61,0.17,  	-1.23,-0.77,0.00,25.25
-1.19,9.21,  	-0.65,0.17,  	-1.23,-0.77,0.00,25.25
-1.17,9.16,  	-0.04,-0.58,  	-1.19,-0.79,0.00,25.25
-1.13,9.17,  	-0.21,-1.17,  	-1.17,-0.84,0.00,25.25
-1.09,9.14,  	0.14,-0.59,  	-1.09,-0.86,0.00,25.25
-1.07,9.07,  	-0.11,-1.38,  	-1.07,-0.93,0.00,25.26
-1.05,9.11,  	-0.15,-1.49,  	-1.07,-0.93,0.00,25.26
-0.99,9.12,  	0.06,0.07,  	-1.05,-0.89,0.00,25.25
-0.95,9.12,  	0.32,-0.18,  	-0.99,-0.88,0.00,25.25
-0.91,9.10,  	0.15,-0.60,  	-0.91,-0.90,0.00,25.25
-0.91,9.10,  	-0.27,-0.43,  	-0.91,-0.90,0.00,25.25
-0.90,9.10,  	-0.33,-0.40,  	-0.91,-0.90,0.00,25.25
-0.88,9.12,  	-0.29,-0.42,  	-0.90,-0.90,0.00,25.25
-0.85,9.18,  	-0.08,-0.05,  	-0.88,-0.88,0.00,25.25
-0.87,9.20,  	-0.52,0.07,  	-0.87,-0.80,0.00,25.25
-0.83,9.23,  	0.06,0.07,  	-0.83,-0.77,0.00,25.25
-0.78,9.28,  	0.16,0.08,  	-0.83,-0.77,0.00,25.25
-0.74,9.33,  	0.37,0.36,  	-0.78,-0.72,0.00,25.25
-0.74,9.37,  	0.34,0.45,  	-0.74,-0.67,0.00,25.25
-0.74,9.37,  	-0.36,0.40,  	-0.74,-0.63,0.00,25.25
-0.74,9.42,  	-0.34,-0.12,  	-0.74,-0.58,0.00,25.25
-0.71,9.46,  	-0.34,-0.20,  	-0.74,-0.58,0.00,25.25
-0.71,9.41,  	0.03,0.44,  	-0.71,-0.54,0.00,25.25
-0.69,9.42,  	-0.36,-0.93,  	-0.71,-0.59,0.00,25.25
-0.69,9.43,  	-0.29,-0.10,  	-0.69,-0.57,0.00,25.25
-0.69,9.44,  	-0.33,-0.10,  	-0.69,-0.57,0.00,25.25
-0.70,9.49,  	-0.31,-0.07,  	-0.69,-0.56,0.00,25.25
-0.69,9.50,  	-0.28,0.41,  	-0.70,-0.51,0.00,25.25
-0.71,9.47,  	-0.14,0.05,  	-0.69,-0.50,0.00,25.25
-0.66,9.52,  	0.30,0.32,  	-0.66,-0.48,0.00,25.25
-0.61,9.56,  	0.48,0.50,  	-0.61,-0.44,0.00,25.25
-0.58,9.59,  	0.48,0.50,  	-0.61,-0.44,0.00,25.25
-0.61,9.54,  	0.17,0.25,  	-0.58,-0.41,0.00,25.25
-0.59,9.54,  	-0.59,-0.92,  	-0.61,-0.46,0.00,25.25
-0.56,9.54,  	0.26,-0.23,  	-0.56,-0.46,0.00,25.25
-0.53,9.54,  	0.34,-0.10,  	-0.53,-0.46,0.00,25.25
-0.50,9.53,  	0.34,-0.08,  	-0.53,-0.46,0.00,25.25
-0.49,9.49,  	0.09,-0.36,  	-0.50,-0.47,0.00,25.25
-0.46,9.52,  	-0.01,-0.79,  	-0.49,-0.51,0.00,25.25
-0.46,9.49,  	-0.11,-0.42,  	-0.46,-0.51,0.00,25.25
-0.46,9.45,  	-0.15,-0.83,  	-0.46,-0.55,0.00,25.25
-0.47,9.43,  	-0.16,-0.87,  	-0.46,-0.55,0.00,25.25
-0.50,9.38,  	-0.38,-0.65,  	-0.47,-0.57,0.00,25.25
-0.46,9.43,  	-0.53,-0.91,  	-0.50,-0.62,0.00,25.25
-0.41,9.45,  	0.49,0.07,  	-0.41,-0.55,0.00,25.25
-0.38,9.43,  	0.42,-0.36,  	-0.38,-0.57,0.00,25.25
-0.34,9.43,  	0.40,-0.42,  	-0.38,-0.57,0.00,25.25
-0.36,9.44,  	0.36,-0.31,  	-0.34,-0.57,0.00,25.25
-0.37,9.45,  	-0.37,-0.15,  	-0.36,-0.56,0.00,25.25
-0.34,9.51,  	0.25,0.58,  	-0.34,-0.49,0.00,25.25
-0.31,9.52,  	0.25,0.14,  	-0.31,-0.48,0.00,25.25
-0.30,9.45,  	0.24,0.06,  	-0.31,-0.48,0.00,25.25
-0.28,9.52,  	0.11,-1.20,  	-0.30,-0.55,0.00,25.25
-0.29,9.52,  	0.14,0.64,  	-0.28,-0.48,0.00,25.25
-0.29,9.56,  	-0.05,0.38,  	-0.29,-0.44,0.00,25.25
-0.33,9.64,  	-0.68,0.92,  	-0.33,-0.36,0.00,25.25
-0.33,9.66,  	-0.78,0.99,  	-0.33,-0.36,0.00,25.25
-0.32,9.66,  	-0.15,0.12,  	-0.33,-0.34,0.00,25.25
-0.27,9.68,  	-0.05,-0.04,  	-0.32,-0.34,0.00,25.25
-0.28,9.72,  	-0.04,0.40,  	-0.28,-0.28,0.00,25.25
-0.30,9.70,  	-0.43,-0.35,  	-0.30,-0.30,0.00,25.25
-0.32,9.74,  	-0.47,-0.46,  	-0.30,-0.30,0.00,25.25
-0.34,9.74,  	-0.37,0.46,  	-0.32,-0.26,0.00,25.25
-0.35,9.65,  	-0.34,-0.04,  	-0.34,-0.26,0.00,25.25
-0.36,9.57,  	-0.41,-1.32,  	-0.36,-0.43,0.00,25.25
-0.37,9.55,  	-0.18,-0.61,  	-0.37,-0.45,0.00,25.25
-0.37,9.52,  	-0.14,-0.51,  	-0.37,-0.45,0.00,25.25
-0.39,9.49,  	-0.18,-0.76,  	-0.37,-0.48,0.00,25.25
-0.42,9.53,  	-0.50,-0.57,  	-0.39,-0.51,0.00,25.25
-0.43,9.47,  	-0.39,0.37,  	-0.42,-0.47,0.00,25.25
-0.44,9.48,  	-0.30,-0.18,  	-0.44,-0.52,0.00,25.25
-0.42,9.42,  	-0.28,-0.04,  	-0.44,-0.52,0.00,25.25
-0.40,9.42,  	-0.04,-1.12,  	-0.42,-0.58,0.00,25.25
-0.40,9.38,  	0.15,-0.27,  	-0.40,-0.58,0.00,25.25
-0.40,9.44,  	-0.11,0.40,  	-0.40,-0.56,0.00,25.25
-0.40,9.45,  	-0.14,-0.01,  	-0.40,-0.55,0.00,25.25
-0.40,9.45,  	-0.15,-0.10,  	-0.40,-0.55,0.00,25.25
-0.43,9.43,  	-0.13,-0.28,  	-0.40,-0.55,0.00,25.25
-0.43,9.39,  	-0.57,-0.41,  	-0.43,-0.57,0.00,25.25
-0.43,9.39,  	0.41,0.39,  	-0.43,-0.61,0.00,25.25
-0.35,9.47,  	0.38,0.13,  	-0.35,-0.53,0.00,25.25
-0.33,9.52,  	0.36,0.06,  	-0.35,-0.53,0.00,25.25
-0.33,9.61,  	0.15,0.57,  	-0.33,-0.48,0.00,25.25
-0.33,9.61,  	-0.12,1.13,  	-0.33,-0.39,0.00,25.25
-0.32,9.61,  	0.02,-0.10,  	-0.32,-0.39,0.00,25.25
-0.33,9.59,  	-0.29,-0.43,  	-0.33,-0.41,0.00,25.25
-0.37,9.59,  	-0.34,-0.47,  	-0.33,-0.41,0.00,25.25
-0.40,9.60,  	-0.62,-0.31,  	-0.37,-0.41,0.00,25.25
-0.38,9.64,  	-0.61,0.01,  	-0.40,-0.40,0.00,25.25
-0.41,9.67,  	-0.42,0.36,  	-0.41,-0.33,0.00,25.25
-0.41,9.67,  	-0.41,0.69,  	-0.41,-0.33,0.00,25.25
-0.44,9.76,  	-0.40,0.76,  	-0.43,-0.27,0.00,25.25
-0.46,9.76,  	-0.43,0.41,  	-0.44,-0.24,0.00,25.25
-0.49,9.75,  	-0.49,-0.14,  	-0.46,-0.24,0.00,25.25
-0.50,9.78,  	-0.39,0.31,  	-0.50,-0.22,0.00,25.25
-0.51,9.85,  	-0.32,0.82,  	-0.51,-0.15,0.00,25.25
-0.54,9.83,  	-0.31,0.87,  	-0.51,-0.15,0.00,25.25
-0.57,9.80,  	-0.61,-0.26,  	-0.54,-0.17,0.00,25.25
-0.61,9.82,  	-0.69,-0.57,  	-0.57,-0.20,0.00,25.25
-0.66,9.84,  	-0.92,0.26,  	-0.66,-0.16,0.00,25.25
-0.71,9.84,  	-1.04,0.00,  	-0.71,-0.16,0.00,25.25
-0.73,9.95,  	-1.06,-0.03,  	-0.71,-0.16,0.00,25.25
-0.75,9.99,  	-0.77,1.52,  	-0.73,-0.05,0.00,25.26
-0.78,9.99,  	-0.56,0.59,  	-0.75,-0.01,0.00,25.25
-0.82,9.99,  	-0.96,-0.06,  	-0.82,-0.01,0.00,25.25
-0.84,10.02,  	-0.57,0.42,  	-0.84,0.02,0.00,25.25
-0.87,10.03,  	-0.51,0.49,  	-0.84,0.02,0.00,25.25
-0.88,10.07,  	-0.76,0.16,  	-0.87,0.03,0.00,25.25
-0.91,10.03,  	-0.49,0.68,  	-0.88,0.07,0.00,25.25
-0.94,10.01,  	-0.88,-0.35,  	-0.94,0.01,0.00,25.25
-0.95,10.00,  	-0.69,-0.15,  	-0.95,0.00,0.00,25.25
-0.97,10.01,  	-0.66,-0.13,  	-0.95,0.00,0.00,25.25
-1.00,10.01,  	-0.66,0.12,  	-0.97,0.01,0.00,25.25
-1.02,10.00,  	-0.91,-0.00,  	-1.00,0.01,0.00,25.25
-1.06,10.01,  	-0.88,0.10,  	-1.06,0.01,0.00,25.25
-1.09,10.03,  	-0.89,0.31,  	-1.09,0.03,0.00,25.25
-1.11,9.99,  	-0.88,0.33,  	-1.09,0.03,0.00,25.25
-1.11,9.97,  	-0.75,-0.64,  	-1.11,-0.01,0.00,25.25
-1.09,10.03,  	-0.49,-0.31,  	-1.11,-0.03,0.00,25.25
-1.09,10.03,  	-0.26,0.32,  	-1.09,0.03,0.00,25.25
-1.07,10.04,  	-0.42,-0.01,  	-1.07,0.04,0.00,25.25
-1.04,10.06,  	-0.44,-0.05,  	-1.07,0.04,0.00,25.25
-1.02,10.04,  	0.09,0.28,  	-1.04,0.06,0.00,25.25
-1.04,9.99,  	-0.18,-0.17,  	-1.02,0.04,0.00,25.25
-1.06,9.98,  	-0.64,-0.21,  	-1.06,-0.02,0.00,25.25
-1.05,10.01,  	-0.61,-0.11,  	-1.06,-0.02,0.00,25.25
-1.06,10.01,  	-0.35,0.52,  	-1.05,0.01,0.00,25.25
-1.04,10.04,  	-0.58,-0.11,  	-1.06,0.01,0.00,25.25
-1.02,10.07,  	-0.17,0.39,  	-1.04,0.04,0.00,25.25
-1.02,10.08,  	-0.04,0.60,  	-1.02,0.07,0.00,25.25
-0.97,10.11,  	-0.34,0.17,  	-1.02,0.08,0.00,25.25
-0.94,10.13,  	0.17,0.50,  	-0.97,0.11,0.00,25.25
-0.96,10.13,  	0.00,0.39,  	-0.94,0.13,0.00,25.25
-0.98,10.09,  	-0.61,0.09,  	-0.96,0.13,0.00,25.25
-0.97,10.04,  	-0.36,-0.80,  	-0.97,0.04,0.00,25.25
-0.97,10.01,  	-0.33,-0.49,  	-0.97,0.01,0.00,25.25
-0.94,10.01,  	-0.33,-0.44,  	-0.97,0.01,0.00,25.25
-0.90,10.02,  	0.19,0.03,  	-0.94,0.01,0.00,25.25
-0.90,9.99,  	0.12,0.19,  	-0.90,0.02,0.00,25.25
-0.89,9.99,  	-0.42,-0.40,  	-0.90,-0.01,0.00,25.25
-0.87,9.97,  	-0.27,-0.02,  	-0.89,-0.01,0.00,25.25
-0.84,10.00,  	0.03,-0.27,  	-0.87,-0.03,0.00,25.25
-0.86,9.93,  	0.06,0.40,  	-0.84,0.00,0.00,25.25
-0.85,9.92,  	-0.75,-0.97,  	-0.86,-0.07,0.00,25.25
-0.85,9.90,  	-0.26,-0.34,  	-0.85,-0.10,0.00,25.25
-0.85,9.89,  	-0.31,-0.28,  	-0.85,-0.11,0.00,25.25
-0.83,9.91,  	-0.32,-0.26,  	-0.85,-0.11,0.00,25.25
-0.83,9.91,  	0.03,0.26,  	-0.83,-0.09,0.00,25.25
-0.83,9.89,  	-0.28,-0.01,  	-0.83,-0.09,0.00,25.25
-0.82,9.90,  	-0.35,0.16,  	-0.82,-0.10,0.00,25.25
-0.85,9.90,  	-0.71,-0.08,  	-0.85,-0.10,0.00,25.25
-0.83,9.92,  	-0.76,-0.12,  	-0.85,-0.10,0.00,25.25
-0.83,9.87,  	-0.11,0.25,  	-0.83,-0.08,0.00,25.25
-0.83,9.85,  	-0.36,-0.76,  	-0.83,-0.13,0.00,25.25
-0.83,9.85,  	-0.16,0.70,  	-0.83,-0.15,0.00,25.25
-0.82,9.94,  	-0.22,0.53,  	-0.82,-0.06,0.00,25.25
-0.84,9.96,  	-0.23,0.47,  	-0.82,-0.06,0.00,25.25
-0.85,9.98,  	-0.58,0.26,  	-0.84,-0.04,0.00,25.25
-0.86,9.99,  	-0.49,0.26,  	-0.85,-0.02,0.00,25.25
-0.88,10.04,  	-0.70,0.54,  	-0.88,0.04,0.00,25.25
-0.88,10.11,  	-0.42,1.03,  	-0.88,0.11,0.00,25.25
-0.89,10.17,  	-0.37,1.10,  	-0.88,0.11,0.00,25.25
-0.91,10.15,  	-0.49,0.97,  	-0.89,0.17,0.00,25.25
-0.94,10.11,  	-0.63,-0.03,  	-0.91,0.15,0.00,25.25
-0.97,10.08,  	-0.75,-0.40,  	-0.97,0.08,0.00,25.25
-1.03,10.03,  	-1.27,-0.63,  	-1.03,0.03,0.00,25.26
-1.07,9.98,  	-1.35,-0.67,  	-1.03,0.03,0.00,25.26
-1.12,9.87,  	-1.00,-0.75,  	-1.07,-0.02,0.00,25.25
-1.16,9.81,  	-1.30,-1.64,  	-1.12,-0.13,0.00,25.27
-1.20,9.75,  	-1.09,-1.09,  	-1.20,-0.25,0.00,25.26
-1.23,9.71,  	-1.08,-0.79,  	-1.23,-0.29,0.00,25.25
-1.27,9.67,  	-1.08,-0.74,  	-1.23,-0.29,0.00,25.25
-1.31,9.63,  	-0.98,-0.63,  	-1.27,-0.33,0.00,25.25
-1.35,9.57,  	-1.13,-0.74,  	-1.31,-0.37,0.00,25.25
-1.38,9.52,  	-0.89,-0.97,  	-1.38,-0.48,0.00,25.25
-1.34,9.46,  	-0.22,-1.16,  	-1.34,-0.54,0.00,25.25
-1.35,9.43,  	-0.13,-1.18,  	-1.34,-0.54,0.00,25.25
-1.33,9.42,  	-0.53,-0.59,  	-1.35,-0.57,0.00,25.25
-1.35,9.42,  	-0.42,-0.39,  	-1.33,-0.58,0.00,25.25
-1.35,9.38,  	-0.69,-0.92,  	-1.35,-0.62,0.00,25.25
-1.34,9.37,  	-0.46,-0.47,  	-1.34,-0.63,0.00,25.25
-1.35,9.39,  	-0.43,-0.39,  	-1.34,-0.63,0.00,25.25
-1.37,9.39,  	-0.73,0.12,  	-1.35,-0.61,0.00,25.25
-1.40,9.35,  	-0.86,-0.32,  	-1.37,-0.61,0.00,25.25
-1.38,9.36,  	-0.39,-0.13,  	-1.38,-0.64,0.00,25.25
-1.37,9.42,  	-0.35,0.55,  	-1.37,-0.58,0.00,25.25
-1.40,9.52,  	-0.36,0.63,  	-1.37,-0.58,0.00,25.25
-1.42,9.50,  	-0.93,1.26,  	-1.40,-0.48,0.00,25.26
-1.41,9.50,  	-0.87,-0.42,  	-1.42,-0.50,0.00,25.25
-1.41,9.52,  	-0.61,-0.05,  	-1.41,-0.48,0.00,25.25
-1.41,9.53,  	-0.60,-0.02,  	-1.41,-0.48,0.00,25.25
-1.43,9.52,  	-0.60,0.06,  	-1.41,-0.47,0.00,25.25
-1.43,9.52,  	-0.82,-0.28,  	-1.43,-0.48,0.00,25.25
-1.46,9.47,  	-0.63,-0.32,  	-1.43,-0.48,0.00,25.25
-1.46,9.47,  	-0.88,-0.89,  	-1.46,-0.53,0.00,25.25
-1.49,9.47,  	-0.57,-0.11,  	-1.46,-0.53,0.00,25.25
-1.52,9.50,  	-1.15,-0.21,  	-1.49,-0.53,0.00,25.25
-1.55,9.56,  	-1.00,0.16,  	-1.52,-0.50,0.00,25.25
-1.57,9.58,  	-1.04,0.61,  	-1.55,-0.44,0.00,25.25
-1.59,9.60,  	-0.87,0.10,  	-1.59,-0.40,0.00,25.25
-1.57,9.58,  	-0.52,-0.37,  	-1.57,-0.42,0.00,25.25
-1.56,9.60,  	-0.47,-0.44,  	-1.57,-0.42,0.00,25.25
-1.58,9.58,  	-0.43,0.17,  	-1.56,-0.40,0.00,25.25
-1.61,9.60,  	-0.94,-0.48,  	-1.58,-0.42,0.00,25.25
-1.62,9.64,  	-0.68,0.48,  	-1.62,-0.36,0.00,25.25
-1.61,9.63,  	-0.67,-0.18,  	-1.61,-0.37,0.00,25.25
-1.63,9.59,  	-0.67,-0.29,  	-1.61,-0.37,0.00,25.25
-1.65,9.59,  	-0.97,-0.80,  	-1.63,-0.41,0.00,25.25
-1.64,9.59,  	-1.02,-0.30,  	-1.65,-0.41,0.00,25.25
-1.63,9.65,  	-0.52,0.62,  	-1.63,-0.35,0.00,25.25
-1.63,9.68,  	-0.54,0.32,  	-1.63,-0.32,0.00,25.25
-1.64,9.73,  	-0.55,0.26,  	-1.63,-0.32,0.00,25.25
-1.64,9.77,  	-0.77,0.68,  	-1.64,-0.27,0.00,25.25
-1.68,9.74,  	-0.74,0.53,  	-1.64,-0.23,0.00,25.25
-1.74,9.66,  	-1.54,-1.16,  	-1.74,-0.34,0.00,25.26
-1.76,9.67,  	-1.22,-0.20,  	-1.76,-0.33,0.00,25.25
-1.79,9.60,  	-1.16,-0.04,  	-1.76,-0.33,0.00,25.25
-1.80,9.53,  	-1.12,-1.18,  	-1.79,-0.40,0.00,25.26
-1.82,9.54,  	-1.01,-1.15,  	-1.80,-0.47,0.00,25.26
-1.82,9.59,  	-0.78,0.43,  	-1.82,-0.41,0.00,25.25
-1.82,9.56,  	-0.73,-0.46,  	-1.82,-0.44,0.00,25.25
-1.82,9.56,  	-0.73,-0.60,  	-1.82,-0.44,0.00,25.25
-1.85,9.54,  	-0.67,-0.23,  	-1.82,-0.44,0.00,25.25
-1.87,9.52,  	-1.24,-0.49,  	-1.85,-0.46,0.00,25.25
-1.86,9.52,  	-0.66,-0.27,  	-1.86,-0.48,0.00,25.25
-1.84,9.56,  	-0.45,0.26,  	-1.84,-0.44,0.00,25.25
-1.80,9.59,  	-0.43,0.33,  	-1.84,-0.44,0.00,25.25
-1.77,9.63,  	-0.24,0.37,  	-1.80,-0.41,0.00,25.25
-1.76,9.64,  	-0.40,0.33,  	-1.77,-0.37,0.00,25.25
-1.77,9.63,  	-0.79,-0.31,  	-1.77,-0.37,0.00,25.25
-1.76,9.55,  	-0.64,-1.16,  	-1.76,-0.45,0.00,25.25
-1.77,9.56,  	-0.61,-1.27,  	-1.76,-0.45,0.00,25.26
-1.75,9.58,  	-0.88,-0.16,  	-1.77,-0.44,0.00,25.25
-1.73,9.59,  	-0.55,0.18,  	-1.75,-0.42,0.00,25.25
-1.69,9.64,  	-0.08,0.49,  	-1.69,-0.36,0.00,25.25
-1.65,9.69,  	-0.10,0.55,  	-1.65,-0.31,0.00,25.25
-1.64,9.77,  	-0.11,0.55,  	-1.65,-0.31,0.00,25.25
-1.66,9.77,  	-0.48,1.12,  	-1.64,-0.23,0.00,25.25
-1.68,9.82,  	-1.00,0.05,  	-1.66,-0.23,0.00,25.25
-1.60,9.84,  	0.15,0.28,  	-1.60,-0.16,0.00,25.25
-1.53,9.86,  	0.36,0.25,  	-1.53,-0.14,0.00,25.25
-1.48,9.87,  	0.36,0.25,  	-1.53,-0.14,0.00,25.25
-1.39,9.96,  	0.17,0.08,  	-1.48,-0.13,0.00,25.25
-1.35,9.99,  	0.71,1.22,  	-1.39,-0.04,0.00,25.26
-1.36,9.96,  	-0.57,-0.22,  	-1.36,-0.04,0.00,25.25
-1.39,9.95,  	-1.06,-0.22,  	-1.39,-0.05,0.00,25.25
-1.39,9.98,  	-1.12,-0.20,  	-1.39,-0.05,0.00,25.25
-1.37,10.04,  	-0.56,0.37,  	-1.39,-0.02,0.00,25.25
-1.37,9.98,  	-0.39,0.85,  	-1.37,0.04,0.00,25.25
-1.37,9.98,  	-0.09,-0.03,  	-1.37,-0.02,0.00,25.25
-1.33,9.99,  	-0.26,0.88,  	-1.33,-0.01,0.00,25.25
-1.32,10.09,  	-0.29,1.02,  	-1.32,0.06,0.00,25.25
-1.33,10.09,  	-0.41,0.58,  	-1.32,0.09,0.00,25.25
-1.31,10.13,  	-0.76,0.08,  	-1.33,0.09,0.00,25.25
-1.31,10.13,  	0.02,0.63,  	-1.31,0.13,0.00,25.25
-1.25,10.14,  	-0.28,-0.24,  	-1.25,0.14,0.00,25.25
-1.18,10.04,  	-0.33,-0.37,  	-1.25,0.14,0.00,25.25
-1.16,10.04,  	0.46,-1.51,  	-1.18,0.04,0.00,25.26
-1.20,9.97,  	-0.20,-0.09,  	-1.16,0.04,0.00,25.25
-1.23,9.95,  	-0.89,-0.40,  	-1.23,-0.05,0.00,25.25
-1.23,9.94,  	-0.72,-0.23,  	-1.23,-0.06,0.00,25.25
-1.23,9.99,  	-0.70,-0.22,  	-1.23,-0.06,0.00,25.25
-1.20,9.99,  	-0.53,0.63,  	-1.23,-0.01,0.00,25.25
-1.17,10.04,  	-0.12,0.07,  	-1.20,-0.01,0.00,25.25
-1.18,10.11,  	-0.41,1.05,  	-1.18,0.11,0.00,25.25
-1.16,10.11,  	-0.18,0.19,  	-1.16,0.11,0.00,25.25
-1.12,10.11,  	-0.14,0.06,  	-1.16,0.11,0.00,25.25
-1.12,10.16,  	0.04,0.11,  	-1.12,0.11,0.00,25.25
-1.09,10.23,  	-0.48,0.78,  	-1.12,0.16,0.00,25.25
-1.08,10.27,  	-0.27,0.82,  	-1.08,0.27,0.00,25.25
-1.04,10.28,  	0.04,0.34,  	-1.04,0.28,0.00,25.25
-1.03,10.30,  	0.09,0.28,  	-1.04,0.28,0.00,25.25
-1.04,10.32,  	-0.12,0.35,  	-1.03,0.30,0.00,25.25
-1.10,10.30,  	-0.61,0.53,  	-1.04,0.32,0.00,25.25
-1.12,10.31,  	-0.87,0.18,  	-1.12,0.31,0.00,25.25
-1.15,10.26,  	-0.89,-0.45,  	-1.15,0.26,0.00,25.25
-1.15,10.25,  	-0.90,-0.55,  	-1.15,0.26,0.00,25.25
-1.16,10.27,  	-0.59,-0.04,  	-1.15,0.25,0.00,25.25
-1.13,10.31,  	-0.62,0.36,  	-1.16,0.27,0.00,25.25
-1.11,10.34,  	-0.14,0.64,  	-1.11,0.34,0.00,25.25
-1.16,10.32,  	-1.02,-0.12,  	-1.16,0.32,0.00,25.25
-1.22,10.37,  	-1.14,-0.23,  	-1.16,0.32,0.00,25.25
-1.26,10.41,  	-1.37,0.81,  	-1.22,0.37,0.00,25.26
-1.26,10.43,  	-1.04,0.98,  	-1.26,0.41,0.00,25.26
-1.26,10.37,  	-0.57,-0.55,  	-1.26,0.37,0.00,25.25
-1.28,10.33,  	-0.95,-0.53,  	-1.28,0.33,0.00,25.25
-1.32,10.36,  	-1.00,-0.50,  	-1.28,0.33,0.00,25.25
-1.36,10.41,  	-1.03,0.50,  	-1.32,0.36,0.00,25.25
-1.39,10.41,  	-1.06,0.97,  	-1.36,0.41,0.00,25.26
-1.39,10.41,  	-1.66,-0.05,  	-1.39,0.41,0.00,25.26
-1.47,10.39,  	-1.00,0.76,  	-1.47,0.39,0.00,25.25