0.13,-0.27,  	0.09,-0.09,  	0.13,-0.27,0.00,25.25
0.13,-0.29,  	0.02,-0.26,  	0.13,-0.29,0.00,25.25
0.13,-0.31,  	0.00,-0.32,  	0.13,-0.29,0.00,25.25
0.11,-0.38,  	-0.10,-0.76,  	0.11,-0.38,0.00,25.25
0.13,-0.38,  	0.17,-0.17,  	0.13,-0.38,0.00,25.25
0.14,-0.39,  	0.15,-0.33,  	0.14,-0.39,0.00,25.25
0.14,-0.41,  	-0.00,-0.32,  	0.14,-0.41,0.00,25.25
0.14,-0.38,  	0.08,0.22,  	0.14,-0.38,0.00,25.25
0.12,-0.43,  	-0.15,-0.68,  	0.12,-0.43,0.00,25.25
0.10,-0.43,  	-0.08,-0.15,  	0.10,-0.43,0.00,25.25
0.09,-0.44,  	-0.12,-0.24,  	0.09,-0.44,0.00,25.25
0.12,-0.39,  	0.30,0.37,  	0.12,-0.39,0.00,25.25
0.15,-0.34,  	0.36,0.39,  	0.15,-0.34,0.00,25.25
0.13,-0.36,  	-0.13,-0.27,  	0.13,-0.36,0.00,25.25
0.12,-0.35,  	-0.10,-0.04,  	0.12,-0.35,0.00,25.25
0.10,-0.32,  	0.07,0.15,  	0.10,-0.32,0.00,25.25
0.10,-0.30,  	0.01,0.02,  	0.10,-0.30,0.00,25.25
0.10,-0.29,  	0.01,0.00,  	0.10,-0.29,0.00,25.25
0.10,-0.28,  	0.01,0.00,  	0.10,-0.28,0.00,25.25
0.12,-0.22,  	0.16,0.61,  	0.12,-0.22,0.00,25.25
0.13,-0.15,  	0.12,0.52,  	0.13,-0.15,0.00,25.25
0.14,-0.10,  	0.15,0.63,  	0.14,-0.10,0.00,25.25
0.15,-0.03,  	-0.06,0.11,  	0.15,-0.03,0.00,25.25
0.13,-0.03,  	0.01,0.04,  	0.13,-0.03,0.00,25.25
0.13,-0.03,  	0.04,-0.34,  	0.13,-0.03,0.00,25.25
0.13,-0.07,  	0.18,-0.07,  	0.13,-0.07,0.00,25.25
0.15,-0.07,  	0.05,-0.25,  	0.15,-0.07,0.00,25.25
0.15,-0.10,  	-0.12,-0.36,  	0.15,-0.10,0.00,25.25
0.13,-0.13,  	-0.15,-0.39,  	0.13,-0.13,0.00,25.25
0.10,-0.12,  	-0.29,-0.00,  	0.10,-0.12,0.00,25.25
0.07,-0.12,  	-0.30,-0.09,  	0.07,-0.12,0.00,25.25
0.07,-0.12,  	0.05,-0.01,  	0.07,-0.12,0.00,25.25
0.09,-0.08,  	0.22,0.37,  	0.09,-0.08,0.00,25.25
0.10,-0.13,  	0.14,-0.38,  	0.10,-0.13,0.00,25.25
0.13,-0.10,  	0.34,0.09,  	0.13,-0.10,0.00,25.25
0.15,-0.13,  	0.21,-0.35,  	0.15,-0.13,0.00,25.25
0.15,-0.17,  	0.19,-0.42,  	0.15,-0.17,0.00,25.25
0.15,-0.22,  	0.04,-0.55,  	0.15,-0.22,0.00,25.25
0.17,-0.19,  	0.20,0.11,  	0.17,-0.19,0.00,25.25
0.17,-0.25,  	0.10,-0.61,  	0.17,-0.25,0.00,25.25
0.19,-0.29,  	0.25,-0.49,  	0.19,-0.29,0.00,25.25
0.20,-0.29,  	0.20,-0.08,  	0.20,-0.29,0.00,25.25
0.22,-0.29,  	0.26,-0.12,  	0.22,-0.29,0.00,25.25
0.26,-0.26,  	0.43,0.19,  	0.26,-0.26,0.00,25.25
0.29,-0.19,  	0.45,0.64,  	0.29,-0.19,0.00,25.25
0.31,-0.14,  	0.26,0.43,  	0.31,-0.14,0.00,25.25
0.34,-0.07,  	0.47,0.72,  	0.34,-0.07,0.00,25.25
0.36,-0.03,  	0.34,0.45,  	0.36,-0.03,0.00,25.25
0.36,-0.03,  	0.18,0.04,  	0.36,-0.03,0.00,25.25
0.35,-0.01,  	0.02,0.11,  	0.35,-0.01,0.00,25.25
0.34,-0.05,  	-0.04,-0.36,  	0.34,-0.05,0.00,25.25
0.36,0.01,  	0.32,0.64,  	0.36,0.01,0.00,25.25
0.36,0.03,  	0.14,0.25,  	0.36,0.03,0.00,25.25
0.33,0.09,  	-0.05,0.39,  	0.33,0.09,0.00,25.25
0.33,0.14,  	0.08,0.56,  	0.33,0.14,0.00,25.25
0.31,0.19,  	0.10,0.57,  	0.33,0.14,0.00,25.25
0.29,0.24,  	-0.04,0.56,  	0.31,0.19,0.00,25.25
0.26,0.26,  	-0.25,0.65,  	0.29,0.24,0.00,25.25
0.23,0.27,  	-0.21,0.18,  	0.23,0.27,0.00,25.25
0.21,0.27,  	-0.19,0.11,  	0.21,0.27,0.00,25.25
0.20,0.34,  	-0.19,0.10,  	0.21,0.27,0.00,25.25
0.17,0.38,  	-0.08,0.90,  	0.20,0.34,0.00,25.25
0.13,0.45,  	-0.16,0.51,  	0.17,0.38,0.00,25.25
0.10,0.52,  	-0.25,0.96,  	0.10,0.52,0.00,25.25
0.08,0.55,  	-0.28,0.49,  	0.08,0.55,0.00,25.25
0.03,0.54,  	-0.29,0.42,  	0.08,0.55,0.00,25.25
-0.02,0.54,  	-0.49,0.06,  	0.03,0.54,0.00,25.25
-0.07,0.52,  	-0.52,0.14,  	-0.02,0.54,0.00,25.25
-0.10,0.54,  	-0.34,0.33,  	-0.10,0.54,0.00,25.25
-0.14,0.54,  	-0.46,0.20,  	-0.14,0.54,0.00,25.25
-0.20,0.52,  	-0.48,0.17,  	-0.14,0.54,0.00,25.25
-0.22,0.54,  	-0.70,-0.01,  	-0.20,0.52,0.00,25.25
-0.24,0.55,  	-0.35,0.34,  	-0.22,0.54,0.00,25.25
-0.32,0.53,  	-0.84,-0.01,  	-0.32,0.53,0.00,25.25
-0.36,0.57,  	-0.60,0.51,  	-0.36,0.57,0.00,25.25
-0.40,0.54,  	-0.56,0.59,  	-0.36,0.57,0.00,25.25
-0.42,0.50,  	-0.49,-0.13,  	-0.40,0.54,0.00,25.25
-0.45,0.45,  	-0.40,-0.23,  	-0.42,0.50,0.00,25.25
-0.47,0.43,  	-0.36,-0.22,  	-0.47,0.43,0.00,25.25
-0.50,0.34,  	-0.48,-0.71,  	-0.50,0.34,0.00,25.25
-0.54,0.30,  	-0.50,-0.79,  	-0.50,0.34,0.00,25.25
-0.57,0.28,  	-0.56,-0.39,  	-0.54,0.30,0.00,25.25
-0.58,0.26,  	-0.53,-0.12,  	-0.57,0.28,0.00,25.25
-0.61,0.24,  	-0.49,-0.14,  	-0.61,0.24,0.00,25.25
-0.63,0.20,  	-0.42,-0.37,  	-0.63,0.20,0.00,25.25
-0.63,0.17,  	-0.41,-0.40,  	-0.63,0.20,0.00,25.25
-0.65,0.13,  	-0.23,-0.26,  	-0.63,0.17,0.00,25.25
-0.67,0.08,  	-0.44,-0.31,  	-0.65,0.13,0.00,25.25
-0.66,0.04,  	-0.13,-0.44,  	-0.66,0.04,0.00,25.25
-0.66,0.00,  	-0.18,-0.45,  	-0.66,0.00,0.00,25.25
-0.66,-0.06,  	-0.19,-0.45,  	-0.66,0.00,0.00,25.25
-0.63,-0.01,  	-0.21,-0.58,  	-0.66,-0.06,0.00,25.25
-0.63,-0.06,  	0.09,0.35,  	-0.63,-0.01,0.00,25.25
-0.63,-0.12,  	-0.23,-0.69,  	-0.63,-0.12,0.00,25.25
-0.62,-0.10,  	-0.06,0.11,  	-0.62,-0.10,0.00,25.25
-0.59,-0.07,  	-0.03,0.24,  	-0.62,-0.10,0.00,25.25
-0.55,-0.03,  	0.06,0.27,  	-0.59,-0.07,0.00,25.25
-0.52,-0.06,  	0.24,0.34,  	-0.55,-0.03,0.00,25.25
-0.52,-0.06,  	0.07,0.13,  	-0.52,-0.06,0.00,25.25
-0.49,-0.01,  	0.04,0.28,  	-0.49,-0.01,0.00,25.25
-0.48,-0.03,  	0.03,0.29,  	-0.49,-0.01,0.00,25.25
-0.48,-0.11,  	-0.06,-0.20,  	-0.48,-0.03,0.00,25.25
-0.46,-0.17,  	-0.21,-0.86,  	-0.48,-0.11,0.00,25.25
-0.46,-0.17,  	-0.14,-0.56,  	-0.46,-0.17,0.00,25.25
-0.43,-0.25,  	0.12,-0.45,  	-0.43,-0.25,0.00,25.25
-0.41,-0.24,  	0.16,-0.43,  	-0.43,-0.25,0.00,25.25
-0.41,-0.24,  	0.13,0.05,  	-0.41,-0.24,0.00,25.25
-0.37,-0.15,  	-0.04,-0.12,  	-0.41,-0.24,0.00,25.25
-0.36,-0.10,  	0.05,0.54,  	-0.36,-0.10,0.00,25.25
-0.35,-0.07,  	-0.01,0.39,  	-0.35,-0.07,0.00,25.25
-0.33,-0.04,  	-0.02,0.38,  	-0.35,-0.07,0.00,25.25
-0.28,0.05,  	0.12,0.28,  	-0.33,-0.04,0.00,25.25
-0.28,0.03,  	0.41,0.92,  	-0.28,0.05,0.00,25.25
-0.28,0.01,  	-0.08,-0.17,  	-0.28,0.01,0.00,25.25
-0.26,0.02,  	0.12,0.07,  	-0.26,0.02,0.00,25.25
-0.25,0.06,  	0.15,0.11,  	-0.26,0.02,0.00,25.25
-0.24,0.10,  	0.01,0.45,  	-0.25,0.06,0.00,25.25
-0.22,0.15,  	0.05,0.38,  	-0.24,0.10,0.00,25.25
-0.22,0.15,  	0.19,1.01,  	-0.22,0.15,0.00,25.25
-0.20,0.28,  	-0.10,0.51,  	-0.20,0.28,0.00,25.25
-0.20,0.35,  	-0.15,0.42,  	-0.20,0.28,0.00,25.25
-0.20,0.41,  	-0.04,0.78,  	-0.20,0.35,0.00,25.25
-0.17,0.50,  	-0.02,0.84,  	-0.20,0.41,0.00,25.25
-0.17,0.51,  	0.02,0.44,  	-0.17,0.51,0.00,25.25
-0.18,0.50,  	-0.18,0.13,  	-0.18,0.50,0.00,25.25
-0.22,0.55,  	-0.20,0.10,  	-0.18,0.50,0.00,25.25
-0.22,0.57,  	-0.39,0.52,  	-0.22,0.55,0.00,25.25
-0.22,0.59,  	-0.12,0.42,  	-0.22,0.57,0.00,25.25
-0.24,0.62,  	-0.29,0.47,  	-0.24,0.62,0.00,25.25
-0.27,0.64,  	-0.32,0.48,  	-0.27,0.64,0.00,25.25
-0.25,0.69,  	-0.32,0.48,  	-0.27,0.64,0.00,25.25
-0.26,0.76,  	0.09,0.75,  	-0.25,0.69,0.00,25.25
-0.28,0.79,  	-0.14,0.93,  	-0.26,0.76,0.00,25.25
-0.29,0.73,  	-0.29,-0.30,  	-0.29,0.73,0.00,25.25
-0.32,0.69,  	-0.37,-0.27,  	-0.32,0.69,0.00,25.25
-0.35,0.64,  	-0.39,-0.24,  	-0.32,0.69,0.00,25.25
-0.40,0.55,  	-0.36,-0.31,  	-0.35,0.64,0.00,25.25
-0.39,0.54,  	-0.65,-0.73,  	-0.40,0.55,0.00,25.25
-0.41,0.48,  	-0.33,-0.45,  	-0.41,0.48,0.00,25.25
-0.43,0.48,  	-0.32,0.12,  	-0.43,0.48,0.00,25.25
-0.47,0.46,  	-0.31,0.21,  	-0.43,0.48,0.00,25.25
-0.50,0.46,  	-0.54,-0.08,  	-0.47,0.46,0.00,25.25
-0.52,0.42,  	-0.52,0.11,  	-0.50,0.46,0.00,25.25
-0.52,0.41,  	-0.19,-0.05,  	-0.52,0.41,0.00,25.25
-0.51,0.41,  	-0.07,0.18,  	-0.51,0.41,0.00,25.25
-0.50,0.36,  	-0.05,0.21,  	-0.51,0.41,0.00,25.25
-0.47,0.32,  	0.00,-0.37,  	-0.50,0.36,0.00,25.25
-0.48,0.27,  	0.12,-0.38,  	-0.47,0.32,0.00,25.25
-0.48,0.27,  	-0.25,-0.41,  	-0.48,0.27,0.00,25.25
-0.52,0.11,  	-0.44,-1.07,  	-0.52,0.11,0.00,25.25
-0.52,0.08,  	-0.47,-1.17,  	-0.52,0.11,0.00,25.25
-0.52,0.07,  	-0.30,-0.35,  	-0.52,0.08,0.00,25.25
-0.55,0.04,  	-0.22,-0.13,  	-0.52,0.07,0.00,25.25
-0.57,0.01,  	-0.44,-0.29,  	-0.57,0.01,0.00,25.25
-0.59,-0.02,  	-0.46,-0.33,  	-0.59,-0.02,0.00,25.25
-0.58,0.00,  	-0.46,-0.34,  	-0.59,-0.02,0.00,25.25
-0.57,0.00,  	-0.03,0.25,  	-0.58,0.00,0.00,25.25
-0.57,0.00,  	-0.09,0.00,  	-0.57,0.00,0.00,25.25
-0.57,-0.01,  	-0.11,-0.05,  	-0.57,0.00,0.00,25.25
-0.52,0.01,  	-0.15,-0.09,  	-0.57,-0.01,0.00,25.25
-0.51,-0.01,  	0.26,0.12,  	-0.52,0.01,0.00,25.25
-0.50,-0.04,  	0.02,-0.14,  	-0.51,-0.01,0.00,25.25
-0.50,-0.04,  	0.04,-0.31,  	-0.50,-0.04,0.00,25.25
-0.50,-0.06,  	-0.20,-0.27,  	-0.50,-0.06,0.00,25.25
-0.52,-0.08,  	-0.44,-0.20,  	-0.52,-0.08,0.00,25.25
-0.52,-0.10,  	-0.47,-0.18,  	-0.52,-0.08,0.00,25.25
-0.52,-0.17,  	-0.19,-0.31,  	-0.52,-0.10,0.00,25.25
-0.52,-0.20,  	-0.11,-0.70,  	-0.52,-0.17,0.00,25.25
-0.52,-0.20,  	-0.12,-0.35,  	-0.52,-0.20,0.00,25.25
-0.49,-0.17,  	-0.21,-0.16,  	-0.52,-0.20,0.00,25.25
-0.48,-0.13,  	0.19,0.25,  	-0.49,-0.17,0.00,25.25
-0.43,-0.09,  	0.03,0.47,  	-0.48,-0.13,0.00,25.25
-0.42,-0.06,  	0.29,0.38,  	-0.43,-0.09,0.00,25.25
-0.41,-0.08,  	0.00,-0.14,  	-0.41,-0.08,0.00,25.25
-0.41,-0.08,  	-0.08,-0.00,  	-0.41,-0.08,0.00,25.25
-0.36,0.00,  	-0.09,0.03,  	-0.41,-0.08,0.00,25.25
-0.33,0.00,  	0.41,0.74,  	-0.36,0.00,0.00,25.25
-0.32,0.00,  	0.17,0.03,  	-0.33,0.00,0.00,25.25
-0.33,-0.03,  	-0.17,-0.26,  	-0.33,-0.03,0.00,25.25
-0.33,-0.06,  	-0.11,-0.30,  	-0.33,-0.06,0.00,25.25
-0.32,-0.03,  	-0.09,-0.30,  	-0.33,-0.06,0.00,25.25
-0.29,-0.03,  	0.02,0.17,  	-0.32,-0.03,0.00,25.25
-0.27,-0.03,  	0.15,0.02,  	-0.29,-0.03,0.00,25.25
-0.23,0.02,  	0.28,0.43,  	-0.23,0.02,0.00,25.25
-0.20,0.03,  	0.29,0.15,  	-0.20,0.03,0.00,25.25
-0.19,0.07,  	0.29,0.11,  	-0.20,0.03,0.00,25.25
-0.21,0.03,  	0.04,0.47,  	-0.19,0.07,0.00,25.25
-0.20,0.03,  	-0.26,-0.40,  	-0.21,0.03,0.00,25.25
-0.20,0.02,  	-0.13,-0.11,  	-0.20,0.02,0.00,25.25
-0.20,0.04,  	-0.00,0.19,  	-0.20,0.04,0.00,25.25
-0.17,0.10,  	0.02,0.23,  	-0.20,0.04,0.00,25.25
-0.14,0.17,  	0.18,0.62,  	-0.17,0.10,0.00,25.25
-0.13,0.17,  	0.32,0.90,  	-0.14,0.17,0.00,25.25
-0.13,0.11,  	-0.02,-0.55,  	-0.13,0.11,0.00,25.25
-0.11,0.14,  	0.10,0.17,  	-0.11,0.14,0.00,25.25
-0.11,0.17,  	0.12,0.29,  	-0.11,0.14,0.00,25.25
-0.10,0.24,  	-0.02,0.48,  	-0.11,0.17,0.00,25.25
-0.07,0.29,  	0.12,0.77,  	-0.10,0.24,0.00,25.25
-0.05,0.34,  	0.20,0.67,  	-0.05,0.34,0.00,25.25
-0.04,0.39,  	0.13,0.71,  	-0.04,0.39,0.00,25.25
-0.06,0.38,  	0.12,0.71,  	-0.04,0.39,0.00,25.25
-0.08,0.36,  	-0.18,-0.01,  	-0.06,0.38,0.00,25.25
-0.08,0.41,  	-0.24,-0.04,  	-0.08,0.36,0.00,25.25
-0.12,0.34,  	-0.45,-0.46,  	-0.12,0.34,0.00,25.25
-0.15,0.30,  	-0.33,-0.34,  	-0.15,0.30,0.00,25.25
-0.15,0.31,  	-0.30,-0.29,  	-0.15,0.30,0.00,25.25
-0.13,0.36,  	-0.11,0.24,  	-0.15,0.31,0.00,25.25
-0.15,0.34,  	0.10,0.51,  	-0.13,0.36,0.00,25.25
-0.14,0.38,  	0.04,0.50,  	-0.14,0.38,0.00,25.25
-0.14,0.42,  	-0.02,0.57,  	-0.14,0.42,0.00,25.25
-0.14,0.41,  	-0.04,0.57,  	-0.14,0.42,0.00,25.25
-0.13,0.43,  	-0.01,0.06,  	-0.14,0.41,0.00,25.25
-0.13,0.43,  	0.10,0.31,  	-0.13,0.43,0.00,25.25
-0.17,0.42,  	-0.52,0.02,  	-0.17,0.42,0.00,25.25
-0.19,0.45,  	-0.26,0.48,  	-0.19,0.45,0.00,25.25
-0.21,0.45,  	-0.21,0.55,  	-0.19,0.45,0.00,25.25
-0.24,0.41,  	-0.31,0.12,  	-0.21,0.45,0.00,25.25
-0.25,0.43,  	-0.33,-0.35,  	-0.24,0.41,0.00,25.25
-0.29,0.40,  	-0.43,-0.20,  	-0.29,0.40,0.00,25.25
-0.29,0.40,  	-0.14,0.08,  	-0.29,0.40,0.00,25.25
-0.29,0.43,  	-0.09,0.13,  	-0.29,0.40,0.00,25.25
-0.29,0.48,  	-0.16,0.44,  	-0.29,0.43,0.00,25.25
-0.29,0.43,  	-0.08,0.65,  	-0.29,0.48,0.00,25.25
-0.31,0.40,  	-0.28,-0.27,  	-0.31,0.40,0.00,25.25
-0.34,0.31,  	-0.36,-0.80,  	-0.34,0.31,0.00,25.25
-0.40,0.24,  	-0.37,-0.88,  	-0.34,0.31,0.00,25.25
-0.43,0.22,  	-0.73,-0.63,  	-0.40,0.24,0.00,25.25
-0.43,0.20,  	-0.46,-0.22,  	-0.43,0.22,0.00,25.25
-0.44,0.15,  	-0.28,-0.50,  	-0.44,0.15,0.00,25.25
-0.44,0.11,  	-0.16,-0.43,  	-0.44,0.11,0.00,25.25
-0.41,0.15,  	-0.14,-0.41,  	-0.44,0.11,0.00,25.25
-0.41,0.17,  	0.17,0.49,  	-0.41,0.15,0.00,25.25
-0.44,0.11,  	-0.08,0.23,  	-0.41,0.17,0.00,25.25
-0.44,0.08,  	-0.44,-0.56,  	-0.44,0.11,0.00,25.25
-0.41,0.08,  	-0.17,-0.23,  	-0.44,0.08,0.00,25.25
-0.38,0.10,  	0.14,0.03,  	-0.41,0.08,0.00,25.25
-0.38,0.11,  	0.21,0.18,  	-0.38,0.10,0.00,25.25
-0.38,0.11,  	-0.05,0.18,  	-0.38,0.11,0.00,25.25
-0.39,0.06,  	-0.22,-0.42,  	-0.39,0.06,0.00,25.25
-0.38,0.08,  	-0.07,0.05,  	-0.38,0.08,0.00,25.25
-0.41,0.01,  	-0.05,0.13,  	-0.38,0.08,0.00,25.25
-0.39,-0.04,  	-0.39,-0.70,  	-0.41,0.01,0.00,25.25
-0.39,-0.06,  	0.04,-0.57,  	-0.39,-0.04,0.00,25.25
-0.39,-0.08,  	-0.10,-0.23,  	-0.39,-0.06,0.00,25.25
-0.38,-0.10,  	-0.15,-0.15,  	-0.39,-0.08,0.00,25.25
-0.41,-0.14,  	0.01,-0.30,  	-0.38,-0.10,0.00,25.25
-0.43,-0.19,  	-0.46,-0.43,  	-0.41,-0.14,0.00,25.25
-0.44,-0.20,  	-0.28,-0.58,  	-0.43,-0.19,0.00,25.25
-0.46,-0.25,  	-0.37,-0.59,  	-0.46,-0.25,0.00,25.25
-0.45,-0.27,  	-0.05,-0.28,  	-0.45,-0.27,0.00,25.25
-0.45,-0.22,  	0.00,-0.23,  	-0.45,-0.27,0.00,25.25
-0.44,-0.17,  	-0.11,0.41,  	-0.45,-0.22,0.00,25.25
-0.42,-0.18,  	-0.05,0.43,  	-0.44,-0.17,0.00,25.25
-0.41,-0.17,  	0.03,0.08,  	-0.41,-0.17,0.00,25.25
-0.41,-0.11,  	-0.07,0.46,  	-0.41,-0.11,0.00,25.25
-0.38,-0.08,  	-0.08,0.51,  	-0.41,-0.11,0.00,25.25
-0.35,-0.04,  	0.09,0.39,  	-0.38,-0.08,0.00,25.25
-0.33,-0.08,  	0.26,0.38,  	-0.35,-0.04,0.00,25.25
-0.32,-0.09,  	0.00,-0.23,  	-0.32,-0.09,0.00,25.25
-0.29,-0.13,  	0.21,-0.37,  	-0.29,-0.13,0.00,25.25
-0.27,-0.06,  	0.24,-0.39,  	-0.29,-0.13,0.00,25.25
-0.27,-0.03,  	0.13,0.67,  	-0.27,-0.06,0.00,25.25
-0.27,-0.01,  	-0.07,0.24,  	-0.27,-0.03,0.00,25.25
-0.27,-0.01,  	-0.08,0.19,  	-0.27,-0.01,0.00,25.25
-0.27,-0.01,  	-0.03,0.04,  	-0.27,-0.01,0.00,25.25
-0.24,0.01,  	-0.00,-0.03,  	-0.27,-0.01,0.00,25.25
-0.22,0.01,  	0.19,0.26,  	-0.24,0.01,0.00,25.25
-0.20,0.04,  	0.13,0.10,  	-0.22,0.01,0.00,25.25
-0.17,0.04,  	0.25,0.12,  	-0.17,0.04,0.00,25.25
-0.17,0.02,  	0.04,-0.17,  	-0.17,0.02,0.00,25.25
-0.17,-0.06,  	0.00,-0.21,  	-0.17,0.02,0.00,25.25
-0.20,-0.16,  	-0.15,-0.88,  	-0.17,-0.06,0.00,25.25
-0.18,-0.20,  	-0.25,-1.10,  	-0.20,-0.16,0.00,25.25
-0.17,-0.20,  	0.08,-0.58,  	-0.18,-0.20,0.00,25.25
-0.15,-0.16,  	0.02,-0.13,  	-0.17,-0.20,0.00,25.25
-0.15,-0.18,  	0.14,0.35,  	-0.15,-0.16,0.00,25.25
-0.13,-0.09,  	-0.03,-0.19,  	-0.15,-0.18,0.00,25.25
-0.10,-0.09,  	0.25,0.84,  	-0.13,-0.09,0.00,25.25
-0.09,-0.13,  	0.14,-0.35,  	-0.09,-0.13,0.00,25.25
-0.06,-0.05,  	0.26,0.66,  	-0.06,-0.05,0.00,25.25
-0.04,-0.05,  	0.28,0.82,  	-0.06,-0.05,0.00,25.25
-0.03,-0.08,  	0.19,0.05,  	-0.04,-0.05,0.00,25.25
0.01,-0.08,  	0.20,-0.33,  	-0.03,-0.08,0.00,25.25
0.01,-0.13,  	-0.00,-0.41,  	0.01,-0.13,0.00,25.25
0.01,-0.15,  	0.06,-0.32,  	0.01,-0.15,0.00,25.25
-0.01,-0.13,  	0.07,-0.30,  	0.01,-0.15,0.00,25.25
0.01,-0.10,  	-0.20,0.15,  	-0.01,-0.13,0.00,25.25
0.02,-0.14,  	0.16,0.23,  	0.01,-0.10,0.00,25.25
0.04,-0.12,  	0.24,0.11,  	0.04,-0.12,0.00,25.25
0.07,-0.08,  	0.28,0.29,  	0.07,-0.08,0.00,25.25
0.06,-0.04,  	0.28,0.31,  	0.07,-0.08,0.00,25.25
0.06,-0.06,  	-0.09,0.41,  	0.06,-0.04,0.00,25.25
0.06,-0.06,  	0.01,-0.21,  	0.06,-0.06,0.00,25.25
0.06,-0.06,  	-0.15,-0.42,  	0.06,-0.06,0.00,25.25
0.05,-0.12,  	0.08,-0.25,  	0.05,-0.12,0.00,25.25
0.05,-0.13,  	0.11,-0.21,  	0.05,-0.12,0.00,25.25
0.07,-0.14,  	-0.04,-0.13,  	0.05,-0.13,0.00,25.25
0.08,-0.14,  	0.20,-0.22,  	0.07,-0.14,0.00,25.25
0.06,-0.13,  	-0.06,0.14,  	0.06,-0.13,0.00,25.25
0.05,-0.09,  	-0.16,0.28,  	0.05,-0.09,0.00,25.25
0.03,-0.03,  	-0.17,0.30,  	0.05,-0.09,0.00,25.25
0.05,0.03,  	-0.20,0.55,  	0.03,-0.03,0.00,25.25
0.08,0.17,  	0.25,0.82,  	0.05,0.03,0.00,25.25
0.07,0.22,  	-0.05,0.81,  	0.07,0.22,0.00,25.25
0.07,0.26,  	0.00,0.49,  	0.07,0.26,0.00,25.25
0.06,0.27,  	0.02,0.46,  	0.07,0.26,0.00,25.25
0.06,0.27,  	-0.09,0.19,  	0.06,0.27,0.00,25.25
0.04,0.30,  	-0.06,0.07,  	0.06,0.27,0.00,25.25
0.03,0.30,  	-0.17,0.38,  	0.04,0.30,0.00,25.25
0.03,0.29,  	-0.10,0.13,  	0.03,0.30,0.00,25.25
0.03,0.31,  	-0.02,-0.02,  	0.03,0.29,0.00,25.25
0.03,0.36,  	0.02,0.40,  	0.03,0.31,0.00,25.25
-0.01,0.39,  	-0.05,0.51,  	0.03,0.36,0.00,25.25
-0.03,0.43,  	-0.30,0.54,  	-0.03,0.43,0.00,25.25
-0.08,0.50,  	-0.44,0.86,  	-0.08,0.50,0.00,25.25
-0.08,0.56,  	-0.46,0.91,  	-0.08,0.50,0.00,25.25
-0.12,0.55,  	-0.14,0.82,  	-0.08,0.56,0.00,25.25
-0.15,0.56,  	-0.34,0.07,  	-0.12,0.55,0.00,25.25
-0.13,0.62,  	0.07,0.72,  	-0.13,0.62,0.00,25.25
-0.14,0.66,  	-0.11,0.71,  	-0.14,0.66,0.00,25.25
-0.15,0.69,  	-0.14,0.70,  	-0.14,0.66,0.00,25.25
-0.17,0.69,  	-0.19,0.59,  	-0.15,0.69,0.00,25.25
-0.17,0.73,  	-0.20,0.30,  	-0.17,0.69,0.00,25.25
-0.17,0.73,  	0.05,0.32,  	-0.17,0.73,0.00,25.25
-0.17,0.68,  	-0.10,-0.27,  	-0.17,0.68,0.00,25.25
-0.18,0.64,  	-0.13,-0.35,  	-0.17,0.68,0.00,25.25
-0.18,0.66,  	-0.19,-0.25,  	-0.18,0.64,0.00,25.25
-0.18,0.73,  	-0.05,0.47,  	-0.18,0.66,0.00,25.25
-0.18,0.73,  	-0.00,0.48,  	-0.18,0.73,0.00,25.25
-0.17,0.80,  	0.06,0.73,  	-0.17,0.80,0.00,25.25
-0.16,0.79,  	0.06,0.77,  	-0.17,0.80,0.00,25.25
-0.13,0.80,  	0.04,0.22,  	-0.16,0.79,0.00,25.25
-0.11,0.85,  	0.30,0.41,  	-0.13,0.80,0.00,25.25
-0.11,0.85,  	0.16,0.76,  	-0.11,0.85,0.00,25.25
-0.11,0.79,  	-0.06,0.25,  	-0.11,0.85,0.00,25.25
-0.09,0.79,  	-0.00,-0.37,  	-0.11,0.79,0.00,25.25
-0.08,0.73,  	0.20,0.20,  	-0.09,0.79,0.00,25.25
-0.06,0.74,  	0.11,-0.44,  	-0.08,0.73,0.00,25.25
-0.05,0.74,  	0.21,0.40,  	-0.06,0.74,0.00,25.25
-0.04,0.74,  	0.08,0.24,  	-0.05,0.74,0.00,25.25
-0.04,0.71,  	0.08,0.23,  	-0.04,0.74,0.00,25.25
-0.03,0.69,  	0.02,-0.15,  	-0.04,0.71,0.00,25.25
-0.03,0.65,  	0.07,-0.04,  	-0.03,0.69,0.00,25.25
-0.00,0.61,  	0.25,-0.24,  	-0.00,0.61,0.00,25.25
-0.00,0.56,  	0.07,-0.38,  	-0.00,0.56,0.00,25.25
-0.00,0.56,  	0.04,-0.40,  	-0.00,0.56,0.00,25.25
-0.00,0.56,  	-0.04,0.11,  	-0.00,0.56,0.00,25.25
0.03,0.60,  	0.06,0.20,  	-0.00,0.56,0.00,25.25
0.01,0.54,  	-0.13,-0.33,  	0.01,0.54,0.00,25.25
0.02,0.54,  	0.13,0.10,  	0.02,0.54,0.00,25.25
0.02,0.48,  	0.18,0.18,  	0.02,0.54,0.00,25.25
0.00,0.43,  	0.06,-0.50,  	0.02,0.48,0.00,25.25
-0.01,0.42,  	-0.27,-0.41,  	0.00,0.43,0.00,25.25
0.00,0.42,  	0.12,0.08,  	0.00,0.42,0.00,25.25
0.03,0.43,  	0.27,0.21,  	0.03,0.43,0.00,25.25
0.03,0.41,  	0.29,0.23,  	0.03,0.43,0.00,25.25
0.05,0.41,  	0.13,-0.07,  	0.03,0.41,0.00,25.25
0.08,0.45,  	0.16,0.12,  	0.05,0.41,0.00,25.25
0.08,0.45,  	0.30,0.65,  	0.08,0.45,0.00,25.25
0.09,0.43,  	0.04,0.18,  	0.08,0.45,0.00,25.25
0.13,0.52,  	0.18,-0.14,  	0.09,0.43,0.00,25.25
0.15,0.54,  	0.45,1.00,  	0.13,0.52,0.00,25.25
0.17,0.59,  	0.22,0.45,  	0.15,0.54,0.00,25.25
0.17,0.66,  	0.15,0.84,  	0.17,0.66,0.00,25.25
0.16,0.68,  	-0.07,0.53,  	0.16,0.68,0.00,25.25
0.16,0.69,  	-0.10,0.49,  	0.16,0.68,0.00,25.25
0.17,0.72,  	0.10,0.30,  	0.16,0.69,0.00,25.25
0.17,0.79,  	0.12,0.59,  	0.17,0.72,0.00,25.25
0.15,0.73,  	-0.20,-0.18,  	0.15,0.73,0.00,25.25
0.13,0.70,  	-0.20,-0.18,  	0.13,0.70,0.00,25.25
0.12,0.69,  	-0.20,-0.15,  	0.13,0.70,0.00,25.25
0.12,0.72,  	-0.05,0.09,  	0.12,0.69,0.00,25.25
0.11,0.72,  	-0.00,0.54,  	0.12,0.72,0.00,25.25
0.08,0.76,  	-0.20,0.62,  	0.08,0.76,0.00,25.25
0.06,0.74,  	-0.31,0.16,  	0.06,0.74,0.00,25.25
0.03,0.70,  	-0.33,0.09,  	0.06,0.74,0.00,25.25
-0.01,0.68,  	-0.26,-0.21,  	0.03,0.70,0.00,25.25
-0.01,0.69,  	-0.35,-0.04,  	-0.01,0.68,0.00,25.25
0.01,0.71,  	0.10,0.38,  	0.01,0.71,0.00,25.25
0.01,0.65,  	0.03,-0.24,  	0.01,0.65,0.00,25.25
-0.01,0.63,  	0.02,-0.33,  	0.01,0.65,0.00,25.25
-0.04,0.68,  	-0.21,-0.08,  	-0.01,0.63,0.00,25.25
-0.07,0.66,  	-0.29,0.72,  	-0.04,0.68,0.00,25.25
-0.10,0.67,  	-0.29,0.32,  	-0.10,0.67,0.00,25.25
-0.13,0.67,  	-0.41,0.18,  	-0.13,0.67,0.00,25.25
-0.13,0.68,  	-0.43,0.15,  	-0.13,0.67,0.00,25.25
-0.13,0.68,  	-0.10,0.30,  	-0.13,0.68,0.00,25.25
-0.15,0.60,  	-0.05,0.23,  	-0.13,0.68,0.00,25.25
-0.17,0.57,  	-0.20,-0.22,  	-0.17,0.57,0.00,25.25
-0.17,0.59,  	-0.04,0.36,  	-0.17,0.59,0.00,25.25
-0.20,0.58,  	-0.02,0.44,  	-0.17,0.59,0.00,25.25
-0.22,0.55,  	-0.42,0.06,  	-0.20,0.58,0.00,25.25
-0.26,0.50,  	-0.31,-0.11,  	-0.22,0.55,0.00,25.25
-0.29,0.44,  	-0.45,-0.42,  	-0.29,0.44,0.00,25.25
-0.31,0.45,  	-0.37,0.14,  	-0.31,0.45,0.00,25.25
-0.34,0.47,  	-0.36,0.23,  	-0.31,0.45,0.00,25.25
-0.36,0.42,  	-0.31,0.31,  	-0.34,0.47,0.00,25.25
-0.40,0.34,  	-0.40,-0.30,  	-0.36,0.42,0.00,25.25
-0.43,0.23,  	-0.50,-1.02,  	-0.43,0.23,0.00,25.25
-0.46,0.11,  	-0.50,-1.23,  	-0.46,0.11,0.00,25.25
-0.50,0.04,  	-0.50,-1.25,  	-0.46,0.11,0.00,25.25
-0.52,0.04,  	-0.58,-0.75,  	-0.50,0.04,0.00,25.25
-0.52,0.02,  	-0.42,-0.04,  	-0.52,0.04,0.00,25.25
-0.51,0.01,  	-0.09,-0.17,  	-0.51,0.01,0.00,25.25
-0.50,-0.01,  	-0.08,-0.18,  	-0.50,-0.01,0.00,25.25
-0.52,-0.04,  	-0.08,-0.18,  	-0.50,-0.01,0.00,25.25
-0.55,-0.03,  	-0.41,-0.37,  	-0.52,-0.04,0.00,25.25
-0.55,0.06,  	-0.35,0.10,  	-0.55,-0.03,0.00,25.25
-0.55,0.03,  	-0.12,0.95,  	-0.55,0.06,0.00,25.25
-0.55,-0.03,  	-0.14,-0.59,  	-0.55,-0.03,0.00,25.25
-0.56,-0.09,  	-0.13,-0.65,  	-0.55,-0.03,0.00,25.25
-0.58,-0.09,  	-0.32,-0.68,  	-0.56,-0.09,0.00,25.25
-0.58,-0.04,  	-0.41,-0.01,  	-0.58,-0.09,0.00,25.25
-0.58,-0.02,  	-0.19,0.24,  	-0.58,-0.02,0.00,25.25
-0.59,0.03,  	-0.24,0.51,  	-0.59,0.03,0.00,25.25
-0.59,0.05,  	-0.25,0.56,  	-0.59,0.03,0.00,25.25
-0.59,0.08,  	-0.18,0.19,  	-0.59,0.05,0.00,25.25
-0.59,0.07,  	-0.22,0.41,  	-0.59,0.08,0.00,25.25
-0.59,0.07,  	-0.26,0.07,  	-0.59,0.07,0.00,25.25
-0.60,0.07,  	-0.25,-0.02,  	-0.60,0.07,0.00,25.25
-0.60,0.11,  	-0.24,-0.04,  	-0.60,0.07,0.00,25.25
-0.60,0.13,  	-0.21,0.45,  	-0.60,0.11,0.00,25.25
-0.62,0.11,  	-0.14,0.17,  	-0.60,0.13,0.00,25.25
-0.62,0.11,  	-0.04,0.46,  	-0.62,0.11,0.00,25.25
-0.60,0.15,  	-0.24,0.54,  	-0.60,0.15,0.00,25.25
-0.64,0.21,  	-0.28,0.55,  	-0.62,0.20,0.00,25.25
-0.66,0.25,  	-0.46,0.17,  	-0.64,0.21,0.00,25.25
-0.66,0.27,  	-0.42,0.52,  	-0.66,0.25,0.00,25.25
-0.66,0.27,  	-0.21,0.24,  	-0.66,0.27,0.00,25.25
-0.62,0.30,  	-0.18,0.12,  	-0.66,0.27,0.00,25.25
-0.62,0.31,  	0.15,0.48,  	-0.62,0.30,0.00,25.25
-0.60,0.34,  	-0.18,0.26,  	-0.62,0.31,0.00,25.25
-0.59,0.37,  	0.01,0.39,  	-0.60,0.34,0.00,25.25
-0.62,0.41,  	-0.35,0.47,  	-0.62,0.41,0.00,25.25
-0.64,0.39,  	-0.45,0.06,  	-0.64,0.39,0.00,25.25
-0.64,0.39,  	-0.45,0.00,  	-0.64,0.39,0.00,25.25
-0.62,0.43,  	-0.22,0.07,  	-0.64,0.39,0.00,25.25
-0.62,0.45,  	-0.06,0.44,  	-0.62,0.43,0.00,25.25
-0.61,0.48,  	-0.01,0.47,  	-0.61,0.48,0.00,25.25
-0.56,0.54,  	0.24,0.77,  	-0.56,0.54,0.00,25.25
-0.55,0.60,  	0.27,0.81,  	-0.56,0.54,0.00,25.25
-0.52,0.61,  	-0.01,0.81,  	-0.55,0.60,0.00,25.25
-0.50,0.66,  	0.08,0.29,  	-0.52,0.61,0.00,25.25
-0.43,0.72,  	0.51,0.91,  	-0.43,0.72,0.00,25.25
-0.38,0.74,  	0.40,0.53,  	-0.38,0.74,0.00,25.25
-0.36,0.75,  	0.37,0.47,  	-0.38,0.74,0.00,25.25
-0.34,0.75,  	0.16,0.31,  	-0.36,0.75,0.00,25.25
-0.34,0.75,  	0.09,0.19,  	-0.34,0.75,0.00,25.25
-0.36,0.73,  	-0.36,0.07,  	-0.36,0.73,0.00,25.25
-0.40,0.71,  	-0.51,0.03,  	-0.40,0.71,0.00,25.25
-0.42,0.69,  	-0.53,0.03,  	-0.40,0.71,0.00,25.25
-0.41,0.71,  	-0.36,0.01,  	-0.42,0.69,0.00,25.25
-0.37,0.75,  	0.05,0.31,  	-0.41,0.71,0.00,25.25
-0.37,0.78,  	-0.02,0.61,  	-0.37,0.78,0.00,25.25
-0.34,0.87,  	0.13,1.13,  	-0.34,0.87,0.00,25.25
-0.34,0.87,  	0.15,1.21,  	-0.34,0.87,0.00,25.25
-0.36,0.85,  	-0.04,0.29,  	-0.34,0.87,0.00,25.25
-0.37,0.85,  	-0.29,0.04,  	-0.36,0.85,0.00,25.25
-0.34,0.92,  	0.15,0.93,  	-0.34,0.92,0.00,25.25
-0.33,0.92,  	-0.00,0.37,  	-0.33,0.92,0.00,25.25
-0.32,0.90,  	-0.03,0.26,  	-0.33,0.92,0.00,25.25
-0.31,0.91,  	-0.01,0.16,  	-0.32,0.90,0.00,25.25
-0.34,0.90,  	0.06,0.36,  	-0.31,0.91,0.00,25.25
-0.38,0.87,  	-0.54,-0.06,  	-0.38,0.87,0.00,25.25
-0.38,0.84,  	-0.29,-0.01,  	-0.38,0.84,0.00,25.25
-0.43,0.78,  	-0.24,0.00,  	-0.38,0.84,0.00,25.25
-0.41,0.73,  	-0.51,-0.45,  	-0.43,0.78,0.00,25.25
-0.40,0.76,  	-0.07,-0.27,  	-0.41,0.73,0.00,25.25
-0.38,0.77,  	0.06,0.42,  	-0.38,0.77,0.00,25.25
-0.38,0.84,  	-0.11,0.93,  	-0.38,0.84,0.00,25.25
-0.38,0.87,  	-0.13,1.01,  	-0.38,0.84,0.00,25.25
-0.38,0.86,  	-0.09,0.58,  	-0.38,0.87,0.00,25.25
-0.36,0.89,  	-0.04,0.20,  	-0.38,0.86,0.00,25.25
-0.34,0.90,  	0.17,0.47,  	-0.34,0.90,0.00,25.25
-0.30,0.90,  	0.24,0.31,  	-0.30,0.90,0.00,25.25
-0.29,0.92,  	0.24,0.29,  	-0.30,0.90,0.00,25.25
-0.25,0.91,  	0.11,0.42,  	-0.29,0.92,0.00,25.25
-0.25,0.88,  	0.29,0.19,  	-0.25,0.91,0.00,25.25
-0.28,0.88,  	-0.32,0.28,  	-0.28,0.88,0.00,25.25
-0.29,0.87,  	-0.21,0.19,  	-0.29,0.87,0.00,25.25
-0.29,0.82,  	-0.18,0.17,  	-0.29,0.87,0.00,25.25
-0.28,0.85,  	-0.19,-0.29,  	-0.29,0.82,0.00,25.25
-0.27,0.83,  	0.05,0.52,  	-0.28,0.85,0.00,25.25
-0.27,0.83,  	-0.11,0.19,  	-0.27,0.83,0.00,25.25
-0.28,0.78,  	-0.26,-0.23,  	-0.28,0.78,0.00,25.25
-0.29,0.74,  	-0.28,-0.29,  	-0.28,0.78,0.00,25.25
-0.28,0.80,  	-0.17,-0.13,  	-0.29,0.74,0.00,25.25
-0.29,0.79,  	0.01,0.82,  	-0.28,0.80,0.00,25.25
-0.29,0.80,  	-0.07,0.34,  	-0.29,0.80,0.00,25.25
-0.29,0.81,  	-0.04,0.37,  	-0.29,0.80,0.00,25.25
-0.29,0.81,  	-0.10,0.34,  	-0.29,0.81,0.00,25.25
-0.30,0.85,  	-0.09,0.21,  	-0.29,0.81,0.00,25.25
-0.33,0.90,  	-0.20,0.75,  	-0.30,0.85,0.00,25.25
-0.33,0.90,  	-0.34,0.24,  	-0.33,0.90,0.00,25.25
-0.35,0.89,  	-0.25,0.46,  	-0.35,0.89,0.00,25.25
-0.38,0.89,  	-0.25,0.52,  	-0.36,0.92,0.00,25.25
-0.38,0.91,  	-0.27,0.05,  	-0.38,0.89,0.00,25.25
-0.36,0.97,  	-0.17,0.47,  	-0.38,0.91,0.00,25.25
-0.36,0.97,  	0.02,0.93,  	-0.36,0.97,0.00,25.25
-0.36,0.94,  	3.13,0.34,  	9.64,0.97,0.00,25.29
-0.42,0.92,  	2.94,-0.02,  	9.64,0.94,0.00,25.28
-0.43,0.92,  	2.51,0.04,  	9.58,0.92,0.00,25.27
-0.43,0.93,  	2.82,0.32,  	9.57,0.92,0.00,25.28
-0.44,0.93,  	3.10,0.42,  	9.57,0.93,0.00,25.29
-0.48,0.98,  	2.90,0.30,  	9.56,0.93,0.00,25.28
-0.52,1.08,  	2.65,0.86,  	9.52,0.98,0.00,25.28
-0.56,1.13,  	2.54,1.37,  	9.48,1.08,0.00,25.28
-0.60,1.24,  	2.58,0.91,  	9.44,1.13,0.00,25.28
-0.69,1.29,  	2.06,1.05,  	9.31,1.29,0.00,25.27
-0.84,1.36,  	1.42,1.08,  	9.16,1.36,0.00,25.26
-0.95,1.41,  	1.34,1.10,  	9.16,1.36,0.00,25.26
-1.04,1.46,  	1.59,1.02,  	9.05,1.41,0.00,25.26
-1.13,1.48,  	1.96,1.02,  	8.96,1.46,0.00,25.27
-1.13,1.48,  	1.37,0.19,  	8.87,1.48,0.00,25.25
-1.27,1.45,  	0.93,0.23,  	8.73,1.45,0.00,25.25
-1.65,1.40,  	0.82,0.24,  	8.55,1.43,0.00,25.25
-1.84,1.40,  	0.48,0.19,  	8.35,1.40,0.00,25.25
-2.05,1.40,  	0.57,0.34,  	8.16,1.40,0.00,25.25
-2.05,1.40,  	0.40,0.46,  	7.95,1.40,0.00,25.25
-2.41,1.48,  	0.58,1.16,  	7.59,1.48,0.00,25.25
-2.60,1.50,  	0.62,1.26,  	7.59,1.48,0.00,25.26
-2.81,1.53,  	0.36,0.77,  	7.40,1.50,0.00,25.25
-3.06,1.52,  	0.03,0.73,  	7.19,1.53,0.00,25.25
-3.33,1.52,  	-0.70,0.54,  	6.67,1.52,0.00,25.25
-3.58,1.48,  	-0.70,0.11,  	6.42,1.48,0.00,25.25
-3.76,1.43,  	-0.69,0.05,  	6.42,1.48,0.00,25.25
-4.00,1.38,  	-0.01,-0.06,  	6.24,1.43,0.00,25.25
-4.23,1.34,  	-0.63,-0.14,  	6.00,1.38,0.00,25.25
-4.47,1.31,  	-0.83,0.10,  	5.53,1.31,0.00,25.25
-4.72,1.21,  	-1.07,-0.63,  	5.28,1.21,0.00,25.25
-5.01,1.19,  	-1.09,-0.73,  	5.28,1.21,0.00,25.25
-5.29,1.18,  	-1.43,0.16,  	4.99,1.19,0.00,25.26
-5.54,1.07,  	-1.57,0.23,  	4.71,1.18,0.00,25.26
-5.75,0.98,  	-0.92,-0.70,  	4.25,0.98,0.00,25.25
-5.94,0.86,  	-0.87,-0.95,  	4.06,0.86,0.00,25.25
-6.17,0.76,  	-0.87,-0.99,  	4.06,0.86,0.00,25.25
-6.43,0.68,  	-1.18,-0.77,  	3.83,0.76,0.00,25.26
-6.67,0.59,  	-1.58,-0.68,  	3.57,0.68,0.00,25.26
-6.90,0.55,  	-1.48,-0.35,  	3.10,0.55,0.00,25.26
-7.07,0.49,  	-0.98,-0.52,  	2.93,0.49,0.00,25.25
-7.23,0.38,  	-0.91,-0.55,  	2.93,0.49,0.00,25.25
-7.41,0.32,  	-0.84,-1.07,  	2.77,0.38,0.00,25.25
-7.62,0.26,  	-1.05,-0.57,  	2.59,0.32,0.00,25.25
-7.82,0.14,  	-1.50,-1.10,  	2.18,0.14,0.00,25.26
-8.02,0.05,  	-1.56,-0.98,  	1.98,0.05,0.00,25.26
-8.21,0.01,  	-1.56,-0.95,  	1.98,0.05,0.00,25.26
-8.36,-0.03,  	-1.49,-0.48,  	1.79,0.01,0.00,25.26
-8.49,-0.14,  	-1.05,-0.48,  	1.64,-0.03,0.00,25.25
-8.49,-0.14,  	-0.83,-0.43,  	1.51,-0.14,0.00,25.25
-8.73,-0.25,  	-0.86,-0.96,  	1.27,-0.25,0.00,25.25
-8.86,-0.31,  	-0.86,-1.05,  	1.27,-0.25,0.00,25.25
-9.00,-0.33,  	-1.09,-0.69,  	1.14,-0.31,0.00,25.25
-9.07,-0.37,  	-1.06,-0.34,  	1.00,-0.33,0.00,25.25
-9.07,-0.37,  	-0.24,-0.21,  	0.93,-0.37,0.00,25.25
-9.11,-0.38,  	-0.29,0.06,  	0.89,-0.38,0.00,25.25
-9.23,-0.34,  	-0.31,0.10,  	0.84,-0.35,0.00,25.25
-9.33,-0.30,  	-0.48,0.00,  	0.77,-0.34,0.00,25.25
-9.38,-0.20,  	-0.76,0.35,  	0.67,-0.30,0.00,25.25
-9.45,-0.15,  	-0.61,0.52,  	0.55,-0.15,0.00,25.25
-9.53,-0.11,  	-0.63,0.42,  	0.47,-0.11,0.00,25.25
-9.59,-0.06,  	-0.63,0.42,  	0.47,-0.11,0.00,25.25
-9.62,-0.08,  	-0.50,0.48,  	0.41,-0.06,0.00,25.25
-9.65,-0.06,  	-0.30,-0.11,  	0.38,-0.08,0.00,25.25
-9.73,-0.02,  	-0.65,0.42,  	0.27,-0.02,0.00,25.25
-9.80,-0.02,  	-0.69,0.10,  	0.20,-0.02,0.00,25.25
-9.85,0.07,  	-0.68,0.05,  	0.20,-0.02,0.00,25.25
-9.89,0.14,  	-0.47,0.93,  	0.15,0.07,0.00,25.25
-9.89,0.22,  	-0.47,0.79,  	0.11,0.14,0.00,25.25
-9.88,0.33,  	0.13,1.21,  	0.12,0.33,0.00,25.25
-9.91,0.33,  	-0.20,0.29,  	0.09,0.33,0.00,25.25
-9.93,0.43,  	-0.25,0.14,  	0.09,0.33,0.00,25.25
-9.96,0.52,  	-0.23,1.19,  	0.07,0.43,0.00,25.25
-10.00,0.61,  	-0.29,1.20,  	0.04,0.52,0.00,25.25
-10.05,0.65,  	-0.53,0.73,  	-0.05,0.65,0.00,25.25
-10.07,0.70,  	-0.29,0.68,  	-0.07,0.70,0.00,25.25
-10.10,0.66,  	-0.25,0.69,  	-0.07,0.70,0.00,25.25
-10.12,0.71,  	-0.36,-0.17,  	-0.10,0.66,0.00,25.25
-10.19,0.70,  	-0.20,0.70,  	-0.12,0.71,0.00,25.25
-10.19,0.70,  	-0.49,0.92,  	-0.19,0.70,0.00,25.25
-10.24,0.87,  	-0.26,1.24,  	-0.24,0.87,0.00,25.25
-10.26,0.96,  	-0.23,1.26,  	-0.24,0.87,0.00,25.25
-10.28,1.03,  	-0.35,1.28,  	-0.26,0.96,0.00,25.25
-10.29,1.03,  	-0.22,1.09,  	-0.28,1.03,0.00,25.25
-10.29,1.03,  	-0.46,0.38,  	-0.29,1.03,0.00,25.25
-10.34,1.03,  	-0.48,0.07,  	-0.34,1.03,0.00,25.25
-10.40,0.98,  	-0.49,0.02,  	-0.36,1.01,0.00,25.25
-10.45,0.97,  	-0.47,-0.00,  	-0.40,0.98,0.00,25.25
-10.48,1.04,  	-0.72,0.23,  	-0.45,0.97,0.00,25.25
-10.48,1.12,  	-0.29,1.18,  	-0.48,1.12,0.00,25.25
-10.48,1.18,  	-0.22,1.04,  	-0.48,1.18,0.00,25.25
-10.51,1.27,  	-0.21,1.01,  	-0.48,1.18,0.00,25.25
-10.53,1.30,  	-0.33,1.32,  	-0.51,1.27,0.00,25.25
-10.54,1.25,  	-0.45,0.85,  	-0.53,1.30,0.00,25.25
-10.56,1.18,  	-0.37,-0.34,  	-0.56,1.18,0.00,25.25
-10.57,1.12,  	-0.30,-0.24,  	-0.57,1.12,0.00,25.25
-10.57,1.12,  	-0.29,-0.22,  	-0.57,1.12,0.00,25.25
-10.59,1.10,  	-0.12,0.22,  	-0.57,1.12,0.00,25.25
-10.61,1.12,  	-0.43,0.21,  	-0.59,1.10,0.00,25.25
-10.60,1.15,  	-0.11,0.54,  	-0.60,1.15,0.00,25.25
-10.64,1.21,  	-0.54,1.05,  	-0.64,1.21,0.00,25.25
-10.67,1.28,  	-0.62,1.12,  	-0.64,1.21,0.00,25.25
-10.67,1.28,  	-0.59,1.11,  	-0.67,1.28,0.00,25.25
-10.66,1.29,  	-0.19,0.40,  	-0.67,1.28,0.00,25.25
-10.67,1.27,  	-0.26,0.27,  	-0.67,1.27,0.00,25.25
-10.67,1.27,  	-0.27,0.33,  	-0.67,1.27,0.00,25.25
-10.67,1.30,  	-0.26,0.35,  	-0.67,1.27,0.00,25.25
-10.65,1.35,  	-0.22,0.76,  	-0.67,1.30,0.00,25.25
-10.65,1.34,  	-0.05,0.97,  	-0.65,1.35,0.00,25.25
-10.63,1.42,  	0.00,1.14,  	-0.63,1.42,0.00,25.25
-10.63,1.47,  	-0.12,1.08,  	-0.63,1.47,0.00,25.25
-10.63,1.50,  	-0.14,1.05,  	-0.63,1.47,0.00,25.25
-10.66,1.53,  	-0.26,0.86,  	-0.63,1.50,0.00,25.25
-10.68,1.54,  	-0.42,0.75,  	-0.66,1.53,0.00,25.25
-10.68,1.54,  	-0.62,0.14,  	-0.68,1.54,0.00,25.25
-10.72,1.50,  	-0.38,0.62,  	-0.72,1.50,0.00,25.25
-10.75,1.51,  	-0.34,0.72,  	-0.73,1.52,0.00,25.25
-10.77,1.49,  	-0.54,0.34,  	-0.75,1.51,0.00,25.25
-10.78,1.52,  	-0.36,0.33,  	-0.77,1.49,0.00,25.25
-10.76,1.60,  	-0.01,1.33,  	-0.76,1.60,0.00,25.25
-10.77,1.65,  	-0.31,1.11,  	-0.77,1.65,0.00,25.25
-10.79,1.66,  	-0.36,1.06,  	-0.77,1.65,0.00,25.25
-10.79,1.70,  	-0.50,0.60,  	-0.79,1.66,0.00,25.25
-10.81,1.70,  	-0.23,0.98,  	-0.79,1.70,0.00,25.25
-10.80,1.67,  	-0.27,0.26,  	-0.80,1.67,0.00,25.25
-10.81,1.67,  	-0.26,0.46,  	-0.81,1.67,0.00,25.25
-10.83,1.64,  	-0.26,0.50,  	-0.81,1.67,0.00,25.25
-10.85,1.60,  	-0.48,0.25,  	-0.83,1.64,0.00,25.25
-10.88,1.56,  	-0.46,0.03,  	-0.85,1.60,0.00,25.25
-10.90,1.57,  	-0.57,0.41,  	-0.90,1.57,0.00,25.25
-10.92,1.59,  	-0.45,0.59,  	-0.92,1.59,0.00,25.25
-10.92,1.57,  	-0.43,0.61,  	-0.92,1.59,0.00,25.25
-10.91,1.57,  	-0.33,0.39,  	-0.92,1.57,0.00,25.25
-10.90,1.61,  	-0.19,0.40,  	-0.91,1.57,0.00,25.25
-10.91,1.62,  	-0.45,0.78,  	-0.91,1.62,0.00,25.25
-10.93,1.59,  	-0.49,0.16,  	-0.93,1.59,0.00,25.25
-10.92,1.58,  	-0.48,0.08,  	-0.93,1.59,0.00,25.25
-10.92,1.54,  	-0.22,0.41,  	-0.92,1.58,0.00,25.25
-10.90,1.58,  	-0.32,0.00,  	-0.92,1.54,0.00,25.25
-10.90,1.57,  	-0.27,0.44,  	-0.90,1.57,0.00,25.25
-10.90,1.60,  	-0.20,0.76,  	-0.90,1.60,0.00,25.25
-10.85,1.66,  	-0.18,0.82,  	-0.90,1.60,0.00,25.25
-10.86,1.65,  	0.16,1.09,  	-0.85,1.66,0.00,25.25
-10.84,1.67,  	-0.31,0.49,  	-0.86,1.65,0.00,25.25
-10.82,1.65,  	-0.06,0.37,  	-0.82,1.65,0.00,25.25
-10.81,1.61,  	-0.12,0.11,  	-0.81,1.61,0.00,25.25
-10.81,1.55,  	-0.13,0.08,  	-0.81,1.61,0.00,25.25
-10.81,1.57,  	-0.21,-0.08,  	-0.81,1.55,0.00,25.25
-10.81,1.54,  	-0.23,0.57,  	-0.81,1.57,0.00,25.25
-10.81,1.54,  	-0.18,0.15,  	-0.81,1.54,0.00,25.25
-10.79,1.52,  	-0.16,0.41,  	-0.79,1.52,0.00,25.25
-10.77,1.53,  	-0.16,0.46,  	-0.79,1.52,0.00,25.25
-10.75,1.57,  	-0.12,0.65,  	-0.77,1.53,0.00,25.25
-10.72,1.62,  	0.03,0.92,  	-0.75,1.57,0.00,25.25
-10.71,1.61,  	-0.09,0.46,  	-0.71,1.61,0.00,25.25
-10.70,1.58,  	-0.10,0.23,  	-0.70,1.58,0.00,25.25
-10.68,1.58,  	-0.09,0.21,  	-0.70,1.58,0.00,25.25
-10.66,1.58,  	-0.09,0.48,  	-0.68,1.58,0.00,25.25
-10.62,1.65,  	0.04,0.52,  	-0.66,1.58,0.00,25.25
-10.62,1.70,  	-0.05,1.07,  	-0.62,1.70,0.00,25.25
-10.60,1.72,  	-0.09,0.80,  	-0.60,1.72,0.00,25.25
-10.60,1.70,  	-0.09,0.76,  	-0.60,1.72,0.00,25.25
-10.61,1.66,  	-0.21,0.23,  	-0.60,1.70,0.00,25.25
-10.60,1.67,  	-0.29,0.10,  	-0.61,1.66,0.00,25.25
-10.59,1.66,  	-0.04,0.45,  	-0.59,1.66,0.00,25.25
-10.59,1.65,  	-0.16,0.46,  	-0.59,1.65,0.00,25.25
-10.57,1.66,  	-0.18,0.46,  	-0.59,1.65,0.00,25.25
-10.57,1.61,  	0.01,0.63,  	-0.57,1.66,0.00,25.25
-10.59,1.56,  	-0.16,-0.04,  	-0.57,1.61,0.00,25.25
-10.59,1.55,  	-0.26,0.31,  	-0.59,1.55,0.00,25.25
-10.58,1.52,  	-0.20,0.09,  	-0.58,1.52,0.00,25.25
-10.56,1.52,  	-0.20,0.05,  	-0.58,1.52,0.00,25.25
-10.58,1.54,  	-0.04,0.40,  	-0.56,1.52,0.00,25.25
-10.58,1.58,  	-0.27,0.67,  	-0.58,1.54,0.00,25.25
-10.58,1.53,  	-0.29,0.20,  	-0.58,1.53,0.00,25.25
-10.57,1.53,  	-0.05,0.38,  	-0.57,1.53,0.00,25.25
-10.57,1.59,  	-0.02,0.42,  	-0.57,1.53,0.00,25.25
-10.56,1.61,  	-0.16,1.04,  	-0.57,1.59,0.00,25.25
-10.57,1.65,  	-0.09,0.78,  	-0.56,1.61,0.00,25.25
-10.57,1.62,  	-0.28,0.30,  	-0.57,1.62,0.00,25.25
-10.55,1.72,  	0.01,1.41,  	-0.55,1.72,0.00,25.26
-10.55,1.72,  	0.06,1.59,  	-0.55,1.72,0.00,25.26
-10.55,1.73,  	-0.15,0.61,  	-0.55,1.72,0.00,25.25
-10.55,1.79,  	-0.22,0.73,  	-0.55,1.73,0.00,25.25
-10.55,1.83,  	-0.18,1.25,  	-0.55,1.79,0.00,25.25
-10.55,1.83,  	-0.11,1.02,  	-0.55,1.83,0.00,25.25
-10.57,1.78,  	-0.12,0.64,  	-0.55,1.83,0.00,25.25
-10.58,1.78,  	-0.40,0.02,  	-0.57,1.78,0.00,25.25
-10.62,1.81,  	-0.32,0.58,  	-0.58,1.78,0.00,25.25
-10.64,1.80,  	-0.42,0.49,  	-0.64,1.80,0.00,25.25
-10.64,1.88,  	-0.19,1.37,  	-0.64,1.88,0.00,25.26
-10.64,1.92,  	-0.15,1.51,  	-0.64,1.88,0.00,25.26
-10.65,1.92,  	-0.18,1.07,  	-0.64,1.92,0.00,25.25
-10.69,1.87,  	-0.28,0.59,  	-0.65,1.92,0.00,25.25
-10.75,1.83,  	-0.90,0.13,  	-0.75,1.83,0.00,25.25
-10.76,1.87,  	-0.31,0.94,  	-0.76,1.87,0.00,25.25
-10.78,1.85,  	-0.21,1.06,  	-0.76,1.87,0.00,25.25
-10.81,1.84,  	-0.46,0.45,  	-0.78,1.85,0.00,25.25
-10.78,1.85,  	-0.59,0.46,  	-0.81,1.84,0.00,25.25
-10.80,1.85,  	-0.37,0.61,  	-0.80,1.85,0.00,25.25
-10.82,1.81,  	-0.51,0.16,  	-0.82,1.81,0.00,25.25
-10.84,1.74,  	-0.52,0.09,  	-0.82,1.81,0.00,25.25
-10.91,1.69,  	-0.48,-0.22,  	-0.84,1.74,0.00,25.25
-10.94,1.60,  	-0.96,-0.03,  	-0.91,1.69,0.00,25.25
-10.94,1.60,  	-0.29,-0.11,  	-0.94,1.60,0.00,25.25
-10.93,1.53,  	-0.22,0.20,  	-0.93,1.53,0.00,25.25
-10.92,1.56,  	-0.22,0.24,  	-0.93,1.53,0.00,25.25
-10.90,1.56,  	-0.17,0.90,  	-0.92,1.56,0.00,25.25
-10.92,1.56,  	-0.12,0.37,  	-0.90,1.56,0.00,25.25
-10.92,1.56,  	-0.59,0.23,  	-0.92,1.56,0.00,25.25
-10.94,1.51,  	-0.23,0.26,  	-0.94,1.51,0.00,25.25
-10.90,1.48,  	-0.17,0.27,  	-0.94,1.51,0.00,25.25
-10.87,1.41,  	0.06,0.08,  	-0.90,1.48,0.00,25.25
-10.86,1.40,  	0.06,-0.23,  	-0.87,1.41,0.00,25.25
-10.86,1.40,  	-0.28,0.41,  	-0.86,1.40,0.00,25.25
-10.84,1.42,  	-0.08,0.74,  	-0.84,1.42,0.00,25.25
-10.84,1.41,  	-0.05,0.79,  	-0.84,1.42,0.00,25.25
-10.87,1.37,  	-0.28,0.26,  	-0.84,1.41,0.00,25.25
-10.87,1.33,  	-0.61,-0.00,  	-0.87,1.37,0.00,25.25
-10.86,1.32,  	-0.22,0.27,  	-0.86,1.32,0.00,25.25
-10.85,1.33,  	-0.21,0.33,  	-0.86,1.32,0.00,25.25
-10.83,1.28,  	-0.11,0.51,  	-0.85,1.33,0.00,25.25
-10.83,1.28,  	-0.07,-0.14,  	-0.83,1.28,0.00,25.25
-10.83,1.33,  	-0.26,0.41,  	-0.83,1.28,0.00,25.25
-10.82,1.37,  	-0.19,0.85,  	-0.82,1.37,0.00,25.25
-10.80,1.42,  	-0.00,0.99,  	-0.80,1.42,0.00,25.25
-10.78,1.42,  	0.02,1.01,  	-0.80,1.42,0.00,25.25
-10.77,1.44,  	-0.02,0.54,  	-0.78,1.42,0.00,25.25
-10.79,1.44,  	-0.16,0.62,  	-0.77,1.44,0.00,25.25
-10.82,1.41,  	-0.47,0.19,  	-0.82,1.41,0.00,25.25
-10.82,1.38,  	-0.34,0.08,  	-0.82,1.38,0.00,25.25
-10.82,1.37,  	-0.32,0.07,  	-0.82,1.38,0.00,25.25
-10.80,1.40,  	-0.34,0.33,  	-0.82,1.37,0.00,25.25
-10.79,1.43,  	-0.07,0.75,  	-0.80,1.40,0.00,25.25
-10.81,1.47,  	-0.37,0.92,  	-0.81,1.47,0.00,25.25
-10.81,1.47,  	-0.05,0.93,  	-0.81,1.47,0.00,25.25
-10.78,1.60,  	0.01,0.95,  	-0.78,1.52,0.00,25.25
-10.80,1.70,  	-0.29,1.39,  	-0.78,1.60,0.00,25.26
-10.80,1.76,  	-0.49,1.64,  	-0.80,1.70,0.00,25.26
-10.79,1.73,  	-0.17,0.36,  	-0.79,1.73,0.00,25.25
-10.77,1.70,  	-0.03,0.25,  	-0.77,1.70,0.00,25.25
-10.77,1.73,  	-0.01,0.26,  	-0.77,1.70,0.00,25.25
-10.80,1.71,  	-0.17,0.89,  	-0.77,1.73,0.00,25.25
-10.81,1.77,  	-0.56,0.38,  	-0.80,1.71,0.00,25.25
-10.81,1.88,  	-0.27,1.68,  	-0.81,1.88,0.00,25.26
-10.83,1.89,  	-0.38,0.85,  	-0.83,1.89,0.00,25.25
-10.85,1.91,  	-0.40,0.72,  	-0.83,1.89,0.00,25.25
-10.88,1.93,  	-0.47,0.80,  	-0.85,1.91,0.00,25.25
-10.88,1.90,  	-0.57,0.82,  	-0.88,1.93,0.00,25.25
-10.91,1.90,  	-0.56,0.60,  	-0.91,1.90,0.00,25.25
-10.94,1.89,  	-0.60,0.66,  	-0.94,1.89,0.00,25.25
-10.94,1.89,  	-0.60,0.66,  	-0.94,1.89,0.00,25.25
-10.96,1.87,  	-0.35,0.55,  	-0.94,1.89,0.00,25.25
-10.98,1.85,  	-0.53,0.36,  	-0.96,1.87,0.00,25.25
-11.02,1.84,  	-0.64,0.43,  	-1.02,1.84,0.00,25.25
-11.03,1.84,  	-0.52,0.57,  	-1.03,1.84,0.00,25.25
-11.04,1.83,  	-0.50,0.59,  	-1.03,1.84,0.00,25.25
-11.06,1.81,  	-0.44,0.44,  	-1.04,1.83,0.00,25.25
-11.06,1.76,  	-0.51,0.42,  	-1.06,1.81,0.00,25.25
-11.06,1.76,  	-0.34,0.46,  	-1.06,1.76,0.00,25.25
-11.07,1.73,  	-0.47,0.34,  	-1.07,1.73,0.00,25.25
-11.12,1.67,  	-0.49,0.32,  	-1.07,1.73,0.00,25.25
-11.16,1.56,  	-0.85,-0.11,  	-1.12,1.67,0.00,25.25
-11.15,1.55,  	-0.79,-0.67,  	-1.16,1.56,0.00,25.25
-11.15,1.57,  	-0.29,0.61,  	-1.15,1.57,0.00,25.25
-11.15,1.58,  	-0.32,0.65,  	-1.15,1.58,0.00,25.25
-11.15,1.58,  	-0.33,0.64,  	-1.15,1.58,0.00,25.25
-11.15,1.52,  	-0.36,0.40,  	-1.15,1.58,0.00,25.25
-11.14,1.53,  	-0.43,-0.02,  	-1.15,1.52,0.00,25.25
-11.14,1.54,  	-0.20,0.60,  	-1.14,1.53,0.00,25.25
-11.12,1.55,  	-0.38,0.59,  	-1.14,1.54,0.00,25.25
-11.09,1.55,  	-0.14,0.57,  	-1.12,1.55,0.00,25.25
-11.08,1.55,  	-0.05,0.52,  	-1.09,1.55,0.00,25.25
-11.08,1.62,  	-0.18,0.45,  	-1.08,1.55,0.00,25.25
-11.08,1.62,  	-0.14,1.11,  	-1.08,1.62,0.00,25.25
-11.05,1.68,  	-0.29,1.35,  	-1.05,1.68,0.00,25.25
-11.03,1.84,  	-0.32,1.41,  	-1.05,1.75,0.00,25.26
-10.99,1.91,  	-0.13,1.51,  	-1.03,1.84,0.00,25.26
-10.97,1.91,  	0.13,1.37,  	-0.99,1.91,0.00,25.25
-10.97,1.91,  	-0.20,0.60,  	-0.97,1.91,0.00,25.25
-10.96,1.92,  	-0.33,0.76,  	-0.96,1.92,0.00,25.25
-10.98,1.92,  	-0.35,0.79,  	-0.96,1.92,0.00,25.25
-10.98,1.91,  	-0.51,0.64,  	-0.98,1.92,0.00,25.25
-11.00,1.93,  	-0.38,0.42,  	-0.98,1.91,0.00,25.25
-10.98,1.94,  	-0.19,0.71,  	-0.98,1.94,0.00,25.25
-10.95,1.93,  	-0.02,0.54,  	-0.95,1.93,0.00,25.25
-10.95,1.88,  	-0.00,0.52,  	-0.95,1.93,0.00,25.25
-10.98,1.83,  	-0.27,0.03,  	-0.95,1.88,0.00,25.25
-11.00,1.82,  	-0.60,0.01,  	-0.98,1.83,0.00,25.25
-10.99,1.81,  	-0.24,0.53,  	-0.99,1.81,0.00,25.25
-10.96,1.83,  	-0.01,0.72,  	-0.96,1.83,0.00,25.25
-10.94,1.83,  	0.02,0.75,  	-0.96,1.83,0.00,25.25
-10.93,1.82,  	-0.07,0.63,  	-0.94,1.83,0.00,25.25
-10.92,1.80,  	-0.19,0.49,  	-0.93,1.82,0.00,25.25
-10.90,1.82,  	-0.09,0.70,  	-0.90,1.82,0.00,25.25
-10.90,1.80,  	-0.26,0.44,  	-0.90,1.80,0.00,25.25
-10.90,1.77,  	-0.29,0.39,  	-0.90,1.80,0.00,25.25
-10.86,1.75,  	-0.23,0.20,  	-0.90,1.77,0.00,25.25
-10.86,1.67,  	0.11,0.32,  	-0.86,1.75,0.00,25.25
-10.87,1.61,  	-6.65,-0.16,  	-20.87,1.61,0.00,25.42
-10.85,1.57,  	-6.52,0.08,  	-20.85,1.57,0.00,25.41
-10.85,1.58,  	-6.50,0.11,  	-20.85,1.57,0.00,25.41
-10.84,1.56,  	-6.48,0.62,  	-20.85,1.58,0.00,25.41
-10.83,1.50,  	-6.50,0.28,  	-20.84,1.56,0.00,25.41
-10.78,1.43,  	-6.14,-0.30,  	-20.78,1.43,0.00,25.39
-10.69,1.44,  	-5.67,0.37,  	-20.69,1.44,0.00,25.37
-10.53,1.41,  	-5.61,0.47,  	-20.69,1.44,0.00,25.37
-10.44,1.45,  	-4.82,0.16,  	-20.53,1.41,0.00,25.34
-10.40,1.40,  	-5.50,0.81,  	-20.44,1.45,0.00,25.37
-10.24,1.36,  	-4.88,-0.06,  	-20.24,1.36,0.00,25.34
-10.06,1.34,  	-4.45,0.17,  	-20.06,1.34,0.00,25.32
-9.82,1.26,  	-4.42,0.20,  	-20.06,1.34,0.00,25.32
-9.61,1.19,  	-3.75,-0.42,  	-19.82,1.26,0.00,25.30
-9.43,1.18,  	-3.96,-0.36,  	-19.61,1.19,0.00,25.31
-9.24,1.13,  	-4.05,-0.20,  	-19.24,1.13,0.00,25.31
-9.03,1.12,  	-3.76,0.06,  	-19.03,1.12,0.00,25.30
-8.77,1.13,  	-3.72,0.11,  	-19.03,1.12,0.00,25.30
-8.49,1.04,  	-3.21,0.26,  	-18.77,1.13,0.00,25.29
-8.12,1.05,  	-2.87,-0.71,  	-18.49,1.04,0.00,25.28
-7.76,1.04,  	-1.79,0.26,  	-17.76,1.04,0.00,25.26
-7.46,1.00,  	-2.12,-0.06,  	-17.46,1.00,0.00,25.27
-7.12,1.04,  	-2.18,-0.10,  	-17.46,1.00,0.00,25.27
-6.76,1.12,  	-1.84,0.81,  	-17.12,1.04,0.00,25.26
-6.37,1.18,  	-1.48,1.13,  	-16.76,1.12,0.00,25.26
-5.94,1.24,  	-0.50,1.06,  	-15.94,1.24,0.00,25.25
-5.49,1.31,  	-0.10,1.06,  	-15.49,1.31,0.00,25.25
-5.01,1.40,  	-0.06,1.05,  	-15.49,1.31,0.00,25.25
-4.58,1.49,  	0.34,1.38,  	-15.01,1.40,0.00,25.26
-4.14,1.56,  	0.02,1.42,  	-14.58,1.49,0.00,25.26
-3.72,1.65,  	0.22,1.49,  	-13.72,1.65,0.00,25.26
-3.28,1.77,  	0.48,1.77,  	-13.28,1.77,0.00,25.26
-2.85,1.90,  	0.51,1.80,  	-13.28,1.77,0.00,25.26
-2.33,2.06,  	0.58,2.00,  	-12.85,1.90,0.00,25.26
-1.85,2.18,  	1.57,2.29,  	-12.33,2.06,0.00,25.28
-1.45,2.27,  	0.74,1.68,  	-11.45,2.27,0.00,25.26
-1.03,2.45,  	0.99,2.51,  	-11.03,2.45,0.00,25.28
-0.60,2.64,  	1.03,2.64,  	-11.03,2.45,0.00,25.28
-0.14,2.86,  	1.25,2.93,  	-10.60,2.64,0.00,25.29
0.31,3.01,  	1.75,3.26,  	-10.14,2.86,0.00,25.30
0.74,3.13,  	1.70,2.28,  	-9.26,3.13,0.00,25.28
1.17,3.29,  	1.80,2.73,  	-8.83,3.29,0.00,25.29
1.57,3.40,  	1.81,2.79,  	-8.83,3.29,0.00,25.29
1.95,3.49,  	1.66,2.30,  	-8.43,3.40,0.00,25.28
2.33,3.67,  	1.52,2.17,  	-8.05,3.49,0.00,25.27
2.69,3.86,  	1.61,3.26,  	-7.31,3.86,0.00,25.30
3.07,3.98,  	1.76,2.72,  	-6.93,3.98,0.00,25.29
3.39,4.06,  	1.78,2.63,  	-6.93,3.98,0.00,25.29
3.69,4.17,  	1.39,2.19,  	-6.61,4.06,0.00,25.27
3.98,4.27,  	1.21,2.42,  	-6.31,4.17,0.00,25.28
4.29,4.36,  	1.35,2.34,  	-5.71,4.36,0.00,25.28
4.57,4.39,  	1.38,1.86,  	-5.43,4.39,0.00,25.27
4.84,4.48,  	1.37,1.79,  	-5.43,4.39,0.00,25.27
5.10,4.56,  	1.14,2.26,  	-5.16,4.48,0.00,25.27
5.37,4.62,  	1.24,2.44,  	-4.90,4.56,0.00,25.28
5.59,4.61,  	1.08,1.55,  	-4.41,4.61,0.00,25.26
5.82,4.61,  	1.05,1.50,  	-4.18,4.61,0.00,25.26
6.01,4.62,  	1.05,1.50,  	-4.18,4.61,0.00,25.26
6.22,4.60,  	0.81,1.54,  	-3.99,4.62,0.00,25.26
6.41,4.58,  	1.01,1.33,  	-3.78,4.60,0.00,25.26
6.62,4.54,  	1.20,1.12,  	-3.38,4.54,0.00,25.26
6.79,4.49,  	0.80,0.88,  	-3.21,4.49,0.00,25.25
6.95,4.45,  	0.73,0.85,  	-3.21,4.49,0.00,25.25
7.11,4.37,  	0.76,1.06,  	-3.05,4.45,0.00,25.25
7.25,4.29,  	0.79,0.58,  	-2.89,4.37,0.00,25.25
7.25,4.29,  	0.71,0.58,  	-2.75,4.29,0.00,25.25
7.40,4.22,  	0.75,0.59,  	-2.60,4.22,0.00,25.25
7.67,4.03,  	0.79,0.57,  	-2.45,4.14,0.00,25.25
7.79,3.97,  	0.55,0.10,  	-2.33,4.03,0.00,25.25
7.90,3.88,  	0.56,0.61,  	-2.21,3.97,0.00,25.25
7.99,3.77,  	0.35,0.03,  	-2.01,3.77,0.00,25.25
8.07,3.68,  	0.32,0.18,  	-1.93,3.68,0.00,25.25
8.18,3.58,  	0.32,0.21,  	-1.93,3.68,0.00,25.25
8.27,3.43,  	0.59,0.07,  	-1.82,3.58,0.00,25.25
8.35,3.30,  	0.37,-0.55,  	-1.73,3.43,0.00,25.25
8.41,3.12,  	0.21,-0.92,  	-1.59,3.12,0.00,25.25
8.51,3.00,  	0.53,-0.38,  	-1.49,3.00,0.00,25.25
8.57,2.85,  	0.58,-0.28,  	-1.49,3.00,0.00,25.25
8.64,2.71,  	0.25,-0.79,  	-1.43,2.85,0.00,25.25
8.72,2.59,  	0.32,-0.54,  	-1.36,2.71,0.00,25.25
8.83,2.49,  	0.76,-0.31,  	-1.17,2.49,0.00,25.25
8.92,2.38,  	0.60,-0.44,  	-1.08,2.38,0.00,25.25
8.98,2.25,  	0.57,-0.47,  	-1.08,2.38,0.00,25.25
9.04,2.16,  	0.34,-0.67,  	-1.02,2.25,0.00,25.25
9.11,2.06,  	0.40,-0.33,  	-0.96,2.16,0.00,25.25
9.18,1.95,  	0.51,-0.52,  	-0.82,1.95,0.00,25.25
9.25,1.83,  	0.48,-0.76,  	-0.75,1.83,0.00,25.25
9.30,1.72,  	0.47,-0.79,  	-0.75,1.83,0.00,25.25
9.32,1.61,  	0.30,-0.63,  	-0.70,1.72,0.00,25.25
9.33,1.48,  	0.04,-0.70,  	-0.68,1.61,0.00,25.25
9.33,1.39,  	-0.22,-0.62,  	-0.67,1.39,0.00,25.25
9.33,1.31,  	-0.13,-0.41,  	-0.67,1.31,0.00,25.25
9.38,1.27,  	-0.12,-0.39,  	-0.67,1.31,0.00,25.25
9.42,1.14,  	0.31,-0.02,  	-0.62,1.27,0.00,25.25
9.44,1.05,  	0.18,-0.93,  	-0.58,1.14,0.00,25.25
9.46,0.95,  	0.02,-0.72,  	-0.54,0.95,0.00,25.25
9.48,0.90,  	0.02,-0.40,  	-0.52,0.90,0.00,25.25
9.48,0.81,  	0.02,-0.35,  	-0.52,0.90,0.00,25.25
9.49,0.73,  	-0.14,-0.66,  	-0.52,0.81,0.00,25.25
9.49,0.64,  	-0.01,-0.60,  	-0.51,0.73,0.00,25.25
9.49,0.64,  	0.10,0.10,  	-0.51,0.64,0.00,25.25
9.51,0.57,  	-0.18,-0.52,  	-0.49,0.57,0.00,25.25
9.48,0.46,  	-0.23,-0.63,  	-0.49,0.57,0.00,25.25
9.48,0.42,  	-0.51,-1.03,  	-0.52,0.46,0.00,25.25
9.48,0.36,  	-0.19,-0.25,  	-0.52,0.42,0.00,25.25
9.48,0.33,  	-0.17,-0.30,  	-0.52,0.33,0.00,25.25
9.45,0.26,  	-0.43,-0.63,  	-0.55,0.26,0.00,25.25
9.45,0.21,  	-0.47,-0.69,  	-0.55,0.26,0.00,25.25
9.46,0.19,  	-0.16,-0.39,  	-0.55,0.21,0.00,25.25
9.47,0.17,  	-0.05,-0.17,  	-0.54,0.19,0.00,25.25
9.50,0.17,  	0.14,-0.03,  	-0.50,0.17,0.00,25.25
9.50,0.13,  	-0.08,-0.26,  	-0.50,0.13,0.00,25.25
9.50,0.09,  	-0.12,-0.30,  	-0.50,0.13,0.00,25.25
9.52,0.10,  	-0.24,-0.42,  	-0.50,0.09,0.00,25.25
9.51,0.03,  	0.06,0.10,  	-0.48,0.10,0.00,25.25
9.49,-0.03,  	-0.29,-0.67,  	-0.51,-0.03,0.00,25.25
9.49,-0.01,  	-0.16,0.06,  	-0.51,-0.01,0.00,25.25
9.50,-0.05,  	-0.14,0.17,  	-0.51,-0.01,0.00,25.25
9.52,-0.05,  	-0.07,-0.43,  	-0.50,-0.05,0.00,25.25
9.52,-0.02,  	-0.06,-0.09,  	-0.48,-0.05,0.00,25.25
9.50,-0.02,  	-0.25,0.07,  	-0.50,-0.02,0.00,25.25
9.50,-0.03,  	-0.26,0.05,  	-0.50,-0.02,0.00,25.25
9.53,-0.03,  	-0.16,-0.10,  	-0.50,-0.03,0.00,25.25
9.56,0.00,  	0.11,0.00,  	-0.47,-0.03,0.00,25.25
9.56,0.04,  	0.15,0.40,  	-0.44,0.00,0.00,25.25
9.55,0.04,  	-0.25,0.04,  	-0.45,0.04,0.00,25.25
9.52,0.01,  	-0.42,-0.23,  	-0.48,0.01,0.00,25.25
9.49,0.03,  	-0.44,-0.27,  	-0.48,0.01,0.00,25.25
9.49,0.02,  	-0.41,0.16,  	-0.51,0.03,0.00,25.25
9.48,0.02,  	-0.19,0.05,  	-0.51,0.02,0.00,25.25
9.48,0.02,  	-0.37,-0.59,  	-0.52,0.02,0.00,25.25
9.47,-0.02,  	-0.05,-0.01,  	-0.53,-0.02,0.00,25.25
9.49,0.01,  	0.00,0.10,  	-0.53,-0.02,0.00,25.25
9.48,0.08,  	-0.01,0.38,  	-0.51,0.01,0.00,25.25
9.47,0.14,  	-0.26,0.72,  	-0.52,0.08,0.00,25.25
9.47,0.14,  	-0.35,0.16,  	-0.53,0.14,0.00,25.25
9.45,0.15,  	-0.17,0.21,  	-0.55,0.15,0.00,25.25
9.45,0.20,  	-0.14,0.23,  	-0.55,0.15,0.00,25.25
9.44,0.23,  	-0.17,0.60,  	-0.55,0.20,0.00,25.25
9.42,0.26,  	-0.26,0.31,  	-0.56,0.23,0.00,25.25
9.42,0.30,  	-0.22,0.43,  	-0.58,0.30,0.00,25.25
9.44,0.32,  	-0.01,0.42,  	-0.56,0.32,0.00,25.25
9.43,0.33,  	0.01,0.41,  	-0.56,0.32,0.00,25.25
9.43,0.40,  	-0.24,0.23,  	-0.57,0.33,0.00,25.25
9.43,0.50,  	-0.28,0.83,  	-0.57,0.40,0.00,25.25
9.44,0.55,  	-0.03,0.86,  	-0.56,0.55,0.00,25.25
9.44,0.57,  	-0.16,0.39,  	-0.56,0.57,0.00,25.25
9.44,0.58,  	-0.18,0.33,  	-0.56,0.57,0.00,25.25
9.44,0.59,  	-0.18,0.32,  	-0.56,0.58,0.00,25.25
9.43,0.61,  	-0.19,0.28,  	-0.56,0.59,0.00,25.25
9.44,0.61,  	-0.25,0.37,  	-0.57,0.61,0.00,25.25
9.44,0.61,  	-0.08,0.15,  	-0.56,0.61,0.00,25.25
9.47,0.70,  	-0.18,0.13,  	-0.56,0.61,0.00,25.25
9.47,0.73,  	0.08,1.13,  	-0.53,0.70,0.00,25.25
9.48,0.77,  	-0.21,0.65,  	-0.53,0.73,0.00,25.25
9.46,0.79,  	-0.34,0.47,  	-0.54,0.79,0.00,25.25
9.44,0.81,  	-0.39,0.45,  	-0.56,0.81,0.00,25.25
9.44,0.84,  	-0.39,0.45,  	-0.56,0.81,0.00,25.25
9.44,0.83,  	-0.17,0.54,  	-0.56,0.84,0.00,25.25
9.42,0.71,  	-0.15,0.20,  	-0.56,0.83,0.00,25.25
9.42,0.68,  	-0.16,-0.30,  	-0.58,0.68,0.00,25.25
9.43,0.70,  	-0.06,0.38,  	-0.57,0.70,0.00,25.25
9.43,0.68,  	-0.05,0.46,  	-0.57,0.70,0.00,25.25
9.42,0.66,  	-0.20,0.03,  	-0.57,0.68,0.00,25.25
9.43,0.68,  	-0.30,0.04,  	-0.58,0.66,0.00,25.25
9.43,0.68,  	-0.07,-0.24,  	-0.57,0.68,0.00,25.25
9.44,0.63,  	-0.07,-0.21,  	-0.56,0.63,0.00,25.25
9.46,0.59,  	-0.06,-0.20,  	-0.55,0.59,0.00,25.25
9.48,0.58,  	-0.05,0.09,  	-0.54,0.59,0.00,25.25
9.51,0.55,  	0.04,0.07,  	-0.52,0.58,0.00,25.25
9.55,0.55,  	0.26,0.11,  	-0.45,0.55,0.00,25.25
9.57,0.53,  	0.08,-0.02,  	-0.43,0.53,0.00,25.25
9.56,0.46,  	0.06,-0.04,  	-0.43,0.53,0.00,25.25
9.56,0.39,  	-0.24,-0.66,  	-0.44,0.46,0.00,25.25
9.57,0.34,  	-0.17,-0.68,  	-0.44,0.39,0.00,25.25
9.59,0.34,  	0.11,0.06,  	-0.41,0.34,0.00,25.25
9.61,0.33,  	0.06,-0.01,  	-0.39,0.33,0.00,25.25
9.63,0.33,  	0.05,-0.04,  	-0.39,0.33,0.00,25.25
9.65,0.29,  	0.11,0.12,  	-0.37,0.33,0.00,25.25
9.67,0.29,  	0.11,-0.20,  	-0.35,0.29,0.00,25.25
9.66,0.25,  	-0.21,-0.38,  	-0.34,0.25,0.00,25.25
9.66,0.25,  	-0.12,-0.04,  	-0.34,0.25,0.00,25.25
9.69,0.27,  	-0.10,0.02,  	-0.34,0.25,0.00,25.25
9.71,0.27,  	0.18,0.23,  	-0.31,0.27,0.00,25.25
9.70,0.19,  	0.13,0.06,  	-0.29,0.27,0.00,25.25
9.71,0.15,  	-0.02,-0.37,  	-0.29,0.15,0.00,25.25
9.69,0.12,  	-0.21,-0.31,  	-0.31,0.12,0.00,25.25
9.69,0.12,  	-0.24,-0.31,  	-0.31,0.12,0.00,25.25
9.72,0.16,  	-0.10,0.07,  	-0.31,0.12,0.00,25.25
9.73,0.16,  	0.17,0.47,  	-0.28,0.16,0.00,25.25
9.77,0.21,  	0.26,0.50,  	-0.23,0.21,0.00,25.25
9.81,0.21,  	0.38,0.20,  	-0.19,0.21,0.00,25.25
9.84,0.23,  	0.39,0.15,  	-0.19,0.21,0.00,25.25
9.83,0.28,  	0.23,0.32,  	-0.16,0.23,0.00,25.25
9.81,0.20,  	-0.10,0.50,  	-0.17,0.28,0.00,25.25
9.81,0.19,  	-0.09,-0.13,  	-0.19,0.19,0.00,25.25
9.81,0.20,  	-0.06,-0.04,  	-0.19,0.19,0.00,25.25
9.82,0.22,  	-0.05,0.14,  	-0.19,0.20,0.00,25.25
9.85,0.23,  	0.02,0.28,  	-0.18,0.22,0.00,25.25
9.81,0.18,  	0.24,0.19,  	-0.15,0.23,0.00,25.25
9.79,0.18,  	-0.28,0.01,  	-0.21,0.18,0.00,25.25
9.79,0.19,  	-0.04,0.12,  	-0.21,0.19,0.00,25.25
9.78,0.22,  	-0.01,0.13,  	-0.21,0.19,0.00,25.25
9.78,0.23,  	-0.23,0.31,  	-0.22,0.22,0.00,25.25
9.76,0.21,  	-0.12,0.22,  	-0.22,0.23,0.00,25.25
9.78,0.17,  	0.03,-0.41,  	-0.22,0.17,0.00,25.25
9.78,0.12,  	-0.07,-0.46,  	-0.22,0.12,0.00,25.25
9.72,0.06,  	-0.09,-0.46,  	-0.22,0.12,0.00,25.25
9.66,0.00,  	-0.69,-0.65,  	-0.28,0.06,0.00,25.25
9.61,-0.09,  	-0.69,-0.58,  	-0.34,0.00,0.00,25.25
9.60,-0.11,  	-0.31,-0.36,  	-0.40,-0.11,0.00,25.25
9.59,-0.15,  	-0.29,-0.38,  	-0.41,-0.15,0.00,25.25
9.55,-0.21,  	-0.29,-0.39,  	-0.41,-0.15,0.00,25.25
9.54,-0.18,  	-0.44,-0.76,  	-0.45,-0.21,0.00,25.25
9.52,-0.19,  	-0.34,0.24,  	-0.46,-0.18,0.00,25.25
9.49,-0.25,  	-0.41,-0.69,  	-0.51,-0.25,0.00,25.25
9.49,-0.32,  	-0.23,-0.82,  	-0.51,-0.32,0.00,25.25
9.49,-0.36,  	-0.20,-0.83,  	-0.51,-0.32,0.00,25.25
9.47,-0.43,  	-0.27,-0.57,  	-0.51,-0.36,0.00,25.25
9.47,-0.48,  	-0.36,-0.89,  	-0.53,-0.43,0.00,25.25
9.44,-0.52,  	-0.35,-0.58,  	-0.56,-0.52,0.00,25.25
9.42,-0.57,  	-0.47,-0.71,  	-0.58,-0.57,0.00,25.25
9.38,-0.59,  	-0.48,-0.74,  	-0.58,-0.57,0.00,25.25
9.34,-0.61,  	-0.59,-0.44,  	-0.62,-0.59,0.00,25.25
9.32,-0.67,  	-0.68,-0.41,  	-0.66,-0.61,0.00,25.25
9.32,-0.67,  	-0.45,-1.11,  	-0.68,-0.67,0.00,25.25
9.30,-0.76,  	-0.29,-0.91,  	-0.70,-0.76,0.00,25.25
9.30,-0.84,  	-0.26,-0.89,  	-0.70,-0.81,0.00,25.25
9.29,-0.87,  	-0.14,-0.49,  	-0.70,-0.84,0.00,25.25
9.26,-0.89,  	-0.34,-0.65,  	-0.71,-0.87,0.00,25.25
9.26,-0.89,  	-0.39,-0.06,  	-0.74,-0.89,0.00,25.25
9.23,-0.89,  	-0.40,-0.54,  	-0.77,-0.89,0.00,25.25
9.21,-0.91,  	-0.41,-0.63,  	-0.77,-0.89,0.00,25.25
9.19,-0.95,  	-0.41,-0.49,  	-0.79,-0.91,0.00,25.25
9.16,-0.99,  	-0.51,-0.70,  	-0.81,-0.95,0.00,25.25
9.16,-0.97,  	-0.26,-0.10,  	-0.84,-0.97,0.00,25.25
9.16,-0.99,  	-0.26,-0.46,  	-0.84,-0.99,0.00,25.25
9.15,-1.03,  	-0.26,-0.53,  	-0.84,-0.99,0.00,25.25
9.14,-1.01,  	-0.40,-0.78,  	-0.85,-1.03,0.00,25.25
9.16,-0.99,  	-0.37,-0.23,  	-0.86,-1.01,0.00,25.25
9.14,-1.04,  	-0.15,-0.04,  	-0.84,-0.99,0.00,25.25
9.14,-1.05,  	-0.24,-0.49,  	-0.86,-1.05,0.00,25.25
9.14,-1.09,  	-0.22,-0.43,  	-0.86,-1.05,0.00,25.25
9.14,-1.14,  	-0.23,-0.74,  	-0.86,-1.09,0.00,25.25
9.13,-1.17,  	-0.32,-0.83,  	-0.86,-1.14,0.00,25.25
9.12,-1.18,  	-0.40,-0.51,  	-0.88,-1.18,0.00,25.25
9.09,-1.21,  	-0.59,-0.65,  	-0.91,-1.21,0.00,25.25
9.07,-1.17,  	-0.62,-0.68,  	-0.91,-1.21,0.00,25.25
9.07,-1.21,  	-0.48,-0.01,  	-0.93,-1.17,0.00,25.25
9.08,-1.23,  	-0.36,-0.76,  	-0.93,-1.21,0.00,25.25
9.09,-1.25,  	-0.18,-0.63,  	-0.91,-1.25,0.00,25.25
9.08,-1.26,  	-0.35,-0.55,  	-0.92,-1.26,0.00,25.25
9.05,-1.30,  	-0.38,-0.53,  	-0.92,-1.26,0.00,25.25
9.05,-1.29,  	-0.60,-0.82,  	-0.95,-1.30,0.00,25.25
9.07,-1.25,  	-0.29,-0.32,  	-0.95,-1.29,0.00,25.25
9.09,-1.27,  	-0.13,-0.56,  	-0.91,-1.27,0.00,25.25
9.11,-1.23,  	-0.08,-0.01,  	-0.89,-1.23,0.00,25.25
9.11,-1.18,  	-0.07,0.08,  	-0.89,-1.23,0.00,25.25
9.13,-1.13,  	-0.31,0.09,  	-0.89,-1.18,0.00,25.25
9.13,-1.14,  	-0.04,0.29,  	-0.87,-1.13,0.00,25.25
9.14,-1.12,  	-0.17,-0.18,  	-0.86,-1.12,0.00,25.25
9.14,-1.15,  	-0.33,-0.59,  	-0.86,-1.15,0.00,25.25
9.16,-1.10,  	-0.35,-0.65,  	-0.86,-1.15,0.00,25.25
9.18,-1.02,  	-0.04,0.14,  	-0.84,-1.10,0.00,25.25
9.19,-0.96,  	-0.04,0.54,  	-0.82,-1.02,0.00,25.25
9.19,-0.90,  	-0.24,0.27,  	-0.81,-0.90,0.00,25.25
9.21,-0.81,  	-0.11,0.73,  	-0.79,-0.81,0.00,25.25
9.21,-0.75,  	-0.09,0.80,  	-0.79,-0.81,0.00,25.25
9.21,-0.70,  	-0.25,0.44,  	-0.79,-0.75,0.00,25.25
9.19,-0.71,  	-0.25,0.27,  	-0.79,-0.70,0.00,25.25
9.19,-0.70,  	-0.25,-0.06,  	-0.81,-0.70,0.00,25.25
9.20,-0.66,  	-0.18,0.11,  	-0.80,-0.66,0.00,25.25
9.20,-0.55,  	-0.18,0.13,  	-0.80,-0.66,0.00,25.25
9.19,-0.50,  	-0.20,1.07,  	-0.80,-0.55,0.00,25.25
9.19,-0.43,  	-0.39,0.34,  	-0.81,-0.50,0.00,25.25
9.19,-0.34,  	-0.17,0.85,  	-0.81,-0.34,0.00,25.25
9.19,-0.31,  	-0.23,0.33,  	-0.81,-0.31,0.00,25.25
9.16,-0.33,  	-0.24,0.24,  	-0.81,-0.31,0.00,25.25
9.19,-0.30,  	-0.56,-0.29,  	-0.84,-0.33,0.00,25.25
9.17,-0.28,  	-0.04,0.24,  	-0.81,-0.30,0.00,25.25
9.16,-0.30,  	-0.34,-0.25,  	-0.84,-0.30,0.00,25.25
9.16,-0.32,  	-0.29,-0.35,  	-0.84,-0.32,0.00,25.25
9.16,-0.30,  	-0.28,-0.36,  	-0.84,-0.32,0.00,25.25
9.19,-0.21,  	-0.24,0.10,  	-0.84,-0.30,0.00,25.25
9.20,-0.10,  	-0.04,0.87,  	-0.81,-0.21,0.00,25.25
9.20,-0.08,  	-0.20,0.36,  	-0.80,-0.08,0.00,25.25
9.25,0.01,  	0.23,0.92,  	-0.75,0.01,0.00,25.25
9.28,0.11,  	0.30,1.02,  	-0.75,0.01,0.00,25.25
9.29,0.11,  	0.10,1.08,  	-0.72,0.11,0.00,25.25
9.31,0.17,  	-0.11,0.05,  	-0.71,0.11,0.00,25.25
9.36,0.25,  	0.24,0.86,  	-0.64,0.25,0.00,25.25
9.40,0.25,  	0.31,0.24,  	-0.60,0.25,0.00,25.25
9.41,0.28,  	0.31,0.14,  	-0.60,0.25,0.00,25.25
9.43,0.33,  	-0.04,0.35,  	-0.59,0.28,0.00,25.25
9.44,0.37,  	-0.09,0.61,  	-0.57,0.33,0.00,25.25
9.48,0.41,  	0.19,0.56,  	-0.52,0.41,0.00,25.25
9.48,0.41,  	-0.15,0.24,  	-0.52,0.41,0.00,25.25
9.48,0.46,  	-0.21,0.19,  	-0.52,0.41,0.00,25.25
9.49,0.57,  	-0.15,0.67,  	-0.52,0.46,0.00,25.25
9.49,0.60,  	6.27,1.42,  	19.49,0.57,0.00,25.41
9.48,0.61,  	6.10,0.21,  	19.48,0.61,0.00,25.39
9.48,0.64,  	6.08,0.54,  	19.48,0.64,0.00,25.39
9.48,0.70,  	6.08,0.59,  	19.48,0.64,0.00,25.39
9.46,0.74,  	6.19,0.85,  	19.48,0.70,0.00,25.40
9.36,0.76,  	5.93,0.65,  	19.46,0.74,0.00,25.38
9.27,0.72,  	5.03,-0.12,  	19.27,0.72,0.00,25.34
9.18,0.70,  	5.16,-0.07,  	19.18,0.70,0.00,25.35
9.02,0.74,  	5.18,-0.05,  	19.18,0.70,0.00,25.35
8.85,0.83,  	4.33,0.58,  	19.02,0.74,0.00,25.32
8.64,0.91,  	4.10,1.26,  	18.85,0.83,0.00,25.32
8.46,1.00,  	3.93,1.29,  	18.46,1.00,0.00,25.31
8.31,1.03,  	4.14,0.80,  	18.31,1.03,0.00,25.32
8.16,1.14,  	4.17,0.73,  	18.31,1.03,0.00,25.32
7.95,1.25,  	4.14,1.38,  	18.16,1.14,0.00,25.32
7.63,1.33,  	3.43,1.52,  	17.95,1.25,0.00,25.30
7.63,1.33,  	2.39,1.07,  	17.63,1.33,0.00,25.27
7.33,1.39,  	2.36,1.44,  	17.33,1.39,0.00,25.28
6.76,1.58,  	2.28,1.52,  	17.05,1.49,0.00,25.28
6.40,1.61,  	2.22,1.53,  	16.76,1.58,0.00,25.28
6.04,1.60,  	1.33,0.87,  	16.40,1.61,0.00,25.26
5.65,1.62,  	0.77,0.66,  	15.65,1.62,0.00,25.25
5.23,1.67,  	0.40,1.02,  	15.23,1.67,0.00,25.25
4.75,1.73,  	0.36,1.07,  	15.23,1.67,0.00,25.25
4.24,1.66,  	-0.38,1.11,  	14.75,1.73,0.00,25.25
3.81,1.66,  	-0.92,-0.14,  	14.24,1.66,0.00,25.25
3.41,1.65,  	-0.13,0.50,  	13.41,1.65,0.00,25.25
2.93,1.61,  	-0.90,0.07,  	12.93,1.61,0.00,25.25
2.43,1.56,  	-1.01,0.00,  	12.93,1.61,0.00,25.25
1.92,1.53,  	-1.39,-0.06,  	12.43,1.56,0.00,25.26
1.41,1.38,  	-1.73,0.16,  	11.92,1.53,0.00,25.26
0.90,1.25,  	-1.91,-0.99,  	10.90,1.25,0.00,25.27
0.43,1.17,  	-1.81,-0.51,  	10.43,1.17,0.00,25.26
-0.04,1.06,  	-1.78,-0.44,  	10.43,1.17,0.00,25.26
-0.54,0.90,  	-1.96,-0.87,  	9.96,1.06,0.00,25.27
-1.03,0.75,  	-2.39,-1.46,  	9.46,0.90,0.00,25.28
-1.48,0.62,  	-2.23,-1.17,  	8.52,0.62,0.00,25.27
-1.98,0.49,  	-2.70,-1.29,  	8.02,0.49,0.00,25.28
-2.46,0.34,  	-2.76,-1.31,  	8.02,0.49,0.00,25.28
-2.90,0.24,  	-2.78,-1.49,  	7.54,0.34,0.00,25.29
-3.32,0.10,  	-2.55,-1.06,  	7.10,0.24,0.00,25.28
-3.73,-0.11,  	-2.38,-2.12,  	6.27,-0.11,0.00,25.29
-4.12,-0.26,  	-2.36,-1.77,  	5.88,-0.26,0.00,25.28
-4.48,-0.41,  	-2.34,-1.70,  	5.88,-0.26,0.00,25.28
-4.87,-0.53,  	-2.21,-1.78,  	5.52,-0.41,0.00,25.28
-5.27,-0.65,  	-2.45,-1.46,  	5.13,-0.53,0.00,25.28
-5.65,-0.81,  	-2.70,-1.95,  	4.35,-0.81,0.00,25.29
-5.97,-0.97,  	-2.29,-2.00,  	4.03,-0.97,0.00,25.28
-6.26,-1.09,  	-2.22,-1.99,  	4.03,-0.97,0.00,25.28
-6.54,-1.17,  	-1.87,-1.65,  	3.74,-1.09,0.00,25.27
-6.84,-1.25,  	-1.91,-1.30,  	3.46,-1.17,0.00,25.27
-7.11,-1.35,  	-2.06,-1.46,  	2.89,-1.35,0.00,25.27
-7.37,-1.41,  	-1.99,-1.14,  	2.63,-1.41,0.00,25.27
-7.62,-1.46,  	-1.98,-1.09,  	2.63,-1.41,0.00,25.27
-7.83,-1.53,  	-1.94,-0.99,  	2.38,-1.46,0.00,25.27
-8.01,-1.61,  	-1.53,-1.21,  	2.17,-1.53,0.00,25.26
-8.01,-1.61,  	-1.28,-1.48,  	1.99,-1.61,0.00,25.26
-8.19,-1.70,  	-1.40,-1.19,  	1.81,-1.70,0.00,25.26
-8.55,-1.78,  	-1.47,-1.16,  	1.63,-1.75,0.00,25.26
-8.70,-1.82,  	-1.44,-0.84,  	1.45,-1.78,0.00,25.26
-8.83,-1.80,  	-1.27,-0.98,  	1.30,-1.82,0.00,25.26
-8.94,-1.79,  	-0.81,-0.45,  	1.06,-1.79,0.00,25.25
-9.04,-1.77,  	-0.81,-0.44,  	0.96,-1.77,0.00,25.25
-9.15,-1.74,  	-0.81,-0.44,  	0.96,-1.77,0.00,25.25
-9.23,-1.65,  	-0.85,-0.15,  	0.85,-1.74,0.00,25.25
-9.34,-1.57,  	-0.70,0.47,  	0.77,-1.65,0.00,25.25
-9.42,-1.44,  	-0.76,0.81,  	0.58,-1.44,0.00,25.25
-9.49,-1.33,  	-0.61,0.81,  	0.51,-1.33,0.00,25.25
-9.57,-1.21,  	-0.59,0.80,  	0.51,-1.33,0.00,25.25
-9.61,-1.06,  	-0.73,0.88,  	0.43,-1.21,0.00,25.25
-9.68,-0.92,  	-0.34,1.30,  	0.39,-1.06,0.00,25.25
-9.75,-0.81,  	-0.75,0.93,  	0.25,-0.81,0.00,25.25
-9.82,-0.65,  	-0.67,1.48,  	0.18,-0.65,0.00,25.26
-9.87,-0.49,  	-0.66,1.57,  	0.18,-0.65,0.00,25.26
-9.94,-0.37,  	-0.47,1.61,  	0.13,-0.49,0.00,25.26
-10.01,-0.25,  	-0.75,1.17,  	0.06,-0.37,0.00,25.25
-10.10,-0.15,  	-0.93,1.04,  	-0.10,-0.15,0.00,25.25
-10.18,-0.02,  	-0.88,1.39,  	-0.18,-0.02,0.00,25.26
-10.27,0.04,  	-0.86,1.45,  	-0.18,-0.02,0.00,25.26
-10.34,0.15,  	-1.05,0.68,  	-0.27,0.04,0.00,25.25
-10.44,0.19,  	-0.94,1.17,  	-0.34,0.15,0.00,25.26
-10.51,0.32,  	-0.90,1.39,  	-0.51,0.32,0.00,25.26
-10.57,0.46,  	-0.85,1.60,  	-0.57,0.46,0.00,25.26
-10.66,0.57,  	-0.84,1.61,  	-0.57,0.46,0.00,25.26
-10.72,0.67,  	-1.14,1.40,  	-0.66,0.57,0.00,25.26
-10.76,0.82,  	-0.89,1.37,  	-0.72,0.67,0.00,25.26
-10.83,0.92,  	-1.01,1.43,  	-0.83,0.92,0.00,25.26
-10.90,1.11,  	-0.96,2.34,  	-0.90,1.11,0.00,25.27
-10.95,1.22,  	-0.94,2.48,  	-0.90,1.11,0.00,25.27
-11.01,1.28,  	-0.86,1.65,  	-0.95,1.22,0.00,25.26
-11.05,1.38,  	-0.96,1.09,  	-1.01,1.28,0.00,25.26
-11.08,1.46,  	-0.70,1.34,  	-1.08,1.46,0.00,25.26
-11.13,1.53,  	-0.85,1.24,  	-1.13,1.53,0.00,25.26
-11.17,1.60,  	-0.87,1.23,  	-1.13,1.53,0.00,25.26
-11.24,1.61,  	-0.77,1.28,  	-1.17,1.60,0.00,25.26
-11.27,1.69,  	-1.09,0.68,  	-1.24,1.61,0.00,25.25
-11.30,1.73,  	-0.80,1.08,  	-1.30,1.73,0.00,25.25
-11.37,1.79,  	-1.03,1.21,  	-1.37,1.79,0.00,25.26
-11.40,1.86,  	-1.07,1.23,  	-1.37,1.79,0.00,25.26
-11.44,1.92,  	-0.77,1.41,  	-1.40,1.86,0.00,25.26
-11.47,1.95,  	-0.91,1.23,  	-1.44,1.92,0.00,25.26
-11.50,1.97,  	-0.77,0.87,  	-1.50,1.97,0.00,25.25
-11.48,2.00,  	-0.42,0.81,  	-1.48,2.00,0.00,25.25
-11.50,2.02,  	-0.37,0.81,  	-1.48,2.00,0.00,25.25
-11.52,2.06,  	-0.57,0.87,  	-1.50,2.02,0.00,25.25
-11.54,2.11,  	-0.79,1.06,  	-1.52,2.06,0.00,25.25
-11.56,2.16,  	-0.69,1.26,  	-1.56,2.16,0.00,25.26
-11.57,2.23,  	-0.58,1.51,  	-1.57,2.23,0.00,25.26
-11.57,2.28,  	-0.56,1.54,  	-1.57,2.23,0.00,25.26
-11.57,2.33,  	-0.53,1.27,  	-1.57,2.28,0.00,25.25
-11.58,2.34,  	-0.44,1.27,  	-1.57,2.33,0.00,25.25
-11.58,2.34,  	-0.57,0.90,  	-1.58,2.34,0.00,25.25
-11.60,2.34,  	-0.47,0.66,  	-1.58,2.34,0.00,25.25
-11.61,2.34,  	-0.72,0.73,  	-1.60,2.34,0.00,25.25
-11.62,2.34,  	-0.69,0.81,  	-1.61,2.34,0.00,25.25
-11.60,2.44,  	-0.58,0.72,  	-1.62,2.34,0.00,25.25
-11.61,2.40,  	-0.58,0.53,  	-1.61,2.40,0.00,25.25
-11.62,2.36,  	-0.61,0.40,  	-1.62,2.36,0.00,25.25
-11.63,2.37,  	-0.60,0.41,  	-1.62,2.36,0.00,25.25
-11.63,2.39,  	-0.66,0.69,  	-1.63,2.37,0.00,25.25
-11.61,2.43,  	-0.56,0.95,  	-1.63,2.39,0.00,25.25
-11.58,2.46,  	-0.17,1.08,  	-1.58,2.46,0.00,25.25
-11.55,2.52,  	-0.17,1.40,  	-1.55,2.52,0.00,25.26
-11.53,2.57,  	-0.17,1.45,  	-1.55,2.52,0.00,25.26
-11.53,2.59,  	-0.28,1.38,  	-1.53,2.57,0.00,25.26
-11.53,2.61,  	-0.45,1.04,  	-1.53,2.59,0.00,25.25
-11.55,2.64,  	-0.64,1.11,  	-1.55,2.64,0.00,25.25
-11.54,2.63,  	-0.38,0.74,  	-1.54,2.63,0.00,25.25
-11.51,2.63,  	-0.34,0.69,  	-1.54,2.63,0.00,25.25
-11.48,2.64,  	-0.24,0.81,  	-1.51,2.63,0.00,25.25
-11.47,2.67,  	-0.19,0.93,  	-1.48,2.64,0.00,25.25
-11.48,2.69,  	-0.52,1.09,  	-1.48,2.69,0.00,25.25
-11.46,2.74,  	-0.23,1.35,  	-1.46,2.74,0.00,25.25
-11.46,2.80,  	-0.19,1.40,  	-1.46,2.74,0.00,25.26
-11.46,2.82,  	-0.48,1.52,  	-1.46,2.80,0.00,25.26
-11.44,2.80,  	-0.54,1.09,  	-1.46,2.82,0.00,25.25
-11.44,2.80,  	-0.27,0.31,  	-1.44,2.80,0.00,25.25
-11.42,2.74,  	-0.17,0.39,  	-1.42,2.74,0.00,25.25
-11.39,2.68,  	-0.15,0.40,  	-1.39,2.70,0.00,25.25
-11.36,2.69,  	-0.41,0.61,  	-1.39,2.68,0.00,25.25
-11.34,2.72,  	-0.12,0.90,  	-1.36,2.69,0.00,25.25
-11.31,2.77,  	-0.17,1.33,  	-1.31,2.77,0.00,25.25
-11.29,2.79,  	-0.24,1.10,  	-1.29,2.79,0.00,25.25
-11.27,2.79,  	-0.25,1.06,  	-1.29,2.79,0.00,25.25
-11.26,2.77,  	-0.13,0.97,  	-1.27,2.79,0.00,25.25
-11.26,2.77,  	-0.28,0.59,  	-1.26,2.77,0.00,25.25
-11.27,2.74,  	-0.45,0.58,  	-1.27,2.74,0.00,25.25
-11.26,2.74,  	-0.34,0.77,  	-1.26,2.74,0.00,25.25
-11.22,2.72,  	-0.32,0.81,  	-1.26,2.74,0.00,25.25
-11.21,2.74,  	-0.02,0.74,  	-1.22,2.72,0.00,25.25
-11.20,2.70,  	-0.25,0.96,  	-1.21,2.74,0.00,25.25
-11.20,2.66,  	-0.36,0.39,  	-1.20,2.66,0.00,25.25
-11.21,2.64,  	-0.50,0.65,  	-1.21,2.64,0.00,25.25
-11.21,2.63,  	-0.52,0.69,  	-1.21,2.64,0.00,25.25
-11.19,2.61,  	-0.39,0.65,  	-1.21,2.63,0.00,25.25
-11.17,2.59,  	-0.15,0.60,  	-1.19,2.61,0.00,25.25
-11.17,2.56,  	-0.39,0.50,  	-1.17,2.56,0.00,25.25
-11.17,2.54,  	-0.38,0.62,  	-1.17,2.54,0.00,25.25
-11.15,2.56,  	-0.38,0.64,  	-1.17,2.54,0.00,25.25
-11.14,2.59,  	-0.13,0.94,  	-1.15,2.56,0.00,25.25
-11.14,2.56,  	-0.22,1.14,  	-1.14,2.59,0.00,25.25
-11.10,2.59,  	-0.04,1.03,  	-1.10,2.59,0.00,25.25
-11.05,2.62,  	0.14,1.09,  	-1.05,2.62,0.00,25.25
-11.04,2.58,  	0.15,1.09,  	-1.05,2.62,0.00,25.25
-11.04,2.55,  	-0.20,0.41,  	-1.04,2.58,0.00,25.25
-11.07,2.48,  	-0.29,0.53,  	-1.04,2.55,0.00,25.25
-11.04,2.44,  	-0.13,0.32,  	-1.04,2.44,0.00,25.25
-11.01,2.42,  	-0.02,0.49,  	-1.01,2.42,0.00,25.25
-11.00,2.35,  	-0.02,0.51,  	-1.01,2.42,0.00,25.25
-10.99,2.29,  	-0.17,0.00,  	-1.00,2.35,0.00,25.25
-10.98,2.25,  	-0.21,-0.03,  	-0.99,2.29,0.00,25.25
-10.96,2.26,  	-0.14,0.72,  	-0.96,2.26,0.00,25.25
-10.96,2.21,  	-0.25,0.24,  	-0.96,2.21,0.00,25.25
-10.97,2.23,  	-0.27,0.16,  	-0.96,2.21,0.00,25.25
-10.95,2.23,  	-0.42,0.94,  	-0.97,2.23,0.00,25.25
-10.90,2.21,  	-0.04,0.76,  	-0.95,2.23,0.00,25.25
-10.90,2.21,  	0.31,0.74,  	-0.90,2.21,0.00,25.25
-10.84,2.21,  	0.14,0.83,  	-0.84,2.21,0.00,25.25
-10.79,2.21,  	0.12,0.83,  	-0.81,2.23,0.00,25.25
-10.76,2.14,  	-0.02,0.48,  	-0.79,2.21,0.00,25.25
-10.71,2.14,  	0.04,-0.00,  	-0.76,2.14,0.00,25.25
-10.71,2.14,  	0.32,0.50,  	-0.71,2.14,0.00,25.25
-10.62,2.10,  	0.25,0.38,  	-0.62,2.10,0.00,25.25
-10.59,2.10,  	0.23,0.37,  	-0.62,2.10,0.00,25.25
-10.55,2.07,  	0.11,0.70,  	-0.59,2.10,0.00,25.25
-10.52,2.04,  	0.26,0.37,  	-0.55,2.07,0.00,25.25
-10.55,2.05,  	-0.30,0.75,  	-0.55,2.05,0.00,25.25
-10.52,2.11,  	0.01,1.26,  	-0.52,2.11,0.00,25.25
-10.46,2.12,  	0.06,1.32,  	-0.52,2.11,0.00,25.25
-10.41,2.03,  	0.46,0.73,  	-0.46,2.12,0.00,25.25
-10.37,2.01,  	0.39,-0.20,  	-0.41,2.03,0.00,25.25
-10.34,1.99,  	0.21,0.42,  	-0.34,1.99,0.00,25.25
-10.31,2.00,  	0.27,0.68,  	-0.31,2.00,0.00,25.25
-10.27,1.97,  	0.28,0.72,  	-0.31,2.00,0.00,25.25
-10.26,1.99,  	0.27,0.40,  	-0.27,1.97,0.00,25.25
-10.20,2.05,  	0.04,0.77,  	-0.26,1.99,0.00,25.25
-10.14,2.08,  	0.52,1.08,  	-0.14,2.08,0.00,25.25
-10.14,2.08,  	0.02,0.66,  	-0.14,2.08,0.00,25.25
-10.12,2.08,  	-0.05,0.60,  	-0.14,2.08,0.00,25.25
-10.12,2.07,  	0.22,0.60,  	-0.12,2.08,0.00,25.25
-10.13,2.06,  	-0.05,0.54,  	-0.12,2.07,0.00,25.25
-10.13,2.06,  	-0.08,0.08,  	-0.13,2.06,0.00,25.25
-10.09,1.99,  	0.28,0.44,  	-0.09,1.99,0.00,25.25
-10.07,1.97,  	0.33,0.51,  	-0.09,1.99,0.00,25.25
-10.07,1.90,  	0.28,0.35,  	-0.07,1.97,0.00,25.25
-10.07,1.88,  	-0.08,-0.07,  	-0.07,1.90,0.00,25.25
-10.07,1.88,  	0.01,0.27,  	-0.07,1.88,0.00,25.25
-10.07,1.90,  	-0.01,1.17,  	-0.07,1.90,0.00,25.25
-10.10,1.90,  	-0.01,1.30,  	-0.07,1.90,0.00,25.25
-10.09,1.94,  	-0.32,0.53,  	-0.10,1.90,0.00,25.25
-10.07,1.94,  	0.13,1.02,  	-0.09,1.94,0.00,25.25
-10.06,1.92,  	0.10,0.48,  	-0.06,1.92,0.00,25.25
-10.09,1.88,  	-0.38,0.19,  	-0.09,1.88,0.00,25.25
-10.12,1.87,  	-0.44,0.15,  	-0.09,1.88,0.00,25.25
-10.16,1.89,  	-0.34,0.50,  	-0.12,1.87,0.00,25.25
-10.19,1.84,  	-0.41,0.83,  	-0.16,1.89,0.00,25.25
-10.21,1.77,  	-0.25,-0.17,  	-0.21,1.77,0.00,25.25
-10.22,1.79,  	-0.22,0.63,  	-0.22,1.79,0.00,25.25
-10.25,1.75,  	-0.22,0.76,  	-0.22,1.79,0.00,25.25
-10.29,1.69,  	-0.42,0.16,  	-0.25,1.75,0.00,25.25
-10.34,1.64,  	-0.47,-0.11,  	-0.29,1.69,0.00,25.25
-10.39,1.65,  	-0.65,0.62,  	-0.39,1.65,0.00,25.25
-10.41,1.62,  	-0.41,0.28,  	-0.41,1.62,0.00,25.25
-10.44,1.55,  	-0.37,0.21,  	-0.41,1.62,0.00,25.25
-10.43,1.48,  	-0.38,-0.34,  	-0.44,1.55,0.00,25.25
-10.44,1.47,  	-0.21,-0.29,  	-0.43,1.48,0.00,25.25
-10.46,1.46,  	-0.33,0.38,  	-0.46,1.46,0.00,25.25
-10.48,1.47,  	-0.38,0.60,  	-0.48,1.47,0.00,25.25
-10.54,1.45,  	-0.38,0.63,  	-0.48,1.47,0.00,25.25
-10.59,1.45,  	-0.75,0.28,  	-0.54,1.45,0.00,25.25
-10.59,1.39,  	-0.70,0.45,  	-0.59,1.45,0.00,25.25
-10.58,1.37,  	-0.12,0.20,  	-0.58,1.37,0.00,25.25
-10.60,1.37,  	-0.34,0.40,  	-0.60,1.37,0.00,25.25
-10.63,1.33,  	-0.37,0.42,  	-0.60,1.37,0.00,25.25
-10.66,1.34,  	-0.55,-0.14,  	-0.63,1.33,0.00,25.25
-10.72,1.28,  	-0.50,0.64,  	-0.66,1.34,0.00,25.25
-10.72,1.28,  	-0.74,-0.33,  	-0.72,1.28,0.00,25.25
-10.77,1.21,  	-0.37,0.29,  	-0.77,1.21,0.00,25.25
-10.75,1.25,  	-0.32,0.39,  	-0.77,1.21,0.00,25.25
-10.75,1.25,  	-0.02,0.72,  	-0.75,1.25,0.00,25.25
-10.76,1.27,  	-0.25,0.43,  	-0.75,1.25,0.00,25.25
-10.80,1.23,  	-0.62,0.03,  	-0.80,1.23,0.00,25.25
-10.81,1.27,  	-0.39,0.73,  	-0.81,1.27,0.00,25.25
-10.79,1.27,  	-0.35,0.85,  	-0.81,1.27,0.00,25.25
-10.79,1.25,  	-0.08,0.48,  	-0.79,1.27,0.00,25.25
-10.78,1.25,  	-0.21,0.29,  	-0.79,1.25,0.00,25.25
-10.76,1.29,  	-0.07,0.73,  	-0.76,1.29,0.00,25.25
-10.78,1.32,  	-0.39,0.81,  	-0.78,1.32,0.00,25.25
-10.76,1.39,  	-0.44,0.81,  	-0.78,1.32,0.00,25.25
-10.77,1.42,  	-0.08,1.17,  	-0.76,1.39,0.00,25.25
-10.79,1.47,  	-0.36,0.74,  	-0.77,1.42,0.00,25.25
-10.79,1.52,  	-0.27,1.00,  	-0.79,1.52,0.00,25.25
-10.77,1.54,  	-0.13,0.73,  	-0.77,1.54,0.00,25.25
-10.77,1.54,  	-0.11,0.69,  	-0.77,1.54,0.00,25.25
-10.79,1.56,  	-0.16,0.49,  	-0.77,1.54,0.00,25.25
-10.81,1.54,  	-0.41,0.71,  	-0.79,1.56,0.00,25.25
-10.84,1.58,  	-0.60,0.75,  	-0.84,1.58,0.00,25.25
-10.87,1.60,  	-0.63,0.81,  	-0.87,1.60,0.00,25.25
-10.89,1.56,  	-0.63,0.81,  	-0.87,1.60,0.00,25.25
-10.88,1.54,  	-0.49,0.07,  	-0.89,1.56,0.00,25.25
-10.91,1.52,  	-0.16,0.28,  	-0.88,1.54,0.00,25.25
-10.91,1.53,  	-0.40,0.56,  	-0.91,1.53,0.00,25.25
-10.93,1.52,  	-0.47,0.41,  	-0.93,1.52,0.00,25.25
-10.97,1.51,  	-0.49,0.38,  	-0.93,1.52,0.00,25.25
-10.98,1.50,  	-0.68,0.35,  	-0.97,1.51,0.00,25.25
-10.93,1.51,  	-0.49,0.28,  	-0.98,1.50,0.00,25.25
-10.93,1.48,  	-0.19,0.17,  	-0.93,1.48,0.00,25.25
-10.93,1.47,  	-0.25,0.40,  	-0.93,1.47,0.00,25.25
-10.95,1.45,  	-0.24,0.44,  	-0.93,1.47,0.00,25.25
-10.98,1.43,  	-0.51,0.23,  	-0.95,1.45,0.00,25.25
-11.01,1.39,  	-0.56,0.23,  	-0.98,1.43,0.00,25.25
-11.00,1.38,  	-0.28,0.23,  	-1.00,1.38,0.00,25.25
-11.01,1.31,  	-0.41,-0.27,  	-1.01,1.31,0.00,25.25
-11.03,1.25,  	-0.43,-0.35,  	-1.01,1.31,0.00,25.25
-11.04,1.26,  	-0.51,-0.27,  	-1.03,1.25,0.00,25.25
-11.02,1.25,  	-0.41,0.43,  	-1.04,1.26,0.00,25.25
-11.03,1.21,  	-0.43,0.08,  	-1.03,1.21,0.00,25.25
-11.07,1.19,  	-0.68,0.03,  	-1.07,1.19,0.00,25.25
-11.07,1.17,  	-0.70,0.03,  	-1.07,1.19,0.00,25.25
-11.04,1.15,  	-0.35,0.22,  	-1.07,1.17,0.00,25.25
-11.02,1.19,  	-0.04,0.05,  	-1.04,1.15,0.00,25.25
-10.99,1.24,  	-0.05,0.88,  	-0.99,1.24,0.00,25.25
-10.97,1.24,  	-0.05,0.57,  	-0.97,1.24,0.00,25.25
-10.97,1.25,  	-0.05,0.52,  	-0.97,1.24,0.00,25.25
-10.97,1.24,  	-0.28,0.48,  	-0.97,1.25,0.00,25.25
-10.97,1.24,  	-0.31,0.29,  	-0.97,1.24,0.00,25.25
-10.97,1.23,  	-0.29,0.45,  	-0.97,1.24,0.00,25.25
-10.97,1.21,  	-0.29,0.30,  	-0.97,1.23,0.00,25.25
-10.94,1.24,  	-0.29,0.13,  	-0.97,1.21,0.00,25.25
-10.92,1.24,  	0.02,0.66,  	-0.94,1.24,0.00,25.25
-10.92,1.27,  	-0.16,0.44,  	-0.92,1.24,0.00,25.25
-10.93,1.28,  	-0.39,0.51,  	-0.93,1.28,0.00,25.25
-10.94,1.30,  	-0.42,0.48,  	-0.93,1.28,0.00,25.25
-10.92,1.32,  	-0.43,0.62,  	-0.94,1.30,0.00,25.25
-10.90,1.32,  	-0.06,0.74,  	-0.92,1.32,0.00,25.25
-10.90,1.31,  	-0.13,0.43,  	-0.90,1.32,0.00,25.25
-10.90,1.30,  	-0.33,0.27,  	-0.90,1.30,0.00,25.25
-10.92,1.27,  	-0.45,0.15,  	-0.92,1.27,0.00,25.25
-10.94,1.29,  	-0.47,0.13,  	-0.92,1.27,0.00,25.25
-10.94,1.28,  	-0.52,0.59,  	-0.94,1.29,0.00,25.25
-10.96,1.22,  	-0.28,0.26,  	-0.94,1.28,0.00,25.25
-10.94,1.27,  	-0.11,0.65,  	-0.94,1.27,0.00,25.25
-10.93,1.27,  	-0.20,0.45,  	-0.93,1.27,0.00,25.25
-10.92,1.28,  	-0.22,0.41,  	-0.93,1.27,0.00,25.25
-10.90,1.35,  	-0.16,0.59,  	-0.92,1.28,0.00,25.25
-10.90,1.35,  	-0.10,1.14,  	-0.90,1.35,0.00,25.25
-10.89,1.38,  	-0.21,0.77,  	-0.89,1.38,0.00,25.25
-10.88,1.35,  	-0.13,0.25,  	-0.88,1.35,0.00,25.25
-10.84,1.33,  	-0.12,0.17,  	-0.88,1.35,0.00,25.25
-10.83,1.35,  	0.08,0.10,  	-0.84,1.33,0.00,25.25
-10.83,1.37,  	-0.08,0.71,  	-0.83,1.35,0.00,25.25
-10.83,1.40,  	-0.31,0.76,  	-0.83,1.40,0.00,25.25
-10.88,1.38,  	-0.71,0.32,  	-0.88,1.38,0.00,25.25
-10.90,1.41,  	-0.76,0.25,  	-0.88,1.38,0.00,25.25
-10.88,1.43,  	-0.48,0.68,  	-0.90,1.41,0.00,25.25
-10.85,1.49,  	-0.16,0.67,  	-0.88,1.43,0.00,25.25
-10.85,1.48,  	-0.21,0.47,  	-0.85,1.48,0.00,25.25
-10.88,1.48,  	-0.50,0.45,  	-0.88,1.48,0.00,25.25
-10.88,1.43,  	-0.54,0.46,  	-0.88,1.48,0.00,25.25
-10.90,1.43,  	-0.41,-0.05,  	-0.88,1.43,0.00,25.25
-10.88,1.46,  	-0.40,0.41,  	-0.90,1.43,0.00,25.25
-10.88,1.46,  	-0.00,0.98,  	-0.88,1.46,0.00,25.25
-10.84,1.49,  	-0.07,0.41,  	-0.84,1.49,0.00,25.25
-10.84,1.48,  	-0.09,0.32,  	-0.84,1.49,0.00,25.25
-10.84,1.47,  	-0.27,0.33,  	-0.84,1.48,0.00,25.25
-10.88,1.44,  	-0.33,0.25,  	-0.84,1.47,0.00,25.25
-10.88,1.44,  	-0.47,0.00,  	-0.88,1.44,0.00,25.25
-10.90,1.38,  	-0.40,0.29,  	-0.90,1.38,0.00,25.25
-10.87,1.39,  	-0.40,0.34,  	-0.90,1.38,0.00,25.25
-10.86,1.39,  	0.08,0.50,  	-0.87,1.39,0.00,25.25
-10.84,1.37,  	-0.09,0.42,  	-0.86,1.39,0.00,25.25
-10.82,1.37,  	-0.03,0.44,  	-0.82,1.37,0.00,25.25
-10.82,1.34,  	-0.18,0.11,  	-0.82,1.34,0.00,25.25
-10.86,1.31,  	-0.20,0.05,  	-0.82,1.34,0.00,25.25
-10.85,1.33,  	-0.63,0.11,  	-0.86,1.31,0.00,25.25
-10.83,1.33,  	-0.22,0.52,  	-0.85,1.33,0.00,25.25
-10.78,1.29,  	0.26,0.08,  	-0.78,1.29,0.00,25.25
-10.76,1.24,  	-0.02,-0.16,  	-0.76,1.24,0.00,25.25
-10.74,1.30,  	-0.07,-0.19,  	-0.76,1.24,0.00,25.25
-10.72,1.35,  	0.02,1.02,  	-0.74,1.30,0.00,25.25
-10.72,1.37,  	0.03,0.99,  	-0.72,1.35,0.00,25.25
-10.72,1.32,  	-0.32,-0.10,  	-0.72,1.32,0.00,25.25
-10.71,1.25,  	-0.18,-0.37,  	-0.71,1.25,0.00,25.25
-10.69,1.19,  	-0.16,-0.39,  	-0.71,1.25,0.00,25.25
-10.68,1.17,  	0.01,-0.30,  	-0.69,1.19,0.00,25.25
-10.66,1.13,  	-0.02,0.14,  	-0.68,1.17,0.00,25.25
-10.62,1.15,  	0.18,0.48,  	-0.62,1.15,0.00,25.25
-10.63,1.10,  	-0.21,-0.02,  	-0.63,1.10,0.00,25.25
-10.65,1.04,  	-0.27,-0.11,  	-0.63,1.10,0.00,25.25
-10.64,1.00,  	-0.40,-0.40,  	-0.65,1.04,0.00,25.25
-10.63,1.02,  	-0.18,-0.07,  	-0.64,1.00,0.00,25.25
-10.59,1.01,  	0.14,0.27,  	-0.59,1.01,0.00,25.25
-10.57,1.00,  	0.07,0.20,  	-0.57,1.00,0.00,25.25
-10.54,1.03,  	0.05,0.19,  	-0.57,1.00,0.00,25.25
-10.49,1.03,  	0.18,0.62,  	-0.54,1.03,0.00,25.25
-10.49,0.99,  	0.26,0.34,  	-0.49,1.03,0.00,25.25
-10.52,0.90,  	-0.34,-0.56,  	-0.52,0.90,0.00,25.25
-10.50,0.88,  	-0.07,-0.01,  	-0.50,0.88,0.00,25.25
-10.49,0.90,  	-0.02,0.08,  	-0.50,0.88,0.00,25.25
-10.47,0.90,  	0.01,0.41,  	-0.49,0.90,0.00,25.25
-10.47,0.92,  	0.08,0.38,  	-0.47,0.90,0.00,25.25
-10.47,0.95,  	-0.24,0.65,  	-0.47,0.95,0.00,25.25
-10.46,1.01,  	-0.00,0.93,  	-0.46,1.01,0.00,25.25
-10.47,1.06,  	0.03,0.97,  	-0.46,1.01,0.00,25.25
-10.49,1.06,  	-0.32,0.85,  	-0.47,1.06,0.00,25.25
-10.47,1.03,  	-0.27,0.42,  	-0.49,1.06,0.00,25.25
-10.47,1.03,  	-0.03,0.10,  	-0.47,1.03,0.00,25.25
-10.46,1.09,  	-0.09,0.34,  	-0.47,1.03,0.00,25.25
-10.48,1.13,  	-0.01,0.90,  	-0.46,1.09,0.00,25.25
-10.51,1.07,  	-0.33,0.85,  	-0.48,1.13,0.00,25.25
-10.52,1.13,  	-0.50,-0.21,  	-0.51,1.07,0.00,25.25
-10.56,1.18,  	-0.50,0.92,  	-0.56,1.18,0.00,25.25
-10.57,1.22,  	-0.36,0.84,  	-0.57,1.22,0.00,25.25
-10.59,1.25,  	-0.33,0.82,  	-0.57,1.22,0.00,25.25
-10.62,1.28,  	-0.40,0.66,  	-0.59,1.25,0.00,25.25
-10.65,1.25,  	-0.43,0.76,  	-0.62,1.28,0.00,25.25
-10.70,1.26,  	-0.74,0.49,  	-0.70,1.26,0.00,25.25
-10.74,1.31,  	-0.62,0.87,  	-0.74,1.31,0.00,25.25
-10.74,1.35,  	-0.59,0.92,  	-0.74,1.31,0.00,25.25
-10.74,1.39,  	-0.32,0.85,  	-0.74,1.35,0.00,25.25
-10.76,1.39,  	-0.25,0.90,  	-0.74,1.39,0.00,25.25
-10.79,1.38,  	-0.52,0.26,  	-0.79,1.38,0.00,25.25
-10.83,1.29,  	-0.68,-0.36,  	-0.83,1.29,0.00,25.25
-10.88,1.23,  	-0.70,-0.45,  	-0.83,1.29,0.00,25.25
-10.92,1.20,  	-0.79,-0.29,  	-0.88,1.23,0.00,25.25
-10.95,1.14,  	-0.79,0.02,  	-0.92,1.20,0.00,25.25
-10.95,1.08,  	-0.36,-0.27,  	-0.95,1.08,0.00,25.25
-10.95,1.07,  	-0.34,0.14,  	-0.95,1.07,0.00,25.25
-10.95,1.07,  	-0.35,0.21,  	-0.95,1.07,0.00,25.25
-11.00,1.02,  	-0.26,0.30,  	-0.95,1.07,0.00,25.25
-11.01,1.02,  	-0.77,-0.24,  	-1.00,1.02,0.00,25.25
-11.02,1.00,  	-0.47,0.05,  	-1.02,1.00,0.00,25.25
-11.01,0.94,  	-0.26,-0.28,  	-1.01,0.94,0.00,25.25
-10.99,0.94,  	-0.23,-0.32,  	-1.01,0.94,0.00,25.25
-10.97,0.94,  	-0.11,0.22,  	-0.99,0.94,0.00,25.25
-10.95,0.95,  	-0.05,0.21,  	-0.97,0.94,0.00,25.25
-10.97,0.91,  	-0.48,-0.06,  	-0.97,0.91,0.00,25.25
-10.97,0.93,  	-0.37,0.39,  	-0.97,0.93,0.00,25.25