1.02,-1.22,1.09,-0.40,1.02,-1.22,0.00,25.25
1.05,-1.20,1.24,-0.38,1.05,-1.20,0.00,25.25
1.08,-1.18,1.21,-0.42,1.08,-1.18,0.00,25.25
1.11,-1.16,1.19,-0.33,1.11,-1.16,0.00,25.25
1.13,-1.14,1.19,-0.37,1.13,-1.14,0.00,25.25
1.16,-1.11,1.16,-0.03,1.16,-1.11,0.00,25.25
1.17,-1.06,1.13,0.18,1.17,-1.06,0.00,25.25
1.19,-1.01,1.05,0.27,1.19,-1.01,0.00,25.25
1.19,-0.98,0.76,0.09,1.19,-0.98,0.00,25.25
1.17,-0.94,0.48,-0.01,1.17,-0.94,0.00,25.25
1.18,-0.91,0.65,0.17,1.18,-0.91,0.00,25.25
1.16,-0.86,0.51,0.31,1.16,-0.86,0.00,25.25
1.13,-0.82,0.23,0.22,1.13,-0.82,0.00,25.25
1.10,-0.78,0.14,0.29,1.10,-0.78,0.00,25.25
1.09,-0.75,0.45,0.17,1.09,-0.75,0.00,25.25
1.07,-0.70,0.35,0.31,1.07,-0.70,0.00,25.25
1.06,-0.66,0.33,0.30,1.06,-0.66,0.00,25.25
1.02,-0.63,0.17,0.31,1.02,-0.63,0.00,25.25
1.00,-0.59,0.15,0.29,1.00,-0.59,0.00,25.25
0.98,-0.56,0.17,0.23,0.98,-0.56,0.00,25.25
0.93,-0.54,-0.25,0.19,0.93,-0.54,0.00,25.25
0.89,-0.50,-0.14,0.31,0.89,-0.50,0.00,25.25
0.84,-0.47,-0.37,0.38,0.84,-0.47,0.00,25.25
0.80,-0.44,-0.38,0.08,0.80,-0.44,0.00,25.25
0.75,-0.42,-0.32,0.26,0.75,-0.42,0.00,25.25
0.70,-0.39,-0.43,0.21,0.70,-0.39,0.00,25.25
0.65,-0.40,-0.69,-0.42,0.65,-0.40,0.00,25.25
0.61,-0.42,-0.41,-0.56,0.61,-0.42,0.00,25.25
0.56,-0.44,-0.45,-0.62,0.56,-0.44,0.00,25.25
0.53,-0.44,-0.39,-0.35,0.53,-0.44,0.00,25.25
0.48,-0.45,-0.53,-0.61,0.48,-0.45,0.00,25.25
0.44,-0.48,-0.36,-0.67,0.44,-0.48,0.00,25.25
0.43,-0.47,-0.17,-0.25,0.43,-0.47,0.00,25.25
0.40,-0.48,-0.15,-0.48,0.40,-0.48,0.00,25.25
0.37,-0.52,-0.36,-1.00,0.37,-0.52,0.00,25.25
0.33,-0.55,-0.49,-0.90,0.33,-0.55,0.00,25.25
0.31,-0.57,-0.18,-0.81,0.31,-0.57,0.00,25.25
0.30,-0.60,-0.08,-0.96,0.30,-0.60,0.00,25.25
0.24,-0.66,-0.42,-1.00,0.24,-0.66,0.00,25.25
0.23,-0.67,-0.46,-1.02,0.24,-0.66,0.00,25.25
0.22,-0.66,-0.24,-0.71,0.23,-0.67,0.00,25.25
0.20,-0.65,-0.10,-0.22,0.22,-0.66,0.00,25.25
0.19,-0.64,-0.16,-0.22,0.19,-0.64,0.00,25.25
0.17,-0.64,-0.32,-0.35,0.17,-0.64,0.00,25.25
0.13,-0.62,-0.35,-0.38,0.17,-0.64,0.00,25.25
0.11,-0.61,-0.43,-0.22,0.13,-0.62,0.00,25.25
0.09,-0.60,-0.31,-0.08,0.11,-0.61,0.00,25.25
0.06,-0.58,-0.47,-0.06,0.06,-0.58,0.00,25.25
0.03,-0.54,-0.57,0.24,0.03,-0.54,0.00,25.25
-0.01,-0.51,-0.58,0.31,0.03,-0.54,0.00,25.25
-0.04,-0.47,-0.71,0.38,-0.01,-0.51,0.00,25.25
-0.08,-0.43,-0.66,0.29,-0.04,-0.47,0.00,25.25
-0.11,-0.38,-0.75,0.59,-0.11,-0.38,0.00,25.25
-0.15,-0.36,-0.81,0.37,-0.15,-0.36,0.00,25.25
-0.19,-0.32,-0.82,0.31,-0.15,-0.36,0.00,25.25
-0.22,-0.27,-0.79,0.60,-0.19,-0.32,0.00,25.25
-0.25,-0.22,-0.83,0.69,-0.22,-0.27,0.00,25.25
-0.27,-0.17,-0.70,0.84,-0.27,-0.17,0.00,25.25
-0.32,-0.12,-0.90,0.81,-0.32,-0.12,0.00,25.25
-0.38,-0.08,-0.95,0.80,-0.32,-0.12,0.00,25.25
-0.43,-0.03,-1.33,0.62,-0.38,-0.08,0.00,25.26
-0.46,0.03,-1.22,0.94,-0.43,-0.03,0.00,25.26
-0.50,0.08,-0.97,1.08,-0.50,0.08,0.00,25.26
-0.54,0.08,-1.18,0.35,-0.54,0.08,0.00,25.25
-0.59,0.11,-1.24,0.17,-0.54,0.08,0.00,25.25
-0.62,0.18,-1.15,0.65,-0.59,0.11,0.00,25.25
-0.66,0.26,-1.17,1.16,-0.62,0.18,0.00,25.26
-0.71,0.31,-1.22,1.20,-0.71,0.31,0.00,25.26
-0.76,0.39,-1.38,1.63,-0.76,0.39,0.00,25.27
-0.81,0.43,-1.42,1.76,-0.76,0.39,0.00,25.27
-0.83,0.48,-1.43,1.10,-0.81,0.43,0.00,25.26
-0.88,0.52,-1.21,1.38,-0.83,0.48,0.00,25.26
-0.93,0.52,-1.55,0.49,-0.93,0.52,0.00,25.26
-0.98,0.50,-1.52,0.06,-0.98,0.50,0.00,25.26
-1.03,0.48,-1.49,-0.02,-0.98,0.50,0.00,25.26
-1.07,0.46,-1.57,0.09,-1.03,0.48,0.00,25.26
-1.11,0.48,-1.44,-0.16,-1.07,0.46,0.00,25.26
-1.14,0.50,-1.44,0.83,-1.14,0.50,0.00,25.26
-1.18,0.55,-1.36,1.04,-1.18,0.55,0.00,25.26
-1.21,0.55,-1.34,1.07,-1.18,0.55,0.00,25.26
-1.25,0.58,-1.47,0.62,-1.21,0.55,0.00,25.26
-1.28,0.60,-1.53,0.83,-1.25,0.58,0.00,25.26
-1.29,0.60,-1.14,0.58,-1.29,0.60,0.00,25.25
-1.31,0.57,-1.07,-0.09,-1.31,0.57,0.00,25.25
-1.31,0.56,-1.06,-0.24,-1.31,0.57,0.00,25.25
-1.32,0.56,-0.99,0.15,-1.31,0.56,0.00,25.25
-1.34,0.55,-0.98,0.29,-1.32,0.56,0.00,25.25
-1.36,0.56,-1.20,0.45,-1.36,0.56,0.00,25.25
-1.36,0.59,-0.87,0.78,-1.36,0.59,0.00,25.25
-1.36,0.60,-0.79,0.84,-1.36,0.59,0.00,25.25
-1.36,0.59,-0.97,0.67,-1.36,0.60,0.00,25.25
-1.34,0.56,-0.75,0.24,-1.36,0.59,0.00,25.25
-1.31,0.56,-0.39,0.30,-1.31,0.56,0.00,25.25
-1.27,0.52,-0.07,-0.20,-1.27,0.52,0.00,25.25
-1.23,0.49,0.00,-0.36,-1.27,0.52,0.00,25.25
-1.21,0.46,-0.06,-0.28,-1.23,0.49,0.00,25.25
-1.19,0.43,-0.34,-0.32,-1.21,0.46,0.00,25.25
-1.17,0.43,-0.38,0.19,-1.17,0.43,0.00,25.25
-1.11,0.48,0.13,0.85,-1.11,0.48,0.00,25.25
-1.10,0.50,0.26,0.98,-1.11,0.48,0.00,25.25
-1.09,0.53,-0.35,0.79,-1.10,0.50,0.00,25.25
-1.07,0.57,-0.40,1.03,-1.09,0.53,0.00,25.25
-1.05,0.58,-0.28,1.02,-1.07,0.57,0.00,25.25
-1.06,0.62,-0.46,0.59,-1.05,0.58,0.00,25.25
-1.05,0.63,-0.89,1.14,-1.06,0.62,0.00,25.26
-1.01,0.66,-0.42,0.65,-1.05,0.63,0.00,25.25
-0.98,0.68,0.02,0.87,-1.01,0.66,0.00,25.25
-0.94,0.70,0.06,0.83,-0.94,0.70,0.00,25.25
-0.94,0.71,-0.48,0.74,-0.94,0.71,0.00,25.25
-0.94,0.75,-0.63,0.72,-0.94,0.71,0.00,25.25
-0.95,0.76,-0.54,1.12,-0.94,0.75,0.00,25.25
-0.96,0.81,-0.75,0.88,-0.95,0.76,0.00,25.25
-0.97,0.78,-0.76,0.16,-0.97,0.78,0.00,25.25
-0.99,0.79,-0.92,0.56,-0.99,0.79,0.00,25.25
-0.98,0.84,-0.95,0.74,-0.99,0.79,0.00,25.25
-1.00,0.92,-0.61,1.38,-0.98,0.84,0.00,25.26
-1.01,0.97,-0.89,2.03,-1.00,0.92,0.00,25.27
-1.01,0.97,-1.14,0.54,-1.01,0.97,0.00,25.25
-1.05,0.93,-1.10,0.30,-1.05,0.93,0.00,25.25
-1.06,0.95,-1.05,0.32,-1.05,0.93,0.00,25.25
-1.04,0.99,-0.62,0.83,-1.06,0.95,0.00,25.25
-1.04,0.99,-0.47,1.20,-1.04,0.99,0.00,25.25
-1.04,0.96,-0.64,0.27,-1.04,0.96,0.00,25.25
-1.05,0.87,-0.77,-0.81,-1.05,0.87,0.00,25.25
-1.05,0.85,-0.80,-1.05,-1.05,0.87,0.00,25.25
-1.06,0.87,-0.72,-0.12,-1.05,0.85,0.00,25.25
-1.09,0.87,-0.94,0.91,-1.06,0.87,0.00,25.26
-1.10,0.86,-0.97,0.27,-1.10,0.86,0.00,25.25
-1.09,0.82,-0.60,-0.16,-1.09,0.82,0.00,25.25
-1.09,0.82,-0.52,-0.24,-1.09,0.82,0.00,25.25
-1.10,0.83,-0.50,0.32,-1.09,0.82,0.00,25.25
-1.09,0.88,-0.90,0.69,-1.10,0.83,0.00,25.25
-1.11,0.87,-0.90,0.68,-1.11,0.87,0.00,25.25
-1.12,0.91,-0.90,1.11,-1.12,0.91,0.00,25.26
-1.07,0.92,-0.88,1.27,-1.12,0.91,0.00,25.26
-1.04,0.93,0.01,0.86,-1.07,0.92,0.00,25.25
-1.03,0.95,-0.05,0.74,-1.04,0.93,0.00,25.25
-1.03,0.95,-0.44,1.57,-1.03,0.95,0.00,25.26
-1.01,1.09,-0.51,2.09,-1.01,1.09,0.00,25.27
-1.02,1.11,-0.53,2.17,-1.01,1.09,0.00,25.27
-1.04,1.10,-0.79,1.31,-1.02,1.11,0.00,25.26
-1.03,1.06,-0.99,0.64,-1.04,1.10,0.00,25.25
-1.03,1.05,-0.60,0.34,-1.03,1.05,0.00,25.25
-1.00,1.11,-0.24,1.43,-1.00,1.11,0.00,25.26
-1.01,1.11,-0.15,1.68,-1.00,1.11,0.00,25.26
-1.05,1.15,-0.69,0.88,-1.01,1.11,0.00,25.25
-1.06,1.21,-1.21,1.45,-1.05,1.15,0.00,25.26
-1.06,1.18,-0.70,0.61,-1.06,1.18,0.00,25.25
-1.06,1.15,-0.58,0.15,-1.06,1.15,0.00,25.25
-1.06,1.10,-0.57,0.11,-1.06,1.15,0.00,25.25
-1.06,1.06,-0.74,-0.12,-1.06,1.10,0.00,25.25
-1.08,1.01,-0.75,-0.23,-1.06,1.06,0.00,25.25
-1.08,1.01,-0.73,0.42,-1.08,1.01,0.00,25.25
-1.07,0.99,-0.47,0.29,-1.07,0.99,0.00,25.25
-1.04,1.00,-0.42,0.22,-1.07,0.99,0.00,25.25
-1.05,1.01,-0.24,0.82,-1.04,1.00,0.00,25.25
-1.06,1.03,-0.77,0.84,-1.05,1.01,0.00,25.25
-1.10,0.97,-1.25,-0.16,-1.10,0.97,0.00,25.25
-1.09,0.89,-0.76,-0.85,-1.09,0.89,0.00,25.25
-1.06,0.82,-0.61,-0.95,-1.09,0.89,0.00,25.25
-1.02,0.80,-0.15,-0.77,-1.06,0.82,0.00,25.25
-1.00,0.76,-0.10,0.07,-1.02,0.80,0.00,25.25
-0.99,0.71,-0.30,-0.39,-0.99,0.71,0.00,25.25
-0.96,0.72,-0.23,0.40,-0.96,0.72,0.00,25.25
-0.93,0.76,-0.20,0.60,-0.96,0.72,0.00,25.25
-0.95,0.72,0.06,1.08,-0.93,0.76,0.00,25.25
-0.93,0.75,-0.91,-0.13,-0.95,0.72,0.00,25.25
-0.91,0.75,-0.26,0.62,-0.91,0.75,0.00,25.25
-0.88,0.70,-0.04,-0.09,-0.88,0.70,0.00,25.25
-0.86,0.68,0.01,-0.25,-0.88,0.70,0.00,25.25
-0.83,0.69,-0.01,-0.01,-0.86,0.68,0.00,25.25
-0.81,0.70,-0.16,0.39,-0.83,0.69,0.00,25.25
-0.79,0.70,-0.15,0.42,-0.79,0.70,0.00,25.25
-0.77,0.69,-0.18,0.32,-0.77,0.69,0.00,25.25
-0.73,0.69,-0.18,0.31,-0.77,0.69,0.00,25.25
-0.76,0.72,0.19,0.39,-0.73,0.69,0.00,25.25
-0.75,0.74,-0.79,0.99,-0.76,0.72,0.00,25.25
-0.76,0.76,-0.63,0.85,-0.76,0.76,0.00,25.25
-0.77,0.78,-0.77,0.87,-0.77,0.78,0.00,25.25
-0.77,0.75,-0.79,0.88,-0.77,0.78,0.00,25.25
-0.79,0.71,-0.60,0.13,-0.77,0.75,0.00,25.25
-0.81,0.66,-0.78,-0.28,-0.79,0.71,0.00,25.25
-0.84,0.68,-1.01,0.43,-0.84,0.68,0.00,25.25
-0.84,0.71,-0.58,0.92,-0.84,0.71,0.00,25.25
-0.84,0.74,-0.47,0.99,-0.84,0.71,0.00,25.25
-0.86,0.75,-0.57,1.05,-0.84,0.74,0.00,25.25
-0.89,0.77,-0.87,0.78,-0.86,0.75,0.00,25.25
-0.89,0.77,-0.72,0.80,-0.89,0.77,0.00,25.25
-0.89,0.80,-0.62,0.82,-0.89,0.80,0.00,25.25
-0.92,0.80,-0.62,0.82,-0.89,0.80,0.00,25.25
-0.93,0.82,-1.12,0.62,-0.92,0.80,0.00,25.25
-0.96,0.84,-0.88,0.79,-0.93,0.82,0.00,25.25
-0.96,0.84,-0.81,0.38,-0.96,0.84,0.00,25.25
-0.96,0.82,-0.81,0.45,-0.96,0.82,0.00,25.25
-1.01,0.84,-0.83,0.50,-0.98,0.82,0.00,25.25
-1.04,0.83,-1.20,0.85,-1.01,0.84,0.00,25.26
-1.04,0.86,-1.16,0.35,-1.04,0.83,0.00,25.25
-1.04,0.85,-0.85,0.92,-1.04,0.86,0.00,25.25
-1.06,0.85,-0.64,0.41,-1.04,0.85,0.00,25.25
-1.08,0.82,-1.06,0.61,-1.06,0.85,0.00,25.25
-1.09,0.78,-1.12,0.05,-1.08,0.82,0.00,25.25
-1.10,0.75,-0.78,-0.12,-1.09,0.78,0.00,25.25
-1.09,0.72,-0.72,-0.19,-1.09,0.72,0.00,25.25
-1.10,0.73,-0.70,0.42,-1.10,0.73,0.00,25.25
-1.09,0.72,-0.71,0.58,-1.10,0.73,0.00,25.25
-1.07,0.72,-0.54,0.28,-1.09,0.72,0.00,25.25
-1.07,0.70,-0.33,0.58,-1.07,0.72,0.00,25.25
-1.08,0.69,-0.84,0.22,-1.08,0.69,0.00,25.25
-1.10,0.66,-1.09,-0.05,-1.10,0.66,0.00,25.25
-1.09,0.69,-1.14,-0.13,-1.10,0.66,0.00,25.25
-1.07,0.72,-0.52,0.76,-1.09,0.69,0.00,25.25
-1.03,0.69,-0.36,1.13,-1.07,0.72,0.00,25.25
-1.01,0.69,-0.21,0.21,-1.01,0.69,0.00,25.25
-1.00,0.70,-0.43,0.73,-1.00,0.70,0.00,25.25
-0.98,0.75,-0.47,0.85,-1.00,0.70,0.00,25.25
-0.95,0.79,-0.21,1.13,-0.98,0.75,0.00,25.25
-0.94,0.73,-0.09,1.28,-0.95,0.79,0.00,25.25
-0.93,0.77,-0.39,-0.57,-0.94,0.73,0.00,25.25
-0.91,0.78,-0.35,0.85,-0.91,0.78,0.00,25.25
-0.88,0.77,-0.35,0.81,-0.91,0.78,0.00,25.25
-0.90,0.78,0.04,0.36,-0.88,0.77,0.00,25.25
-0.90,0.77,-0.83,0.70,-0.90,0.78,0.00,25.25
-0.90,0.77,-0.40,0.43,-0.90,0.77,0.00,25.25
-0.89,0.77,-0.68,0.48,-0.89,0.77,0.00,25.25
-0.90,0.79,-0.76,0.49,-0.90,0.77,0.00,25.25
-0.90,0.81,-0.69,0.76,-0.90,0.79,0.00,25.25
-0.87,0.81,-0.52,0.90,-0.90,0.81,0.00,25.25
-0.87,0.81,-0.19,0.95,-0.87,0.81,0.00,25.25
-0.86,0.84,-0.60,1.25,-0.86,0.84,0.00,25.26
-0.87,0.93,-0.70,1.31,-0.86,0.88,0.00,25.26
-0.88,0.96,-0.78,1.52,-0.87,0.93,0.00,25.26
-0.88,0.97,-0.57,1.22,-0.88,0.96,0.00,25.25
-0.87,0.96,-0.50,0.84,-0.88,0.97,0.00,25.25
-0.88,0.97,-0.52,0.68,-0.88,0.97,0.00,25.25
-0.87,0.93,-0.51,0.74,-0.88,0.97,0.00,25.25
-0.88,0.92,-0.46,0.05,-0.87,0.93,0.00,25.25
-0.88,0.94,-0.52,0.29,-0.88,0.92,0.00,25.25
-0.88,0.94,-0.71,0.78,-0.88,0.94,0.00,25.25
-0.93,0.95,-1.24,0.58,-0.93,0.95,0.00,25.26
-0.95,0.93,-1.37,0.54,-0.93,0.95,0.00,25.26
-0.95,0.90,-0.96,0.33,-0.95,0.93,0.00,25.25
-0.95,0.85,-0.68,0.04,-0.95,0.90,0.00,25.25
-0.96,0.82,-0.78,-0.11,-0.96,0.82,0.00,25.25
-0.97,0.84,-0.71,0.64,-0.97,0.84,0.00,25.25
-0.95,0.82,-0.69,0.80,-0.97,0.84,0.00,25.25
-0.93,0.78,-0.49,0.23,-0.95,0.82,0.00,25.25
-0.94,0.75,-0.19,-0.08,-0.93,0.78,0.00,25.25
-0.92,0.73,-0.42,0.12,-0.92,0.73,0.00,25.25
-0.90,0.74,-0.11,0.55,-0.90,0.74,0.00,25.25
-0.90,0.74,-0.06,0.64,-0.90,0.74,0.00,25.25
-0.90,0.73,-0.47,0.46,-0.90,0.74,0.00,25.25
-0.88,0.71,-0.47,0.24,-0.90,0.73,0.00,25.25
-0.88,0.71,-0.45,0.36,-0.88,0.71,0.00,25.25
-0.88,0.68,-0.47,-0.01,-0.88,0.68,0.00,25.25
-0.87,0.65,-0.46,-0.12,-0.88,0.68,0.00,25.25
-0.89,0.61,-0.41,-0.25,-0.87,0.65,0.00,25.25
-0.90,0.56,-0.80,-0.38,-0.89,0.61,0.00,25.25
-0.89,0.57,-0.47,0.35,-0.89,0.57,0.00,25.25
-0.86,0.64,-0.13,1.49,-0.86,0.64,0.00,25.26
-0.83,0.68,-0.07,1.71,-0.86,0.64,0.00,25.26
-0.82,0.70,0.08,1.29,-0.83,0.68,0.00,25.25
-0.80,0.73,-0.25,0.83,-0.82,0.70,0.00,25.25
-0.78,0.70,-0.09,0.20,-0.78,0.70,0.00,25.25
-0.79,0.68,-0.53,0.01,-0.79,0.68,0.00,25.25
-0.79,0.65,-0.65,0.02,-0.79,0.68,0.00,25.25
-0.77,0.66,-0.52,-0.07,-0.79,0.65,0.00,25.25
-0.76,0.64,-0.20,0.41,-0.77,0.66,0.00,25.25
-0.74,0.70,-0.20,1.25,-0.74,0.70,0.00,25.26
-0.76,0.74,-0.66,1.39,-0.76,0.74,0.00,25.26
-0.76,0.77,-0.78,1.35,-0.76,0.74,0.00,25.26
-0.77,0.81,-0.52,0.93,-0.76,0.77,0.00,25.25
-0.79,0.81,-0.68,1.30,-0.77,0.81,0.00,25.26
-0.78,0.75,-0.35,-0.44,-0.78,0.75,0.00,25.25
-0.77,0.71,-0.34,-0.28,-0.77,0.71,0.00,25.25
-0.78,0.67,-0.38,-0.17,-0.77,0.71,0.00,25.25
-0.76,0.67,-0.49,-0.32,-0.78,0.67,0.00,25.25
-0.80,0.67,-0.19,0.40,-0.76,0.67,0.00,25.25
-0.82,0.71,-0.95,1.02,-0.82,0.71,0.00,25.26
-0.88,0.71,-1.48,0.68,-0.88,0.71,0.00,25.26
-0.89,0.73,-1.62,0.55,-0.88,0.71,0.00,25.26
-0.90,0.77,-1.07,0.74,-0.89,0.73,0.00,25.25
-0.90,0.77,-0.50,1.32,-0.90,0.77,0.00,25.26
-0.91,0.80,-0.54,0.93,-0.91,0.80,0.00,25.25
-0.91,0.83,-0.65,0.99,-0.91,0.83,0.00,25.25
-0.90,0.87,-0.69,0.99,-0.91,0.83,0.00,25.25
-0.88,0.84,-0.29,1.28,-0.90,0.87,0.00,25.25
-0.88,0.81,-0.26,0.30,-0.88,0.84,0.00,25.25
-0.88,0.76,-0.61,-0.39,-0.88,0.76,0.00,25.25
-0.87,0.74,-0.41,-0.01,-0.87,0.74,0.00,25.25
-0.83,0.75,-0.36,0.11,-0.87,0.74,0.00,25.25
-0.85,0.76,0.04,0.46,-0.83,0.75,0.00,25.25
-0.88,0.81,-0.66,0.81,-0.85,0.76,0.00,25.25
-0.87,0.84,-0.52,1.12,-0.87,0.84,0.00,25.25
-0.88,0.82,-0.68,0.39,-0.88,0.82,0.00,25.25
-0.88,0.84,-0.75,0.22,-0.88,0.82,0.00,25.25
-0.88,0.89,-0.64,0.82,-0.88,0.84,0.00,25.25
-0.88,0.89,-0.51,1.28,-0.88,0.89,0.00,25.26
-0.89,0.90,-0.48,0.68,-0.88,0.89,0.00,25.25
-0.89,0.91,-0.61,0.81,-0.89,0.91,0.00,25.25
-0.90,0.97,-0.58,0.81,-0.89,0.91,0.00,25.25
-0.89,1.04,-0.71,1.59,-0.90,0.97,0.00,25.26
-0.90,1.09,-0.67,1.94,-0.89,1.04,0.00,25.26
-0.92,1.11,-0.90,1.11,-0.92,1.11,0.00,25.25
-0.91,1.12,-0.51,0.92,-0.91,1.12,0.00,25.25
-0.90,1.14,-0.40,0.91,-0.91,1.12,0.00,25.25
-0.91,1.13,-0.39,1.07,-0.90,1.14,0.00,25.25
-0.94,1.15,-0.68,0.58,-0.91,1.13,0.00,25.25
-0.94,1.14,-0.85,0.76,-0.94,1.14,0.00,25.25
-0.96,1.16,-0.90,0.84,-0.96,1.16,0.00,25.25
-0.98,1.14,-0.93,0.89,-0.96,1.16,0.00,25.25
-0.98,1.16,-0.94,0.62,-0.98,1.14,0.00,25.25
-0.97,1.13,-0.64,0.88,-0.98,1.16,0.00,25.25
-0.96,1.13,-0.44,0.56,-0.96,1.13,0.00,25.25
-0.92,1.11,-0.03,0.29,-0.92,1.11,0.00,25.25
-0.92,1.08,0.07,0.21,-0.92,1.11,0.00,25.25
-0.93,1.03,-0.55,0.15,-0.92,1.08,0.00,25.25
-0.89,1.04,-0.56,-0.09,-0.93,1.03,0.00,25.25
-0.87,1.03,0.04,0.47,-0.87,1.03,0.00,25.25
-0.83,0.96,0.07,-0.42,-0.83,0.96,0.00,25.25
-0.82,0.96,0.06,-0.63,-0.83,0.96,0.00,25.25
-0.82,0.96,-0.14,0.37,-0.82,0.96,0.00,25.25
-0.79,0.94,-0.42,0.46,-0.82,0.96,0.00,25.25
-0.81,0.94,-0.74,0.50,-0.81,0.94,0.00,25.25
-0.82,0.96,-0.75,0.82,-0.82,0.96,0.00,25.25
-0.82,0.98,-0.71,0.89,-0.82,0.96,0.00,25.25
-0.81,0.97,-0.47,0.98,-0.82,0.98,0.00,25.25
-0.80,0.97,-0.38,0.48,-0.81,0.97,0.00,25.25
-0.80,0.97,-0.47,0.89,-0.80,0.97,0.00,25.25
-0.81,0.98,-0.45,0.61,-0.81,0.98,0.00,25.25
-0.78,0.99,-0.44,0.52,-0.81,0.98,0.00,25.25
-0.78,0.97,-0.16,0.79,-0.78,0.99,0.00,25.25
-0.78,0.97,-0.37,0.41,-0.78,0.97,0.00,25.25
-0.78,0.94,-0.50,-0.01,-0.78,0.94,0.00,25.25
-0.78,0.94,-0.58,0.40,-0.78,0.94,0.00,25.25
-0.80,0.91,-0.60,0.55,-0.78,0.94,0.00,25.25
-0.80,0.90,-0.75,0.24,-0.80,0.91,0.00,25.25
-0.81,0.90,-0.50,0.35,-0.80,0.90,0.00,25.25
-0.81,0.90,-0.71,1.41,-0.81,0.90,0.00,25.26
-0.82,1.00,-0.53,1.47,-0.82,1.00,0.00,25.26
-0.82,1.04,-0.49,1.41,-0.82,1.00,0.00,25.26
-0.82,1.07,-0.53,1.36,-0.82,1.04,0.00,25.26
-0.81,1.08,-0.51,1.30,-0.82,1.07,0.00,25.25
-0.84,1.10,-0.87,0.96,-0.84,1.10,0.00,25.25
-0.87,1.07,-1.13,0.31,-0.87,1.07,0.00,25.25
-0.88,1.02,-1.17,0.15,-0.87,1.07,0.00,25.25
-0.89,0.98,-0.82,-0.25,-0.88,1.02,0.00,25.25
-0.90,0.96,-0.56,-0.06,-0.89,0.98,0.00,25.25
-0.91,1.00,-0.76,1.02,-0.91,1.00,0.00,25.25
-0.94,1.00,-1.12,0.77,-0.94,1.00,0.00,25.25
-0.94,1.02,-1.21,0.66,-0.94,1.00,0.00,25.25
-0.98,1.02,-0.67,1.02,-0.94,1.02,0.00,25.25
-1.01,1.01,-1.18,0.68,-0.98,1.02,0.00,25.26
-1.02,1.00,-1.30,0.51,-1.01,1.01,0.00,25.26
-1.02,1.01,-0.87,0.45,-1.02,1.00,0.00,25.25
-1.02,0.96,-0.70,0.73,-1.02,1.01,0.00,25.25
-1.01,0.90,-0.60,-0.32,-1.02,0.96,0.00,25.25
-1.01,0.92,-0.43,-0.37,-1.01,0.90,0.00,25.25
-1.05,0.89,-1.14,0.10,-1.05,0.89,0.00,25.25
-1.05,0.87,-0.94,0.23,-1.05,0.87,0.00,25.25
-1.04,0.88,-0.86,0.31,-1.05,0.87,0.00,25.25
-1.04,0.89,-0.45,0.43,-1.04,0.88,0.00,25.25
-1.04,0.92,-0.71,0.83,-1.04,0.89,0.00,25.25
-1.04,0.92,-0.68,0.65,-1.04,0.92,0.00,25.25
-1.02,0.92,-0.68,0.56,-1.04,0.92,0.00,25.25
-1.02,0.88,-0.38,0.53,-1.02,0.92,0.00,25.25
-1.02,0.79,-0.51,0.00,-1.02,0.88,0.00,25.25
-1.01,0.77,-0.73,-0.98,-1.02,0.79,0.00,25.25
-0.99,0.74,-0.32,-0.18,-0.99,0.74,0.00,25.25
-0.97,0.66,-0.11,-0.76,-0.97,0.66,0.00,25.25
-0.93,0.67,-0.07,-0.90,-0.97,0.66,0.00,25.25
-0.91,0.66,-0.01,0.24,-0.93,0.67,0.00,25.25
-0.92,0.69,-0.15,0.32,-0.91,0.66,0.00,25.25
-0.92,0.73,-0.56,1.19,-0.92,0.73,0.00,25.25
-0.92,0.79,-0.60,1.50,-0.92,0.79,0.00,25.26
-0.93,0.82,-0.62,1.55,-0.92,0.79,0.00,25.26
-0.88,0.81,-0.71,1.11,-0.93,0.82,0.00,25.25
-0.88,0.82,0.06,0.51,-0.88,0.81,0.00,25.25
-0.83,0.88,0.15,1.58,-0.83,0.88,0.00,25.26
-0.81,0.92,0.08,1.48,-0.81,0.92,0.00,25.26
-0.84,0.94,0.03,1.39,-0.81,0.92,0.00,25.25
-0.84,0.94,-1.00,1.06,-0.84,0.94,0.00,25.26
-0.86,0.93,-0.71,0.45,-0.84,0.94,0.00,25.25
-0.85,0.96,-0.49,1.02,-0.85,0.96,0.00,25.25
-0.87,0.94,-0.76,0.32,-0.87,0.94,0.00,25.25
-0.87,0.96,-0.86,0.12,-0.87,0.94,0.00,25.25
-0.86,1.01,-0.68,0.90,-0.87,0.96,0.00,25.25
-0.87,1.07,-0.32,1.42,-0.86,1.01,0.00,25.26
-0.88,1.11,-0.76,1.59,-0.88,1.11,0.00,25.26
-0.90,1.08,-0.88,0.51,-0.90,1.08,0.00,25.25
-0.92,1.08,-0.91,0.25,-0.90,1.08,0.00,25.25
-0.91,1.11,-1.02,0.66,-0.92,1.08,0.00,25.25
-0.90,1.12,-0.48,1.04,-0.91,1.11,0.00,25.25
-0.89,1.10,-0.34,0.48,-0.89,1.10,0.00,25.25
-0.88,1.08,-0.36,0.22,-0.88,1.08,0.00,25.25
-0.88,1.06,-0.36,0.20,-0.88,1.08,0.00,25.25
-0.88,1.09,-0.60,0.36,-0.88,1.06,0.00,25.25
-0.86,1.10,-0.49,1.03,-0.88,1.09,0.00,25.25
-0.90,1.10,-1.11,0.71,-0.90,1.10,0.00,25.26
-0.95,1.10,-1.38,0.64,-0.95,1.10,0.00,25.26
-0.96,1.04,-1.39,0.64,-0.95,1.10,0.00,25.26
-0.97,1.02,-0.91,-0.41,-0.96,1.04,0.00,25.25
-1.00,1.02,-1.02,0.31,-0.97,1.02,0.00,25.25
-0.99,1.05,-0.58,0.99,-0.99,1.05,0.00,25.25
-0.98,1.04,-0.47,0.65,-0.98,1.04,0.00,25.25
-0.98,1.03,-0.47,0.54,-0.98,1.04,0.00,25.25
-0.95,1.02,-0.51,0.48,-0.98,1.03,0.00,25.25
-0.93,0.99,-0.13,0.39,-0.95,1.02,0.00,25.25
-0.93,0.93,-0.48,-0.40,-0.93,0.93,0.00,25.25
-0.91,0.91,-0.32,0.08,-0.91,0.91,0.00,25.25
-0.89,0.91,-0.26,0.23,-0.91,0.91,0.00,25.25
-0.90,0.85,-0.14,0.50,-0.89,0.91,0.00,25.25
-0.92,0.83,-0.81,-0.52,-0.90,0.85,0.00,25.25
-0.91,0.79,-0.53,-0.10,-0.91,0.79,0.00,25.25
-0.90,0.74,-0.37,-0.49,-0.90,0.74,0.00,25.25
-0.91,0.71,-0.36,-0.58,-0.90,0.74,0.00,25.25
-0.88,0.67,-0.66,-0.16,-0.91,0.71,0.00,25.25
-0.86,0.62,-0.19,-0.31,-0.88,0.67,0.00,25.25
-0.85,0.57,-0.30,-0.59,-0.85,0.57,0.00,25.25
-0.82,0.57,-0.12,0.19,-0.82,0.57,0.00,25.25
-0.80,0.58,-0.06,0.39,-0.82,0.57,0.00,25.25
-0.78,0.60,-0.17,0.58,-0.80,0.58,0.00,25.25
-0.78,0.62,-0.17,0.65,-0.78,0.60,0.00,25.25
-0.75,0.64,0.01,0.72,-0.75,0.64,0.00,25.25
-0.72,0.65,0.15,0.71,-0.72,0.65,0.00,25.25
-0.71,0.64,0.15,0.71,-0.72,0.65,0.00,25.25
-0.68,0.66,-0.13,0.28,-0.71,0.64,0.00,25.25
-0.66,0.67,0.03,0.72,-0.68,0.66,0.00,25.25
-0.67,0.70,-0.13,0.65,-0.66,0.67,0.00,25.25
-0.67,0.73,-0.46,0.90,-0.67,0.73,0.00,25.25
-0.68,0.74,-0.49,0.88,-0.67,0.73,0.00,25.25
-0.68,0.70,-0.62,0.84,-0.68,0.74,0.00,25.25
-0.69,0.76,-0.56,-0.17,-0.68,0.70,0.00,25.25
-0.70,0.80,-0.60,1.24,-0.70,0.80,0.00,25.25
-0.70,0.80,-0.53,0.71,-0.70,0.80,0.00,25.25
-0.70,0.83,-0.52,0.58,-0.70,0.80,0.00,25.25
-0.70,0.88,-0.54,1.17,-0.70,0.83,0.00,25.25
-0.71,0.89,-0.40,1.33,-0.70,0.88,0.00,25.26
-0.73,0.88,-0.81,0.41,-0.73,0.88,0.00,25.25
-0.77,0.87,-1.04,0.48,-0.77,0.87,0.00,25.25
-0.78,0.90,-1.09,0.53,-0.77,0.87,0.00,25.25
-0.81,0.91,-0.75,1.05,-0.78,0.90,0.00,25.25
-0.84,0.86,-1.10,0.77,-0.81,0.91,0.00,25.25
-0.84,0.86,-0.73,0.68,-0.84,0.86,0.00,25.25
-0.84,0.88,-1.04,1.15,-0.84,0.88,0.00,25.26
-0.90,0.95,-1.15,1.22,-0.88,0.92,0.00,25.26
-0.90,0.95,-1.12,1.11,-0.90,0.95,0.00,25.26
-0.90,0.93,-0.74,0.67,-0.90,0.95,0.00,25.25
-0.90,0.93,-0.46,0.78,-0.90,0.93,0.00,25.25
-0.90,0.94,-0.76,0.75,-0.90,0.94,0.00,25.25
-0.93,0.95,-0.85,0.70,-0.91,0.94,0.00,25.25
-0.93,0.93,-0.97,0.73,-0.93,0.95,0.00,25.25
-0.94,0.89,-0.74,0.37,-0.93,0.93,0.00,25.25
-0.94,0.88,-0.66,0.20,-0.94,0.88,0.00,25.25
-0.95,0.89,-0.76,0.68,-0.95,0.89,0.00,25.25
-0.97,0.87,-0.79,0.78,-0.95,0.89,0.00,25.25
-0.97,0.87,-0.86,0.21,-0.97,0.87,0.00,25.25
-0.96,0.84,-0.67,0.50,-0.97,0.87,0.00,25.25
-0.99,0.84,-0.93,0.37,-0.99,0.84,0.00,25.25
-1.00,0.86,-0.86,0.72,-1.00,0.86,0.00,25.25
-0.98,0.83,-0.83,0.80,-1.00,0.86,0.00,25.25
-0.94,0.78,-0.32,0.09,-0.98,0.83,0.00,25.25
-0.93,0.78,-0.03,-0.21,-0.94,0.78,0.00,25.25
-0.94,0.74,-0.65,-0.24,-0.94,0.74,0.00,25.25
-0.91,0.72,-0.32,0.03,-0.91,0.72,0.00,25.25
-0.91,0.66,-0.21,0.12,-0.91,0.72,0.00,25.25
-0.90,0.64,-0.36,-0.58,-0.91,0.66,0.00,25.25
-0.89,0.61,-0.46,0.12,-0.90,0.64,0.00,25.25
-0.89,0.61,-0.45,0.28,-0.89,0.61,0.00,25.25
-0.86,0.62,-0.48,0.41,-0.89,0.61,0.00,25.25
-0.84,0.65,-0.12,0.56,-0.86,0.62,0.00,25.25
-0.84,0.65,-0.07,0.98,-0.84,0.65,0.00,25.25
-0.84,0.62,-0.54,0.48,-0.84,0.65,0.00,25.25
-0.84,0.62,-0.29,0.88,-0.84,0.62,0.00,25.25
-0.79,0.65,-0.06,0.41,-0.79,0.65,0.00,25.25
-0.76,0.63,-0.03,0.22,-0.79,0.65,0.00,25.25
-0.74,0.62,0.09,0.09,-0.76,0.63,0.00,25.25
-0.71,0.61,-0.12,0.14,-0.74,0.62,0.00,25.25
-0.71,0.61,-0.24,1.03,-0.71,0.61,0.00,25.25
-0.71,0.66,-0.41,1.32,-0.71,0.66,0.00,25.25
-0.69,0.77,-0.43,1.36,-0.71,0.71,0.00,25.26
-0.69,0.79,-0.18,1.58,-0.69,0.77,0.00,25.26
-0.70,0.81,-0.40,0.92,-0.69,0.79,0.00,25.25
-0.70,0.81,-0.37,0.85,-0.70,0.81,0.00,25.25
-0.69,0.84,-0.63,0.81,-0.69,0.84,0.00,25.25
-0.72,0.88,-0.71,0.74,-0.71,0.85,0.00,25.25
-0.73,0.87,-0.69,1.06,-0.72,0.88,0.00,25.25
-0.73,0.94,-0.71,0.67,-0.73,0.87,0.00,25.25
-0.77,0.97,-1.08,1.40,-0.77,0.97,0.00,25.26
-0.81,1.01,-1.24,1.25,-0.81,1.01,0.00,25.26
-0.82,1.05,-1.24,1.23,-0.81,1.01,0.00,25.26
-0.83,1.08,-0.80,1.55,-0.82,1.05,0.00,25.26
-0.86,1.08,-0.74,1.16,-0.83,1.08,0.00,25.25
-0.87,1.06,-0.78,0.40,-0.87,1.06,0.00,25.25
-0.88,1.03,-0.81,0.17,-0.88,1.03,0.00,25.25
-0.88,1.03,-0.83,0.13,-0.88,1.03,0.00,25.25
-0.91,1.01,-0.54,0.53,-0.88,1.03,0.00,25.25
-0.93,0.97,-1.00,0.28,-0.91,1.01,0.00,25.25
-0.94,0.95,-0.87,0.13,-0.94,0.95,0.00,25.25
-0.94,0.95,-0.57,0.65,-0.94,0.95,0.00,25.25
-0.95,0.91,4.90,0.77,9.06,0.95,0.00,25.38
-0.96,0.86,5.53,-0.07,9.05,0.91,0.00,25.37
-0.98,0.82,5.57,-0.39,9.04,0.86,0.00,25.37
-0.98,0.81,5.41,-0.31,9.02,0.82,0.00,25.36
-0.98,0.78,5.75,0.34,9.02,0.81,0.00,25.37
-0.99,0.73,5.78,0.08,9.02,0.78,0.00,25.38
-1.02,0.68,5.59,-0.49,9.01,0.73,0.00,25.37
-1.14,0.61,5.19,-0.39,8.98,0.68,0.00,25.35
-1.14,0.61,4.09,0.73,8.86,0.61,0.00,25.32
-1.21,0.65,3.91,1.66,8.79,0.65,0.00,25.32
-1.41,0.80,3.80,1.81,8.69,0.73,0.00,25.32
-1.61,0.79,3.52,1.92,8.59,0.80,0.00,25.31
-1.80,0.83,1.83,0.58,8.39,0.79,0.00,25.26
-1.80,0.83,2.25,0.48,8.20,0.83,0.00,25.27
-1.94,0.81,2.36,1.59,8.06,0.81,0.00,25.28
-2.25,0.90,2.28,1.95,7.91,0.90,0.00,25.28
-2.48,0.94,1.92,0.90,7.75,0.90,0.00,25.26
-2.75,0.99,0.76,1.24,7.52,0.94,0.00,25.26
-3.03,1.04,-0.84,1.58,6.97,1.04,0.00,25.26
-3.31,1.05,-1.06,0.98,6.69,1.05,0.00,25.25
-3.66,1.07,-1.07,0.84,6.69,1.05,0.00,25.25
-3.99,1.11,-2.45,1.09,6.34,1.07,0.00,25.28
-4.34,1.14,-2.63,1.36,6.01,1.11,0.00,25.28
-4.68,1.16,-3.17,1.16,5.32,1.16,0.00,25.29
-5.02,1.13,-3.14,0.37,4.98,1.13,0.00,25.29
-5.40,1.09,-3.10,0.19,4.98,1.13,0.00,25.28
-5.82,1.01,-4.21,0.03,4.60,1.09,0.00,25.32
-6.20,0.90,-5.08,-0.57,4.18,1.01,0.00,25.35
-6.55,0.78,-4.50,-1.66,3.45,0.78,0.00,25.33
-6.89,0.65,-4.53,-2.15,3.11,0.65,0.00,25.35
-7.24,0.48,-4.55,-2.26,3.11,0.65,0.00,25.35
-7.61,0.40,-4.93,-2.82,2.76,0.48,0.00,25.38
-7.92,0.32,-5.29,-1.63,2.39,0.40,0.00,25.36
-8.20,0.21,-4.22,-1.86,1.80,0.21,0.00,25.33
-8.51,0.07,-4.75,-2.46,1.49,0.07,0.00,25.36
-8.82,-0.05,-4.91,-2.58,1.49,0.07,0.00,25.37
-9.07,-0.18,-5.20,-2.43,1.18,-0.05,0.00,25.38
-9.23,-0.30,-4.34,-2.50,0.93,-0.18,0.00,25.34
-9.23,-0.30,-2.83,-2.31,0.77,-0.30,0.00,25.30
-9.57,-0.51,-2.89,-2.35,0.43,-0.51,0.00,25.30
-9.73,-0.59,-2.87,-2.35,0.43,-0.51,0.00,25.30
-9.84,-0.65,-2.70,-1.99,0.27,-0.59,0.00,25.29
-9.95,-0.70,-2.09,-1.60,0.16,-0.65,0.00,25.27
-9.95,-0.70,-1.95,-1.72,0.05,-0.70,0.00,25.27
-10.05,-0.76,-1.23,-1.37,-0.05,-0.76,0.00,25.26
-10.16,-0.84,-1.08,-1.28,-0.10,-0.80,0.00,25.26
-10.18,-0.90,-1.13,-1.20,-0.16,-0.84,0.00,25.26
-10.20,-0.87,-0.58,-1.54,-0.18,-0.90,0.00,25.26
-10.20,-0.87,-0.53,0.06,-0.20,-0.87,0.00,25.25
-10.24,-0.71,-0.46,1.08,-0.24,-0.71,0.00,25.25
-10.25,-0.62,-0.42,1.17,-0.24,-0.71,0.00,25.25
-10.22,-0.50,-0.35,1.32,-0.25,-0.62,0.00,25.25
-10.19,-0.39,0.35,1.81,-0.22,-0.50,0.00,25.26
-10.14,-0.23,0.75,2.71,-0.14,-0.23,0.00,25.28
-10.14,-0.08,0.08,2.85,-0.14,-0.08,0.00,25.28
-10.16,0.06,-0.11,2.84,-0.14,-0.08,0.00,25.28
-10.17,0.26,-0.56,3.00,-0.16,0.06,0.00,25.28
-10.16,0.44,-0.09,3.84,-0.17,0.26,0.00,25.31
-10.16,0.56,0.01,2.97,-0.16,0.56,0.00,25.28
-10.15,0.69,0.03,2.82,-0.15,0.69,0.00,25.28
-10.15,0.85,0.04,2.82,-0.15,0.69,0.00,25.28
-10.17,1.02,-0.09,3.52,-0.15,0.85,0.00,25.30
-10.23,1.19,-0.34,3.87,-0.17,1.02,0.00,25.31
-10.30,1.31,-1.46,3.24,-0.30,1.31,0.00,25.29
-10.34,1.47,-1.12,3.87,-0.34,1.47,0.00,25.31
-10.38,1.59,-1.02,4.06,-0.34,1.47,0.00,25.32
-10.42,1.70,-0.97,3.57,-0.38,1.59,0.00,25.30
-10.46,1.82,-0.89,3.21,-0.42,1.70,0.00,25.29
-10.52,1.86,-1.31,2.37,-0.52,1.86,0.00,25.27
-10.56,1.88,-1.22,1.72,-0.56,1.88,0.00,25.26
-10.61,1.92,-1.18,1.62,-0.56,1.88,0.00,25.26
-10.70,1.93,-1.19,1.91,-0.61,1.92,0.00,25.27
-10.79,1.94,-2.00,1.30,-0.70,1.93,0.00,25.27
-10.85,1.93,-1.87,1.15,-0.85,1.93,0.00,25.26
-10.91,1.96,-1.66,1.65,-0.91,1.96,0.00,25.27
-10.98,1.96,-1.63,1.79,-0.91,1.96,0.00,25.27
-11.06,1.92,-2.00,1.36,-0.98,1.96,0.00,25.27
-11.13,1.88,-2.14,0.62,-1.06,1.92,0.00,25.27
-11.19,1.80,-1.91,-0.19,-1.19,1.80,0.00,25.26
-11.22,1.68,-1.44,-1.12,-1.22,1.68,0.00,25.26
-11.25,1.59,-1.34,-1.30,-1.22,1.68,0.00,25.26
-11.29,1.44,-1.42,-0.86,-1.25,1.59,0.00,25.26
-11.29,1.31,-1.53,-1.77,-1.29,1.44,0.00,25.27
-11.24,1.24,-0.07,-0.93,-1.24,1.24,0.00,25.25
-11.22,1.15,-0.32,-0.99,-1.22,1.15,0.00,25.25
-11.25,1.04,-0.45,-1.05,-1.22,1.15,0.00,25.25
-11.24,0.98,-1.17,-1.24,-1.25,1.04,0.00,25.26
-11.21,0.91,-0.78,-0.76,-1.24,0.98,0.00,25.25
-11.15,0.85,0.14,-0.66,-1.15,0.85,0.00,25.25
-11.10,0.79,0.26,-0.71,-1.10,0.79,0.00,25.25
-11.05,0.71,0.28,-0.72,-1.10,0.79,0.00,25.25
-10.99,0.68,0.34,-1.05,-1.05,0.71,0.00,25.25
-10.91,0.70,0.49,-0.30,-0.99,0.68,0.00,25.25
-10.85,0.69,0.56,0.37,-0.85,0.69,0.00,25.25
-10.81,0.66,0.33,-0.14,-0.81,0.66,0.00,25.25
-10.75,0.68,0.30,-0.24,-0.81,0.66,0.00,25.25
-10.70,0.67,0.63,0.56,-0.75,0.68,0.00,25.25
-10.65,0.70,0.58,0.46,-0.70,0.67,0.00,25.25
-10.62,0.74,0.38,1.22,-0.62,0.74,0.00,25.25
-10.58,0.81,0.23,1.77,-0.58,0.81,0.00,25.26
-10.55,0.87,0.19,1.88,-0.58,0.81,0.00,25.26
-10.53,0.91,0.21,1.54,-0.55,0.87,0.00,25.26
-10.53,0.97,0.18,1.47,-0.53,0.91,0.00,25.26
-10.53,1.02,-0.30,1.55,-0.53,1.02,0.00,25.26
-10.55,1.09,-0.68,2.11,-0.55,1.09,0.00,25.27
-10.55,1.12,-0.77,2.26,-0.55,1.09,0.00,25.27
-10.58,1.16,-0.38,1.35,-0.55,1.12,0.00,25.25
-10.60,1.19,-0.73,1.39,-0.58,1.16,0.00,25.26
-10.67,1.26,-1.52,2.04,-0.67,1.26,0.00,25.28
-10.72,1.34,-1.47,2.42,-0.72,1.34,0.00,25.28
-10.80,1.42,-1.42,2.48,-0.72,1.34,0.00,25.28
-10.86,1.43,-1.81,2.26,-0.80,1.42,0.00,25.28
-10.90,1.45,-1.79,1.35,-0.86,1.43,0.00,25.27
-10.95,1.48,-1.63,1.49,-0.95,1.48,0.00,25.27
-11.02,1.51,-1.74,1.61,-1.02,1.51,0.00,25.27
-11.07,1.51,-1.75,1.62,-1.02,1.51,0.00,25.27
-11.17,1.46,-1.73,1.11,-1.07,1.51,0.00,25.26
-11.22,1.46,-2.42,0.27,-1.17,1.46,0.00,25.27
-11.28,1.44,-1.86,0.65,-1.28,1.44,0.00,25.26
-11.32,1.42,-1.73,0.47,-1.32,1.42,0.00,25.26
-11.35,1.41,-1.70,0.43,-1.32,1.42,0.00,25.26
-11.40,1.37,-1.39,0.52,-1.35,1.41,0.00,25.26
-11.44,1.34,-1.81,0.28,-1.40,1.37,0.00,25.26
-11.47,1.29,-1.57,-0.00,-1.47,1.29,0.00,25.26
-11.51,1.22,-1.61,-0.52,-1.51,1.22,0.00,25.26
-11.53,1.16,-1.62,-0.63,-1.51,1.22,0.00,25.26
-11.54,1.10,-1.41,-0.37,-1.53,1.16,0.00,25.26
-11.53,1.07,-1.25,-0.34,-1.54,1.10,0.00,25.25
-11.53,1.03,-0.87,-0.19,-1.53,1.03,0.00,25.25
-11.54,1.00,-1.06,-0.01,-1.54,1.00,0.00,25.25
-11.52,1.00,-1.11,0.06,-1.54,1.00,0.00,25.25
-11.49,0.97,-0.72,0.44,-1.52,1.00,0.00,25.25
-11.44,0.94,-0.48,0.03,-1.49,0.97,0.00,25.25
-11.38,0.92,0.18,0.11,-1.38,0.92,0.00,25.25
-11.35,0.92,-0.05,0.45,-1.35,0.92,0.00,25.25
-11.30,0.96,-0.12,0.53,-1.35,0.92,0.00,25.25
-11.27,0.95,-0.09,1.42,-1.30,0.96,0.00,25.26
-11.23,0.93,-0.10,0.47,-1.27,0.95,0.00,25.25
-11.23,0.93,0.15,0.92,-1.23,0.93,0.00,25.25
-11.13,1.02,0.15,1.45,-1.13,1.02,0.00,25.26
-11.09,1.08,0.13,1.54,-1.13,1.02,0.00,25.26
-11.06,1.11,0.06,1.89,-1.09,1.08,0.00,25.26
-11.03,1.13,-0.04,1.33,-1.06,1.11,0.00,25.25
-11.02,1.17,-0.38,1.30,-1.02,1.17,0.00,25.26
-11.02,1.23,-0.65,2.00,-1.02,1.23,0.00,25.27
-11.03,1.27,-0.70,2.16,-1.02,1.23,0.00,25.27
-11.03,1.30,-0.83,1.72,-1.03,1.27,0.00,25.26
-11.03,1.36,-0.64,1.45,-1.03,1.30,0.00,25.26
-11.06,1.44,-1.13,2.25,-1.06,1.44,0.00,25.27
-11.09,1.50,-1.12,2.19,-1.09,1.50,0.00,25.27
-11.08,1.56,-1.08,2.15,-1.09,1.50,0.00,25.27
-11.07,1.61,-0.65,2.13,-1.08,1.56,0.00,25.27
-11.12,1.63,-0.75,1.98,-1.07,1.61,0.00,25.26
-11.17,1.64,-1.61,1.39,-1.17,1.64,0.00,25.26
-11.20,1.64,-1.38,1.07,-1.20,1.64,0.00,25.26
-11.23,1.64,-1.32,0.99,-1.20,1.64,0.00,25.26
-11.29,1.61,-1.44,1.12,-1.23,1.64,0.00,25.26
-11.31,1.61,-1.66,0.54,-1.29,1.61,0.00,25.26
-11.32,1.62,-1.11,1.14,-1.32,1.62,0.00,25.26
-11.33,1.63,-1.08,1.21,-1.33,1.63,0.00,25.26
-11.38,1.61,-1.09,1.22,-1.33,1.63,0.00,25.26
-11.42,1.56,-1.65,0.67,-1.38,1.61,0.00,25.26
-11.41,1.50,-1.60,0.08,-1.42,1.56,0.00,25.26
-11.39,1.49,-0.60,0.53,-1.39,1.49,0.00,25.25
-11.42,1.43,-1.26,0.00,-1.42,1.43,0.00,25.25
-11.43,1.38,-1.44,-0.18,-1.42,1.43,0.00,25.26
-11.41,1.36,-1.22,-0.14,-1.43,1.38,0.00,25.25
-11.38,1.36,-0.42,0.49,-1.41,1.36,0.00,25.25
-11.39,1.32,-0.96,0.27,-1.39,1.32,0.00,25.25
-11.38,1.28,-0.81,0.06,-1.38,1.28,0.00,25.25
-11.35,1.27,-0.74,0.04,-1.38,1.28,0.00,25.25
-11.31,1.25,-0.29,0.33,-1.35,1.27,0.00,25.25
-11.29,1.22,-0.10,0.39,-1.31,1.25,0.00,25.25
-11.28,1.17,-0.65,-0.09,-1.28,1.17,0.00,25.25
-11.26,1.16,-0.35,0.56,-1.26,1.16,0.00,25.25
-11.21,1.16,-0.27,0.74,-1.26,1.16,0.00,25.25
-11.20,1.11,-0.01,0.75,-1.21,1.16,0.00,25.25
-11.17,1.10,-0.40,-0.17,-1.20,1.11,0.00,25.25
-11.17,1.10,-0.11,0.26,-1.17,1.10,0.00,25.25
-11.14,1.08,-0.08,0.86,-1.14,1.08,0.00,25.25
-11.08,1.13,-0.06,1.03,-1.10,1.10,0.00,25.25
-11.06,1.15,-0.35,1.13,-1.08,1.13,0.00,25.25
-11.05,1.15,-0.28,1.22,-1.06,1.15,0.00,25.25
-11.05,1.15,-0.71,0.46,-1.05,1.15,0.00,25.25
-11.06,1.13,-0.66,0.74,-1.06,1.13,0.00,25.25
-11.06,1.16,-0.63,0.85,-1.06,1.13,0.00,25.25
-11.05,1.17,-0.71,1.22,-1.06,1.16,0.00,25.26
-11.06,1.18,-0.50,0.99,-1.05,1.17,0.00,25.25
-11.06,1.18,-0.87,1.07,-1.06,1.18,0.00,25.25
-11.07,1.20,-0.78,1.52,-1.07,1.20,0.00,25.26
-11.09,1.27,-0.75,1.64,-1.07,1.25,0.00,25.26
-11.11,1.33,-1.07,1.19,-1.09,1.27,0.00,25.26
-11.13,1.37,-1.05,1.93,-1.11,1.33,0.00,25.27
-11.15,1.38,-1.01,1.55,-1.13,1.37,0.00,25.26
-11.15,1.41,-0.85,1.34,-1.15,1.41,0.00,25.26
-11.15,1.45,-0.79,1.36,-1.15,1.41,0.00,25.26
-11.17,1.44,-0.78,1.56,-1.15,1.45,0.00,25.26
-11.22,1.43,-1.15,0.91,-1.17,1.44,0.00,25.26
-11.25,1.43,-1.46,0.93,-1.25,1.43,0.00,25.26
-11.28,1.46,-1.31,1.41,-1.28,1.46,0.00,25.26
-11.31,1.46,-1.28,1.52,-1.28,1.46,0.00,25.26
-11.35,1.46,-1.43,0.90,-1.31,1.46,0.00,25.26
-11.34,1.51,-1.47,0.98,-1.35,1.46,0.00,25.26
-11.34,1.51,-1.09,1.51,-1.34,1.51,0.00,25.26
-11.38,1.51,-1.25,0.77,-1.38,1.51,0.00,25.26
-11.39,1.44,-1.28,0.60,-1.38,1.51,0.00,25.25
-11.40,1.42,-1.20,-0.38,-1.39,1.44,0.00,25.25
-11.40,1.38,-0.99,0.38,-1.40,1.42,0.00,25.25
-11.39,1.36,-0.92,0.32,-1.39,1.36,0.00,25.25
-11.39,1.36,-0.66,0.80,-1.39,1.36,0.00,25.25
-11.34,1.38,-0.58,0.91,-1.38,1.35,0.00,25.25
-11.31,1.38,-0.13,1.13,-1.34,1.38,0.00,25.25
-11.32,1.34,-0.25,1.02,-1.31,1.38,0.00,25.25
-11.32,1.34,-0.65,0.57,-1.32,1.34,0.00,25.25
-11.28,1.31,-0.39,0.54,-1.28,1.31,0.00,25.25
-11.28,1.27,-0.35,0.52,-1.28,1.31,0.00,25.25
-11.25,1.22,-0.67,0.05,-1.28,1.27,0.00,25.25
-11.22,1.19,-0.21,-0.31,-1.25,1.22,0.00,25.25
-11.20,1.17,-0.40,0.44,-1.20,1.17,0.00,25.25
-11.16,1.21,-0.07,1.22,-1.16,1.21,0.00,25.25
-11.15,1.21,0.02,1.40,-1.16,1.21,0.00,25.26
-11.17,1.15,-0.42,0.96,-1.15,1.21,0.00,25.25
-11.15,1.14,-0.98,-0.09,-1.17,1.15,0.00,25.25
-11.11,1.18,-0.04,1.12,-1.11,1.18,0.00,25.25
-11.07,1.21,0.14,1.34,-1.07,1.21,0.00,25.25
-11.07,1.19,0.16,1.34,-1.07,1.21,0.00,25.25
-11.07,1.16,-0.50,0.52,-1.07,1.19,0.00,25.25
-11.04,1.17,-0.59,0.33,-1.07,1.16,0.00,25.25
-11.00,1.16,-0.02,0.57,-1.00,1.16,0.00,25.25
-10.99,1.17,-0.25,0.90,-0.99,1.17,0.00,25.25
-10.98,1.19,-0.32,1.00,-0.99,1.17,0.00,25.25
-10.94,1.17,-0.48,1.04,-0.98,1.19,0.00,25.25
-10.91,1.17,0.03,0.51,-0.94,1.17,0.00,25.25
-10.89,1.19,-0.06,0.99,-0.89,1.19,0.00,25.25
-10.88,1.20,-0.44,1.02,-0.88,1.20,0.00,25.25
-10.91,1.22,-0.52,1.00,-0.88,1.20,0.00,25.25
-10.91,1.27,-0.93,1.24,-0.91,1.22,0.00,25.26
-10.88,1.33,-0.68,1.66,-0.91,1.27,0.00,25.26
-10.90,1.32,-0.65,0.88,-0.90,1.32,0.00,25.25
-10.93,1.29,-1.12,0.44,-0.93,1.29,0.00,25.25
-10.95,1.32,-1.21,0.41,-0.93,1.29,0.00,25.25
-10.96,1.34,-0.93,1.26,-0.95,1.32,0.00,25.26
-10.98,1.34,-0.78,1.19,-0.96,1.34,0.00,25.26
-10.98,1.34,-1.14,0.59,-0.98,1.34,0.00,25.25
-11.01,1.32,-1.01,0.24,-1.01,1.32,0.00,25.25
-11.03,1.26,-0.98,0.15,-1.03,1.30,0.00,25.25
-11.02,1.27,-0.72,0.16,-1.03,1.26,0.00,25.25
-11.05,1.27,-0.75,0.85,-1.02,1.27,0.00,25.25
-11.05,1.27,-1.24,0.22,-1.05,1.27,0.00,25.25
-11.08,1.22,-1.14,0.72,-1.08,1.22,0.00,25.25
-11.10,1.25,-1.11,0.89,-1.10,1.23,0.00,25.26
-11.11,1.26,-0.91,1.02,-1.10,1.25,0.00,25.25
-11.12,1.26,-0.66,1.01,-1.11,1.26,0.00,25.25
-11.15,1.26,-1.21,0.79,-1.15,1.26,0.00,25.26
-11.17,1.26,-1.12,0.74,-1.17,1.26,0.00,25.25
-11.18,1.25,-1.08,0.72,-1.17,1.26,0.00,25.25
-11.17,1.24,-0.93,0.59,-1.18,1.25,0.00,25.25
-11.18,1.27,-0.77,0.62,-1.17,1.24,0.00,25.25
-11.20,1.27,-1.18,0.84,-1.20,1.27,0.00,25.26
-11.19,1.24,-0.72,0.38,-1.19,1.24,0.00,25.25
-11.18,1.23,-0.57,0.30,-1.19,1.24,0.00,25.25
-11.22,1.21,-0.62,0.43,-1.18,1.23,0.00,25.25
-11.25,1.19,-1.18,0.43,-1.22,1.21,0.00,25.25
-11.27,1.19,-1.22,0.70,-1.27,1.19,0.00,25.26
-11.27,1.19,-0.89,0.84,-1.27,1.19,0.00,25.25
-11.23,1.21,-0.81,0.85,-1.27,1.19,0.00,25.25
-11.25,1.19,-0.23,1.09,-1.23,1.21,0.00,25.25
-11.29,1.23,-1.11,0.51,-1.25,1.19,0.00,25.25
-11.26,1.31,-0.62,2.21,-1.26,1.31,0.00,25.27
-11.26,1.34,-0.49,1.65,-1.26,1.34,0.00,25.26
-11.28,1.30,-0.51,1.46,-1.26,1.34,0.00,25.26
-11.27,1.28,-1.15,0.19,-1.28,1.30,0.00,25.25
-11.26,1.29,-0.78,0.36,-1.27,1.28,0.00,25.25
-11.25,1.29,-0.57,0.96,-1.25,1.29,0.00,25.25
-11.25,1.29,-0.59,0.96,-1.25,1.29,0.00,25.25
-11.24,1.31,-0.73,0.76,-1.25,1.29,0.00,25.25
-11.24,1.33,-0.62,1.05,-1.24,1.31,0.00,25.25
-11.23,1.37,-0.85,1.34,-1.24,1.33,0.00,25.26
-11.23,1.37,-0.76,1.39,-1.23,1.37,0.00,25.26
-11.21,1.44,-0.48,1.61,-1.21,1.44,0.00,25.26
-11.20,1.41,-0.41,1.66,-1.21,1.44,0.00,25.26
-11.21,1.41,-0.56,0.55,-1.20,1.41,0.00,25.25
-11.23,1.39,-0.89,0.76,-1.21,1.41,0.00,25.25
-11.23,1.39,-1.13,0.27,-1.23,1.39,0.00,25.25
-11.25,1.35,-1.03,0.59,-1.25,1.35,0.00,25.25
-11.27,1.34,-1.00,0.69,-1.26,1.34,0.00,25.25
-11.28,1.34,-1.03,0.77,-1.27,1.34,0.00,25.25
-11.27,1.38,-1.05,0.87,-1.28,1.34,0.00,25.25
-11.25,1.42,-0.47,1.55,-1.25,1.42,0.00,25.26
-11.26,1.44,-0.90,1.39,-1.26,1.44,0.00,25.26
-11.30,1.44,-1.02,1.34,-1.26,1.44,0.00,25.26
-11.33,1.43,-1.45,0.99,-1.30,1.44,0.00,25.26
-11.33,1.43,-1.33,0.97,-1.33,1.43,0.00,25.26
-11.30,1.44,-0.47,0.82,-1.30,1.44,0.00,25.25
-11.31,1.42,-0.90,0.68,-1.31,1.42,0.00,25.25
-11.32,1.46,-1.04,0.65,-1.31,1.42,0.00,25.25
-11.34,1.45,-0.97,1.57,-1.32,1.46,0.00,25.26
-11.33,1.46,-1.18,0.88,-1.34,1.45,0.00,25.26
-11.35,1.51,-1.13,1.60,-1.35,1.51,0.00,25.26
-11.39,1.49,-7.74,-5.26,-11.39,-8.51,0.00,25.60
-11.41,1.49,-7.93,-5.59,-11.39,-8.51,0.00,25.61
-11.38,1.48,-7.68,-5.64,-11.41,-8.51,0.00,25.59
-11.37,1.43,-6.94,-5.55,-11.38,-8.52,0.00,25.54
-11.35,1.41,-6.96,-6.02,-11.35,-8.59,0.00,25.57
-11.32,1.47,-6.62,-4.63,-11.32,-8.53,0.00,25.48
-11.26,1.59,-6.53,-4.30,-11.32,-8.53,0.00,25.48
-11.17,1.73,-6.10,-3.24,-11.26,-8.41,0.00,25.42
-11.07,1.86,-5.41,-2.73,-11.17,-8.27,0.00,25.38
-11.00,1.91,-5.54,-3.96,-11.00,-8.09,0.00,25.43
-10.82,1.99,-3.95,-3.70,-10.82,-8.01,0.00,25.35
-10.60,2.13,-3.54,-3.56,-10.82,-8.01,0.00,25.34
-10.31,2.27,-2.74,-2.47,-10.60,-7.87,0.00,25.29
-10.01,2.44,-1.34,-2.12,-10.31,-7.73,0.00,25.27
-9.81,2.63,-2.00,-1.08,-9.81,-7.37,0.00,25.27
-9.59,2.87,-2.05,-0.21,-9.59,-7.13,0.00,25.26
-9.36,3.15,-1.98,-0.03,-9.59,-7.13,0.00,25.26
-9.11,3.49,-1.65,0.68,-9.36,-6.85,0.00,25.26
-8.86,3.83,-1.08,2.07,-9.11,-6.51,0.00,25.27
-8.56,4.24,0.10,3.65,-8.56,-5.76,0.00,25.31
-8.27,4.66,0.37,4.57,-8.27,-5.34,0.00,25.33
-8.02,5.05,0.34,4.69,-8.27,-5.34,0.00,25.33
-7.79,5.44,-0.13,4.56,-8.02,-4.95,0.00,25.33
-7.51,5.89,-0.34,4.62,-7.79,-4.56,0.00,25.33
-7.28,6.27,0.03,5.28,-7.28,-3.73,0.00,25.35
-7.07,6.66,-0.45,5.22,-7.07,-3.34,0.00,25.35
-6.82,7.04,-0.55,5.22,-7.07,-3.34,0.00,25.35
-6.52,7.55,0.28,5.14,-6.82,-2.96,0.00,25.35
-6.41,7.98,1.31,7.64,-6.52,-2.45,0.00,25.50
-6.25,8.43,-1.03,7.35,-6.25,-1.57,0.00,25.46
-6.10,8.87,-0.82,7.65,-6.10,-1.13,0.00,25.48
-5.97,9.28,-0.80,7.69,-6.10,-1.13,0.00,25.48
-5.87,9.61,-1.23,7.51,-5.97,-0.72,0.00,25.47
-5.72,9.94,-1.73,6.13,-5.87,-0.39,0.00,25.39
-5.52,10.27,0.04,6.35,-5.52,0.27,0.00,25.40
-5.43,10.51,-1.20,5.28,-5.43,0.51,0.00,25.35
-5.38,10.69,-1.56,5.00,-5.43,0.51,0.00,25.35
-5.33,10.85,-2.42,4.06,-5.38,0.69,0.00,25.33
-5.24,11.00,-2.62,3.58,-5.33,0.85,0.00,25.32
-5.24,11.00,-1.56,2.81,-5.24,1.00,0.00,25.28
-5.03,11.20,-1.33,2.41,-5.03,1.20,0.00,25.28
-4.98,11.24,-1.30,2.33,-5.03,1.20,0.00,25.27
-4.89,11.30,-1.97,1.76,-4.98,1.24,0.00,25.27
-4.81,11.37,-1.50,1.96,-4.89,1.30,0.00,25.27
-4.81,11.37,-2.28,1.14,-4.81,1.37,0.00,25.27
-4.78,11.37,-1.95,-0.02,-4.78,1.37,0.00,25.26
-4.56,11.27,-1.78,-0.28,-4.70,1.31,0.00,25.26
-4.38,11.22,-0.52,-0.20,-4.56,1.27,0.00,25.25
-4.21,11.20,0.20,-0.20,-4.38,1.22,0.00,25.25
-4.05,11.10,0.31,-0.86,-4.05,1.10,0.00,25.25
-3.91,11.03,0.10,-0.80,-3.91,1.03,0.00,25.25
-3.77,10.94,0.05,-0.70,-3.91,1.03,0.00,25.25
-3.65,10.84,0.12,-1.08,-3.77,0.94,0.00,25.25
-3.47,10.74,-0.08,-1.35,-3.65,0.84,0.00,25.26
-3.31,10.65,0.87,-1.42,-3.31,0.65,0.00,25.26
-3.13,10.64,1.37,-0.21,-3.13,0.64,0.00,25.26
-2.97,10.60,1.48,0.10,-3.13,0.64,0.00,25.26
-2.78,10.65,0.96,-0.30,-2.97,0.60,0.00,25.25
-2.63,10.67,1.60,1.03,-2.78,0.65,0.00,25.26
-2.53,10.61,0.32,-0.37,-2.53,0.61,0.00,25.25
-2.38,10.55,0.91,-0.83,-2.38,0.55,0.00,25.25
-2.25,10.55,1.11,-0.85,-2.38,0.55,0.00,25.26
-2.06,10.52,1.19,0.02,-2.25,0.55,0.00,25.25
-1.92,10.55,2.08,-0.14,-2.06,0.52,0.00,25.27
-1.85,10.58,0.49,0.93,-1.85,0.58,0.00,25.25
-1.75,10.59,0.60,0.58,-1.75,0.59,0.00,25.25
-1.70,10.60,0.69,0.49,-1.75,0.59,0.00,25.25
-1.66,10.62,-0.19,0.68,-1.70,0.60,0.00,25.25
-1.60,10.59,-0.35,0.68,-1.66,0.62,0.00,25.25
-1.56,10.58,-0.29,-0.01,-1.56,0.58,0.00,25.25
-1.50,10.65,0.14,1.33,-1.50,0.65,0.00,25.26
-1.50,10.66,0.26,1.66,-1.50,0.65,0.00,25.26
-1.52,10.68,-0.70,0.86,-1.50,0.66,0.00,25.25
-1.57,10.74,-1.18,0.92,-1.52,0.68,0.00,25.26
-1.57,10.74,-1.94,0.78,-1.57,0.74,0.00,25.26
-1.62,10.75,-1.39,0.29,-1.62,0.75,0.00,25.25
-1.66,10.71,-1.23,0.21,-1.62,0.73,0.00,25.25
-1.64,10.76,-1.65,0.11,-1.66,0.71,0.00,25.26
-1.67,10.80,-0.84,1.05,-1.64,0.76,0.00,25.26
-1.67,10.80,-1.80,1.48,-1.67,0.80,0.00,25.27
-1.82,10.84,-2.80,0.68,-1.82,0.84,0.00,25.28
-1.93,10.80,-3.02,0.46,-1.82,0.84,0.00,25.28
-1.93,10.80,-3.25,-0.05,-1.93,0.80,0.00,25.29
-1.93,10.79,-1.59,0.33,-1.93,0.80,0.00,25.25
-1.91,10.78,-0.98,0.34,-1.91,0.78,0.00,25.25
-1.94,10.79,-1.49,0.62,-1.94,0.79,0.00,25.26
-1.97,10.85,-1.64,0.68,-1.94,0.79,0.00,25.26
-2.01,10.84,-1.70,1.47,-1.97,0.85,0.00,25.27
-2.13,10.78,-2.01,0.51,-2.01,0.84,0.00,25.26
-2.16,10.75,-2.36,-0.18,-2.16,0.75,0.00,25.27
-2.18,10.71,-1.87,-0.24,-2.18,0.71,0.00,25.26
-2.15,10.71,-1.81,-0.29,-2.18,0.71,0.00,25.26
-2.16,10.70,-1.04,0.32,-2.15,0.71,0.00,25.25
-2.17,10.76,-1.36,0.35,-2.16,0.70,0.00,25.26
-2.21,10.81,-1.97,1.35,-2.21,0.81,0.00,25.27
-2.22,10.83,-1.73,1.02,-2.22,0.83,0.00,25.26
-2.21,10.81,-1.65,0.94,-2.22,0.83,0.00,25.26
-2.21,10.78,-1.40,0.36,-2.21,0.81,0.00,25.25
-2.18,10.77,-1.39,-0.08,-2.21,0.78,0.00,25.26
-2.11,10.79,-0.28,0.70,-2.11,0.79,0.00,25.25
-2.13,10.81,-1.25,0.90,-2.13,0.81,0.00,25.26
-2.13,10.85,-1.52,0.92,-2.13,0.81,0.00,25.26
-2.12,10.88,-1.26,1.37,-2.13,0.85,0.00,25.26
-2.11,10.90,-1.42,1.20,-2.12,0.88,0.00,25.26
-2.08,10.95,-0.91,1.41,-2.08,0.95,0.00,25.26
-2.04,10.97,-0.68,1.05,-2.04,0.97,0.00,25.25
-1.98,11.00,-0.65,0.92,-2.04,0.97,0.00,25.25
-2.00,11.06,-0.19,1.20,-1.98,1.00,0.00,25.25
-2.00,11.11,-1.38,1.85,-2.00,1.06,0.00,25.27
-2.00,11.11,-1.36,0.94,-2.00,1.11,0.00,25.26
-1.99,11.16,-1.36,0.78,-2.00,1.11,0.00,25.26
-1.97,11.13,-1.16,1.56,-1.99,1.16,0.00,25.26
-1.96,11.08,-0.99,0.39,-1.97,1.13,0.00,25.25
-1.94,11.05,-1.05,-0.23,-1.96,1.08,0.00,25.25
-1.94,11.05,-1.21,0.47,-1.94,1.05,0.00,25.25
-1.91,11.11,-1.28,0.58,-1.94,1.05,0.00,25.26
-1.94,11.12,-0.80,1.79,-1.91,1.11,0.00,25.26
-1.98,11.09,-1.63,1.00,-1.94,1.12,0.00,25.26
-1.97,11.04,-2.06,0.16,-1.98,1.09,0.00,25.26
-1.92,11.02,-0.48,0.08,-1.92,1.02,0.00,25.25
-1.90,10.97,-0.66,-0.19,-1.90,0.97,0.00,25.25
-1.88,10.86,-0.75,-0.27,-1.90,0.97,0.00,25.25
-1.86,10.80,-0.97,-1.30,-1.88,0.86,0.00,25.26
-1.82,10.82,-0.92,-0.83,-1.86,0.80,0.00,25.25
-1.82,10.78,-1.03,-0.12,-1.82,0.78,0.00,25.25
-1.83,10.72,-1.36,-0.56,-1.83,0.72,0.00,25.26
-1.80,10.68,-1.40,-0.61,-1.83,0.72,0.00,25.26
-1.77,10.70,-0.86,-0.34,-1.80,0.68,0.00,25.25
-1.74,10.70,-0.62,0.62,-1.77,0.70,0.00,25.25
-1.73,10.66,-0.75,-0.06,-1.73,0.66,0.00,25.25
-1.69,10.66,-0.47,0.28,-1.69,0.66,0.00,25.25
-1.64,10.64,-0.39,0.40,-1.69,0.66,0.00,25.25
-1.61,10.59,-0.16,0.01,-1.64,0.64,0.00,25.25
-1.58,10.55,-0.43,-0.55,-1.61,0.59,0.00,25.25
-1.54,10.57,-0.42,0.48,-1.54,0.57,0.00,25.25
-1.52,10.58,-0.48,0.60,-1.52,0.58,0.00,25.25
-1.49,10.63,-0.50,0.57,-1.52,0.58,0.00,25.25
-1.49,10.64,-0.51,1.15,-1.49,0.63,0.00,25.25
-1.50,10.65,-0.79,0.75,-1.49,0.64,0.00,25.25
-1.49,10.65,-0.88,0.65,-1.50,0.65,0.00,25.25
-1.49,10.68,-0.76,0.44,-1.49,0.65,0.00,25.25
-1.50,10.68,-1.09,0.85,-1.49,0.68,0.00,25.26
-1.49,10.68,-1.13,0.49,-1.50,0.68,0.00,25.25
-1.49,10.70,-0.86,0.37,-1.49,0.68,0.00,25.25
-1.49,10.70,-1.03,0.60,-1.49,0.70,0.00,25.25
-1.50,10.71,-0.76,0.88,-1.50,0.71,0.00,25.25
-1.49,10.75,-0.68,0.96,-1.49,0.73,0.00,25.25
-1.52,10.76,-0.92,0.94,-1.49,0.75,0.00,25.25
-1.56,10.80,-1.41,0.76,-1.52,0.76,0.00,25.26
-1.59,10.84,-1.70,1.21,-1.59,0.84,0.00,25.26
-1.59,10.85,-1.14,0.88,-1.59,0.85,0.00,25.25
-1.60,10.84,-1.01,0.78,-1.59,0.85,0.00,25.25
-1.63,10.79,-1.13,0.44,-1.60,0.84,0.00,25.25
-1.67,10.80,-1.43,-0.41,-1.63,0.79,0.00,25.26
-1.70,10.81,-1.63,0.68,-1.70,0.81,0.00,25.26
-1.71,10.84,-1.38,1.05,-1.71,0.84,0.00,25.26
-1.78,10.81,-1.33,1.14,-1.71,0.84,0.00,25.26
-1.81,10.80,-2.18,0.24,-1.78,0.81,0.00,25.27
-1.80,10.81,-1.74,0.19,-1.81,0.80,0.00,25.26
-1.82,10.82,-1.42,0.56,-1.82,0.82,0.00,25.26
-1.85,10.80,-1.62,0.25,-1.85,0.80,0.00,25.26
-1.86,10.77,-1.66,0.19,-1.85,0.80,0.00,25.26
-1.87,10.75,-1.37,-0.00,-1.86,0.77,0.00,25.25
-1.89,10.73,-1.47,0.12,-1.87,0.75,0.00,25.26
-1.90,10.71,-1.42,0.09,-1.90,0.71,0.00,25.25
-1.92,10.68,-1.53,-0.09,-1.92,0.68,0.00,25.26
-1.94,10.68,-1.57,-0.14,-1.92,0.68,0.00,25.26
-1.94,10.67,-1.59,0.34,-1.94,0.68,0.00,25.26
-1.92,10.69,-1.20,0.23,-1.94,0.67,0.00,25.25
-1.96,10.69,-1.65,0.60,-1.96,0.69,0.00,25.26
-1.97,10.66,-1.67,-0.03,-1.97,0.66,0.00,25.26
-1.96,10.64,-1.63,-0.17,-1.97,0.66,0.00,25.26
-1.93,10.66,-1.13,0.04,-1.96,0.64,0.00,25.25
-1.89,10.65,-0.79,0.62,-1.93,0.66,0.00,25.25
-1.88,10.66,-0.79,0.44,-1.88,0.66,0.00,25.25
-1.85,10.66,-0.81,0.50,-1.85,0.66,0.00,25.25
-1.81,10.68,-0.79,0.52,-1.85,0.66,0.00,25.25
-1.77,10.67,-0.53,0.72,-1.81,0.68,0.00,25.25
-1.75,10.70,-0.40,0.51,-1.77,0.67,0.00,25.25
-1.71,10.73,-0.44,0.95,-1.71,0.73,0.00,25.25
-1.66,10.73,-0.20,0.58,-1.66,0.73,0.00,25.25
-1.63,10.76,-0.16,0.49,-1.66,0.73,0.00,25.25
-1.62,10.82,-0.56,0.99,-1.63,0.76,0.00,25.25
-1.58,10.85,-0.74,1.49,-1.62,0.82,0.00,25.26
-1.55,10.89,-0.32,1.08,-1.58,0.85,0.00,25.25
-1.54,10.92,-0.65,1.24,-1.54,0.92,0.00,25.26
-1.52,10.96,-0.72,1.21,-1.54,0.92,0.00,25.26
-1.50,11.01,-0.59,1.26,-1.52,0.96,0.00,25.25
-1.48,11.03,-0.57,1.61,-1.50,1.01,0.00,25.26
-1.46,11.04,-0.54,1.00,-1.46,1.04,0.00,25.25
-1.44,11.09,-0.62,1.42,-1.44,1.09,0.00,25.26
-1.42,11.12,-0.65,1.52,-1.44,1.09,0.00,25.26
-1.44,11.17,-0.63,1.26,-1.42,1.12,0.00,25.25
-1.46,11.19,-1.02,1.59,-1.44,1.17,0.00,25.26
-1.46,11.23,-1.09,1.49,-1.46,1.23,0.00,25.26
-1.46,11.21,-0.86,0.74,-1.46,1.21,0.00,25.25
-1.46,11.19,-0.81,0.53,-1.46,1.21,0.00,25.25
-1.49,11.24,-1.14,0.28,-1.46,1.19,0.00,25.25
-1.51,11.27,-1.29,1.57,-1.49,1.24,0.00,25.27
-1.55,11.28,-1.60,1.10,-1.55,1.28,0.00,25.26
-1.57,11.30,-1.52,1.17,-1.57,1.30,0.00,25.26
-1.60,11.32,-1.48,1.21,-1.57,1.30,0.00,25.26
-1.61,11.33,-1.48,1.23,-1.60,1.32,0.00,25.26
-1.64,11.31,-1.24,1.05,-1.61,1.33,0.00,25.26
-1.64,11.31,-1.57,0.18,-1.64,1.31,0.00,25.26
-1.68,11.27,-1.40,0.62,-1.68,1.27,0.00,25.26
-1.72,11.23,-1.36,0.75,-1.69,1.27,0.00,25.26
-1.74,11.20,-1.62,0.20,-1.72,1.23,0.00,25.26
-1.75,11.15,-1.45,0.18,-1.74,1.20,0.00,25.26
-1.76,11.15,-1.37,-0.11,-1.75,1.15,0.00,25.25
-1.79,11.12,-1.33,0.63,-1.76,1.15,0.00,25.26
-1.81,11.05,-1.59,0.19,-1.79,1.12,0.00,25.26
-1.85,10.98,-1.51,-0.43,-1.81,1.05,0.00,25.26
-1.86,10.94,-1.90,-0.74,-1.85,0.98,0.00,25.26
-1.88,10.88,-1.54,-0.51,-1.88,0.88,0.00,25.26
-1.89,10.85,-1.41,-0.29,-1.89,0.85,0.00,25.26
-1.90,10.81,-1.38,-0.20,-1.89,0.85,0.00,25.25
-1.91,10.76,-1.48,-0.12,-1.90,0.81,0.00,25.26
-1.91,10.74,-1.37,-0.46,-1.91,0.76,0.00,25.26
-1.91,10.74,-1.16,0.09,-1.91,0.74,0.00,25.25
-1.90,10.70,-1.17,0.28,-1.91,0.74,0.00,25.25
-1.88,10.66,-0.99,-0.11,-1.90,0.70,0.00,25.25
-1.85,10.61,-0.86,-0.37,-1.88,0.66,0.00,25.25
-1.82,10.57,-0.65,-0.47,-1.85,0.61,0.00,25.25
-1.79,10.52,-0.70,-0.56,-1.79,0.52,0.00,25.25
-1.76,10.50,-0.60,-0.21,-1.76,0.50,0.00,25.25
-1.74,10.48,-0.56,-0.12,-1.76,0.50,0.00,25.25
-1.74,10.46,-0.75,-0.07,-1.74,0.48,0.00,25.25
-1.72,10.48,-1.24,-0.18,-1.74,0.46,0.00,25.25
-1.69,10.53,-0.69,1.10,-1.69,0.53,0.00,25.25
-1.68,10.62,-0.63,1.93,-1.68,0.62,0.00,25.27
-1.65,10.66,-0.62,2.10,-1.68,0.62,0.00,25.27
-1.62,10.73,-0.51,1.39,-1.65,0.66,0.00,25.25
-1.60,10.76,-0.45,1.64,-1.62,0.73,0.00,25.26
-1.61,10.79,-0.91,1.09,-1.61,0.79,0.00,25.26
-1.59,10.83,-0.88,1.15,-1.59,0.83,0.00,25.26
-1.58,10.85,-0.87,1.18,-1.59,0.83,0.00,25.26
-1.58,10.87,-0.78,0.98,-1.58,0.85,0.00,25.25
-1.60,10.92,-1.00,1.05,-1.58,0.87,0.00,25.26
-1.60,10.92,-1.17,1.75,-1.60,0.92,0.00,25.27
-1.61,11.06,-1.16,1.92,-1.61,1.06,0.00,25.27
-1.61,11.13,-1.16,1.92,-1.61,1.06,0.00,25.27
-1.63,11.18,-1.15,2.03,-1.61,1.13,0.00,25.27
-1.63,11.23,-1.39,1.88,-1.63,1.18,0.00,25.27
-1.63,11.23,-1.15,1.73,-1.63,1.23,0.00,25.26
-1.63,11.23,-1.06,0.84,-1.63,1.23,0.00,25.25
-1.65,11.24,-1.12,0.71,-1.63,1.23,0.00,25.25
-1.68,11.24,-1.31,0.90,-1.65,1.24,0.00,25.26
-1.72,11.26,-1.49,0.82,-1.68,1.24,0.00,25.26
-1.76,11.28,-1.79,1.16,-1.76,1.28,0.00,25.27
-1.77,11.30,-1.53,1.19,-1.77,1.30,0.00,25.26
-1.80,11.30,-1.46,1.19,-1.77,1.30,0.00,25.26
-1.84,11.32,-1.70,1.01,-1.80,1.30,0.00,25.26
-1.87,11.31,-1.92,1.15,-1.84,1.32,0.00,25.27
-1.86,11.26,-1.26,0.09,-1.86,1.26,0.00,25.25
-1.86,11.19,-1.03,-0.43,-1.86,1.19,0.00,25.25
-1.86,11.13,-1.01,-0.52,-1.86,1.19,0.00,25.25
-1.86,11.11,-1.16,-0.46,-1.86,1.13,0.00,25.25
-1.85,11.10,-1.08,0.24,-1.86,1.11,0.00,25.25
-1.85,11.09,-1.01,0.47,-1.85,1.10,0.00,25.25
-1.83,11.12,-1.09,0.48,-1.85,1.09,0.00,25.25
-1.82,11.12,-1.01,1.03,-1.83,1.12,0.00,25.26
-1.84,11.10,-0.95,0.79,-1.82,1.12,0.00,25.25
-1.85,11.05,-1.44,0.46,-1.84,1.10,0.00,25.26
-1.84,11.01,-1.09,-0.16,-1.84,1.01,0.00,25.25
-1.82,10.98,-0.81,0.08,-1.82,0.98,0.00,25.25
-1.80,10.92,-0.77,0.14,-1.82,0.98,0.00,25.25
-1.80,10.87,-0.80,-0.49,-1.80,0.92,0.00,25.25
-1.79,10.82,-0.89,-0.50,-1.80,0.87,0.00,25.25
-1.79,10.79,-1.05,-0.05,-1.79,0.79,0.00,25.25
-1.79,10.77,-1.24,0.05,-1.79,0.77,0.00,25.25
-1.78,10.74,-1.28,0.05,-1.79,0.77,0.00,25.25
-1.76,10.77,-0.96,-0.07,-1.78,0.74,0.00,25.25
-1.75,10.73,-0.96,0.72,-1.76,0.77,0.00,25.25
-1.73,10.69,-0.77,-0.36,-1.73,0.69,0.00,25.25
-1.70,10.62,-0.51,-0.80,-1.70,0.62,0.00,25.25
-1.68,10.57,-0.46,-0.88,-1.70,0.62,0.00,25.25
-1.66,10.59,-0.60,-0.61,-1.68,0.57,0.00,25.25
-1.64,10.55,-0.59,0.52,-1.66,0.59,0.00,25.25
-1.64,10.52,-0.92,-0.29,-1.64,0.52,0.00,25.25
-1.62,10.50,-0.83,-0.06,-1.62,0.50,0.00,25.25
-1.60,10.52,-0.81,0.00,-1.62,0.50,0.00,25.25
-1.61,10.55,-0.59,0.63,-1.60,0.52,0.00,25.25
-1.61,10.58,-1.11,0.87,-1.61,0.55,0.00,25.26
-1.59,10.58,-0.78,0.59,-1.59,0.58,0.00,25.25
-1.58,10.57,-0.78,0.29,-1.58,0.57,0.00,25.25
-1.56,10.57,-0.79,0.24,-1.58,0.57,0.00,25.25
-1.57,10.61,-0.75,0.25,-1.56,0.57,0.00,25.25
-1.56,10.62,-0.93,1.07,-1.57,0.61,0.00,25.26
-1.56,10.65,-0.96,0.79,-1.56,0.65,0.00,25.25
-1.56,10.69,-0.89,1.24,-1.56,0.69,0.00,25.26
-1.58,10.76,-0.88,1.34,-1.56,0.69,0.00,25.26
-1.61,10.83,-1.35,1.64,-1.58,0.76,0.00,25.27
-1.63,10.86,-1.56,1.81,-1.61,0.83,0.00,25.27
-1.66,10.90,-1.48,1.36,-1.66,0.90,0.00,25.26
-1.71,10.87,-1.94,0.36,-1.71,0.87,0.00,25.26
-1.73,10.85,-2.05,0.11,-1.71,0.87,0.00,25.26
-1.74,10.84,-1.57,0.19,-1.73,0.85,0.00,25.26
-1.74,10.84,-1.33,0.23,-1.74,0.84,0.00,25.25
-1.77,10.87,-7.04,0.88,-11.77,0.87,0.00,25.50
-1.82,10.89,-8.26,0.99,-11.82,0.89,0.00,25.51
-1.85,10.93,-8.31,0.99,-11.82,0.89,0.00,25.51
-1.88,11.01,-8.17,1.26,-11.85,0.93,0.00,25.51
-1.92,11.02,-8.13,2.07,-11.88,1.01,0.00,25.52
-1.92,11.02,-8.21,0.62,-11.92,1.02,0.00,25.50
-1.95,11.02,-7.18,0.97,-11.95,1.02,0.00,25.44
-1.76,11.07,-6.90,1.09,-11.91,1.04,0.00,25.43
-1.67,11.08,-5.14,1.25,-11.76,1.07,0.00,25.34
-1.67,10.97,-5.73,0.94,-11.67,1.08,0.00,25.38
-1.59,10.89,-7.38,-1.47,-11.67,0.97,0.00,25.47
-1.41,10.84,-6.01,-0.94,-11.59,0.89,0.00,25.39
-1.21,10.74,-3.96,-0.54,-11.41,0.84,0.00,25.31
-1.03,10.69,-3.51,-1.25,-11.21,0.74,0.00,25.30
-0.88,10.59,-3.74,-0.64,-11.03,0.69,0.00,25.30
-0.68,10.59,-3.41,-0.12,-10.68,0.59,0.00,25.29
-0.45,10.56,-2.73,-0.09,-10.45,0.56,0.00,25.27
-0.25,10.49,-2.62,-0.17,-10.45,0.56,0.00,25.27
0.05,10.47,-2.83,-0.95,-10.25,0.49,0.00,25.28
0.38,10.46,-1.20,-0.18,-9.95,0.47,0.00,25.25
0.74,10.51,0.67,1.07,-9.26,0.51,0.00,25.26
1.06,10.52,0.41,0.67,-8.94,0.52,0.00,25.25
1.41,10.57,0.28,0.51,-8.94,0.52,0.00,25.25
1.75,10.60,0.81,1.12,-8.59,0.57,0.00,25.26
2.13,10.59,1.04,1.01,-8.25,0.60,0.00,25.26
2.48,10.60,1.63,0.65,-7.52,0.60,0.00,25.26
2.89,10.70,2.62,1.96,-7.11,0.70,0.00,25.30
3.34,10.87,2.86,2.27,-7.11,0.70,0.00,25.30
3.71,11.03,3.86,3.61,-6.66,0.87,0.00,25.37
4.01,11.12,3.02,3.77,-6.29,1.03,0.00,25.33
4.34,11.25,2.35,3.23,-5.66,1.25,0.00,25.31
4.68,11.38,2.70,3.47,-5.32,1.38,0.00,25.32
5.00,11.47,2.75,3.48,-5.32,1.38,0.00,25.32
5.28,11.54,2.68,2.98,-5.00,1.47,0.00,25.31
5.63,11.64,2.04,2.31,-4.72,1.54,0.00,25.28
6.03,11.84,4.37,4.80,-3.97,1.84,0.00,25.43
6.27,11.96,2.73,3.88,-3.73,1.96,0.00,25.32
6.45,12.06,2.25,3.53,-3.73,1.96,0.00,25.31
6.64,12.21,1.14,3.29,-3.55,2.06,0.00,25.29
6.85,12.37,1.30,4.31,-3.36,2.21,0.00,25.33
7.02,12.41,1.34,2.92,-2.98,2.41,0.00,25.28
7.13,12.45,0.21,2.45,-2.87,2.45,0.00,25.27
7.30,12.54,-0.06,2.44,-2.87,2.45,0.00,25.27
7.47,12.67,1.29,3.31,-2.70,2.54,0.00,25.30
7.57,12.75,1.59,4.08,-2.53,2.67,0.00,25.33
7.62,12.76,-0.45,2.29,-2.38,2.76,0.00,25.27
7.66,12.75,-0.80,1.69,-2.34,2.75,0.00,25.26
7.77,12.76,-0.84,1.62,-2.34,2.75,0.00,25.26
7.88,12.73,0.34,2.05,-2.23,2.76,0.00,25.27
7.90,12.63,0.48,1.32,-2.12,2.73,0.00,25.25
7.92,12.54,-0.81,-0.17,-2.08,2.54,0.00,25.25
7.98,12.55,-0.27,1.34,-2.02,2.55,0.00,25.26
8.03,12.52,-0.13,1.73,-2.02,2.55,0.00,25.26
7.96,12.39,-0.20,1.18,-1.97,2.52,0.00,25.25
7.88,12.22,-2.61,-0.93,-2.04,2.39,0.00,25.28
7.92,12.05,-1.23,-1.67,-2.08,2.05,0.00,25.26
7.95,11.89,-0.67,-1.85,-2.05,1.89,0.00,25.26
7.98,11.80,-0.63,-1.89,-2.05,1.89,0.00,25.26
7.95,11.64,-0.61,-0.83,-2.02,1.80,0.00,25.25
7.96,11.54,-1.59,-1.88,-2.05,1.64,0.00,25.28
7.93,11.40,-1.63,-1.70,-2.07,1.40,0.00,25.27
7.93,11.24,-1.44,-2.11,-2.07,1.24,0.00,25.27
7.95,11.13,-1.35,-2.16,-2.07,1.24,0.00,25.27
7.99,11.02,-1.02,-1.35,-2.05,1.13,0.00,25.26
8.04,10.86,-0.67,-1.47,-2.01,1.02,0.00,25.26
8.08,10.71,-0.38,-2.31,-1.92,0.71,0.00,25.27
8.13,10.64,-0.32,-1.31,-1.87,0.64,0.00,25.25
8.16,10.50,-0.30,-1.06,-1.87,0.64,0.00,25.25
8.18,10.38,-0.44,-2.11,-1.84,0.50,0.00,25.27
8.20,10.29,-0.67,-2.18,-1.82,0.38,0.00,25.27
8.22,10.18,-0.72,-1.75,-1.78,0.18,0.00,25.26
8.25,10.10,-0.59,-1.50,-1.75,0.10,0.00,25.26
8.28,9.99,-0.56,-1.42,-1.75,0.10,0.00,25.26
8.37,9.93,-0.60,-2.10,-1.72,-0.01,0.00,25.27
8.41,9.93,0.49,-0.92,-1.63,-0.07,0.00,25.25
8.41,9.88,-0.71,-0.94,-1.59,-0.12,0.00,25.25
8.43,9.89,-0.59,-0.11,-1.57,-0.11,0.00,25.25
8.45,9.91,-0.53,0.14,-1.57,-0.11,0.00,25.25
8.45,9.86,-0.71,0.20,-1.55,-0.09,0.00,25.25
8.45,9.81,-0.83,-0.79,-1.55,-0.14,0.00,25.25
8.47,9.85,-0.71,0.35,-1.53,-0.15,0.00,25.25
8.50,9.92,-0.45,1.11,-1.50,-0.08,0.00,25.25
8.47,9.93,-0.42,1.21,-1.50,-0.08,0.00,25.25
8.44,9.93,-1.24,0.25,-1.53,-0.07,0.00,25.25
8.41,9.98,-1.62,0.07,-1.56,-0.07,0.00,25.26
8.41,10.03,-1.21,1.00,-1.59,0.03,0.00,25.26
8.42,10.05,-0.98,0.64,-1.58,0.05,0.00,25.25
8.39,10.10,-0.95,0.54,-1.58,0.05,0.00,25.25
8.37,10.14,-1.48,0.81,-1.61,0.10,0.00,25.26
8.38,10.19,-1.33,0.83,-1.63,0.14,0.00,25.26
8.34,10.25,-1.60,1.41,-1.66,0.25,0.00,25.27
8.32,10.30,-1.55,1.13,-1.68,0.30,0.00,25.26
8.30,10.38,-1.51,1.03,-1.68,0.30,0.00,25.26
8.27,10.41,-1.41,1.60,-1.70,0.38,0.00,25.27
8.26,10.41,-1.63,1.10,-1.73,0.41,0.00,25.26
8.26,10.41,-1.17,0.25,-1.74,0.41,0.00,25.25
8.26,10.42,-1.21,0.42,-1.74,0.42,0.00,25.25
8.26,10.44,-1.24,0.47,-1.74,0.42,0.00,25.25
8.25,10.45,-1.03,0.58,-1.74,0.44,0.00,25.25
8.25,10.53,-1.25,0.49,-1.75,0.45,0.00,25.25
8.25,10.53,-1.39,1.07,-1.75,0.53,0.00,25.26
8.23,10.55,-1.29,0.18,-1.77,0.55,0.00,25.25
8.24,10.52,-1.25,-0.03,-1.77,0.53,0.00,25.25
8.25,10.51,-0.90,0.10,-1.76,0.52,0.00,25.25
8.25,10.50,-1.16,0.14,-1.75,0.51,0.00,25.25
8.24,10.49,-1.13,0.13,-1.75,0.50,0.00,25.25
8.24,10.42,-1.11,0.15,-1.76,0.49,0.00,25.25
8.27,10.37,-1.03,-0.78,-1.76,0.42,0.00,25.25
8.30,10.37,-0.72,-0.81,-1.73,0.37,0.00,25.25
8.30,10.37,-0.46,0.00,-1.70,0.37,0.00,25.25
8.31,10.34,-0.94,-0.17,-1.69,0.34,0.00,25.25
8.33,10.35,-0.75,0.06,-1.67,0.35,0.00,25.25
8.36,10.32,-0.70,0.14,-1.67,0.35,0.00,25.25
8.41,10.33,-0.57,-0.20,-1.64,0.32,0.00,25.25
8.44,10.35,-0.25,0.44,-1.59,0.33,0.00,25.25
8.45,10.29,-0.62,-0.50,-1.55,0.29,0.00,25.25
8.48,10.29,-0.60,-0.01,-1.52,0.29,0.00,25.25
8.52,10.27,-0.58,0.18,-1.52,0.29,0.00,25.25
8.54,10.25,-0.18,-0.16,-1.48,0.27,0.00,25.25
8.56,10.20,-0.51,-0.29,-1.46,0.25,0.00,25.25
8.57,10.14,-0.72,-0.87,-1.43,0.14,0.00,25.25
8.58,10.18,-0.66,0.38,-1.42,0.18,0.00,25.25
8.59,10.19,-0.62,0.70,-1.42,0.18,0.00,25.25
8.60,10.22,-0.71,0.38,-1.41,0.19,0.00,25.25
8.59,10.28,-0.85,0.71,-1.40,0.22,0.00,25.25
8.61,10.31,-0.62,0.95,-1.39,0.31,0.00,25.25
8.64,10.36,-0.41,1.08,-1.36,0.36,0.00,25.25
8.65,10.39,-0.39,1.13,-1.36,0.36,0.00,25.25
8.66,10.40,-0.58,0.82,-1.35,0.39,0.00,25.25
8.65,10.46,-0.64,0.52,-1.34,0.40,0.00,25.25
8.64,10.45,-0.96,1.23,-1.35,0.46,0.00,25.26
8.65,10.48,-1.01,0.41,-1.36,0.45,0.00,25.25
8.64,10.50,-0.91,0.75,-1.35,0.48,0.00,25.25
8.59,10.53,-1.09,0.70,-1.36,0.50,0.00,25.25
8.54,10.56,-1.75,0.79,-1.41,0.53,0.00,25.26
8.54,10.56,-1.93,0.72,-1.46,0.56,0.00,25.26
8.49,10.57,-1.51,0.98,-1.51,0.57,0.00,25.26
8.44,10.63,-1.41,1.08,-1.54,0.61,0.00,25.26
8.43,10.65,-1.35,0.91,-1.56,0.63,0.00,25.26
8.38,10.66,-1.42,0.76,-1.57,0.65,0.00,25.26
8.38,10.66,-1.70,0.34,-1.62,0.66,0.00,25.26
8.35,10.65,-1.22,0.64,-1.65,0.65,0.00,25.25
8.33,10.65,-1.09,0.75,-1.66,0.67,0.00,25.25
8.31,10.63,-1.27,0.02,-1.67,0.65,0.00,25.25
8.31,10.60,-1.44,0.02,-1.69,0.63,0.00,25.26
8.29,10.56,-1.44,-0.35,-1.71,0.56,0.00,25.26
8.27,10.52,-1.51,-0.42,-1.73,0.52,0.00,25.26
8.23,10.49,-1.52,-0.43,-1.73,0.52,0.00,25.26
8.23,10.49,-1.74,-0.25,-1.77,0.49,0.00,25.26
8.22,10.50,-1.24,0.27,-1.77,0.49,0.00,25.25
8.24,10.49,-0.89,0.22,-1.76,0.49,0.00,25.25
8.23,10.48,-1.15,0.08,-1.77,0.48,0.00,25.25
8.23,10.49,-1.23,0.07,-1.77,0.48,0.00,25.25
8.24,10.48,-1.11,0.45,-1.77,0.49,0.00,25.25
8.25,10.47,-1.00,0.22,-1.76,0.48,0.00,25.25
8.28,10.41,-0.72,-0.59,-1.72,0.41,0.00,25.25
8.29,10.36,-0.83,-0.66,-1.71,0.36,0.00,25.25
8.30,10.35,-0.87,-0.63,-1.71,0.36,0.00,25.25
8.33,10.38,-0.91,-0.24,-1.70,0.35,0.00,25.25
8.33,10.39,-0.62,0.76,-1.67,0.38,0.00,25.25
8.33,10.39,-1.06,0.86,-1.67,0.39,0.00,25.26
8.34,10.49,-0.99,1.43,-1.66,0.49,0.00,25.26
8.36,10.57,-0.96,1.53,-1.66,0.49,0.00,25.26
8.39,10.61,-0.70,1.75,-1.64,0.57,0.00,25.26
8.39,10.65,-0.54,1.38,-1.61,0.61,0.00,25.26
8.39,10.66,-0.89,1.15,-1.61,0.65,0.00,25.26
8.42,10.67,-1.00,0.61,-1.61,0.66,0.00,25.25
8.43,10.68,-0.54,0.72,-1.58,0.67,0.00,25.25
8.43,10.71,-0.72,0.58,-1.57,0.68,0.00,25.25
8.43,10.74,-1.05,0.88,-1.57,0.71,0.00,25.26
8.45,10.81,-0.74,1.68,-1.55,0.81,0.00,25.26
8.44,10.90,-1.10,2.13,-1.56,0.90,0.00,25.27
8.44,10.98,-1.20,2.21,-1.56,0.90,0.00,25.27
8.45,11.06,-1.10,2.28,-1.56,0.98,0.00,25.27
8.46,11.11,-1.07,2.10,-1.55,1.06,0.00,25.27
8.48,11.14,-0.62,1.40,-1.52,1.14,0.00,25.26
8.49,11.16,-0.91,1.02,-1.51,1.16,0.00,25.25
8.48,11.14,-0.99,0.96,-1.51,1.16,0.00,25.25
8.52,11.16,-0.96,0.49,-1.52,1.14,0.00,25.25
8.52,11.16,-0.39,1.00,-1.48,1.16,0.00,25.25
8.48,11.15,-1.44,0.49,-1.52,1.15,0.00,25.26
8.44,11.15,-1.62,0.78,-1.56,1.15,0.00,25.26
8.46,11.17,-1.62,0.87,-1.56,1.15,0.00,25.26
8.48,11.18,-0.83,1.20,-1.54,1.17,0.00,25.26
8.47,11.13,-0.72,0.89,-1.52,1.18,0.00,25.25
8.46,11.11,-1.13,0.17,-1.54,1.11,0.00,25.25
8.49,11.10,-0.58,0.42,-1.51,1.10,0.00,25.25
8.52,11.08,-0.44,0.47,-1.51,1.10,0.00,25.25
8.55,11.05,-0.24,0.35,-1.48,1.08,0.00,25.25
8.54,11.01,-0.34,0.09,-1.45,1.05,0.00,25.25
8.53,10.97,-1.07,-0.06,-1.47,0.97,0.00,25.25
8.55,10.97,-0.68,0.50,-1.45,0.97,0.00,25.25
8.56,10.96,-0.58,0.63,-1.45,0.97,0.00,25.25
8.57,10.95,-0.80,0.65,-1.44,0.96,0.00,25.25
8.58,10.92,-0.67,0.39,-1.43,0.95,0.00,25.25
8.59,10.90,-0.61,0.18,-1.41,0.90,0.00,25.25
8.62,10.85,-0.45,-0.17,-1.38,0.85,0.00,25.25
8.64,10.82,-0.43,-0.26,-1.38,0.85,0.00,25.25
8.66,10.77,-0.29,-0.17,-1.36,0.82,0.00,25.25
8.68,10.76,-0.45,-0.36,-1.34,0.77,0.00,25.25
8.72,10.75,-0.20,0.23,-1.28,0.75,0.00,25.25
8.76,10.72,-0.11,0.03,-1.24,0.72,0.00,25.25
8.75,10.72,-0.10,-0.03,-1.24,0.72,0.00,25.25
8.74,10.72,-0.82,0.36,-1.25,0.72,0.00,25.25
8.73,10.74,-0.98,0.35,-1.26,0.72,0.00,25.25
8.73,10.75,-0.94,0.81,-1.27,0.75,0.00,25.25
8.72,10.77,-1.06,0.85,-1.28,0.77,0.00,25.25
8.72,10.78,-1.11,0.85,-1.28,0.77,0.00,25.26
8.68,10.78,-0.95,0.71,-1.28,0.78,0.00,25.25
8.68,10.80,-1.37,0.46,-1.32,0.78,0.00,25.26
8.68,10.83,-0.77,0.96,-1.32,0.83,0.00,25.25
8.68,10.84,-0.82,0.78,-1.32,0.84,0.00,25.25
8.67,10.85,-0.84,0.73,-1.32,0.84,0.00,25.25
8.66,10.84,-1.17,0.86,-1.33,0.85,0.00,25.26
8.64,10.85,-1.02,0.39,-1.34,0.84,0.00,25.25
8.62,10.89,-1.25,1.25,-1.38,0.89,0.00,25.26
8.61,10.92,-1.19,1.17,-1.39,0.92,0.00,25.26
8.59,10.94,-1.17,1.11,-1.39,0.92,0.00,25.26
8.57,10.98,-1.14,0.91,-1.41,0.94,0.00,25.26
8.54,11.00,-1.21,1.35,-1.43,0.98,0.00,25.26
8.51,11.02,-1.44,0.97,-1.49,1.02,0.00,25.26
8.49,11.05,-1.48,1.21,-1.51,1.05,0.00,25.26
8.48,11.05,-1.50,1.28,-1.51,1.05,0.00,25.26
8.46,11.03,-1.28,0.73,-1.52,1.05,0.00,25.25
8.45,11.05,-1.19,0.44,-1.54,1.03,0.00,25.25
8.45,11.06,-1.02,0.85,-1.55,1.06,0.00,25.25
8.43,11.04,-1.28,0.36,-1.57,1.04,0.00,25.25
8.39,11.04,-1.35,0.24,-1.57,1.04,0.00,25.25
8.35,11.02,-1.75,0.45,-1.61,1.04,0.00,25.26
8.34,11.02,-1.66,0.30,-1.65,1.02,0.00,25.26
8.34,11.02,-1.31,0.98,-1.66,1.02,0.00,25.26
8.33,11.03,-1.14,0.66,-1.67,1.03,0.00,25.25
8.32,11.00,-1.10,0.56,-1.67,1.03,0.00,25.25
8.32,10.98,-1.25,0.19,-1.68,1.00,0.00,25.25
8.34,10.96,-1.14,0.13,-1.68,0.98,0.00,25.25
8.36,10.92,-0.56,-0.03,-1.64,0.92,0.00,25.25
8.35,10.86,-1.09,-0.57,-1.65,0.86,0.00,25.25
8.37,10.83,-1.22,-0.69,-1.65,0.86,0.00,25.26
8.39,10.80,-0.77,-0.09,-1.63,0.83,0.00,25.25
8.45,10.86,-0.77,0.04,-1.61,0.80,0.00,25.25
8.47,10.87,-0.35,0.99,-1.53,0.87,0.00,25.25
8.48,10.85,-0.71,0.36,-1.52,0.85,0.00,25.25
8.51,10.89,-0.78,0.23,-1.52,0.85,0.00,25.25
8.54,10.87,-0.54,1.26,-1.49,0.89,0.00,25.25
8.55,10.82,-0.48,0.38,-1.46,0.87,0.00,25.25
8.58,10.76,-0.49,-0.59,-1.42,0.76,0.00,25.25
8.62,10.75,-0.08,0.08,-1.38,0.75,0.00,25.25
8.70,10.78,0.01,0.26,-1.38,0.75,0.00,25.25
8.72,10.80,0.48,1.00,-1.30,0.78,0.00,25.25
8.70,10.78,-0.17,0.77,-1.28,0.80,0.00,25.25
8.71,10.81,-0.82,0.98,-1.29,0.81,0.00,25.25
8.72,10.82,-0.69,0.76,-1.28,0.82,0.00,25.25
8.75,10.80,-0.69,0.66,-1.28,0.82,0.00,25.25
8.75,10.71,-0.38,0.28,-1.25,0.80,0.00,25.25
8.77,10.70,-0.86,-0.85,-1.25,0.71,0.00,25.26
8.77,10.70,0.22,0.74,-1.23,0.70,0.00,25.25
8.83,10.73,-0.36,0.47,-1.17,0.73,0.00,25.25
8.81,10.74,-0.55,0.35,-1.17,0.72,0.00,25.25
8.81,10.75,-1.09,0.69,-1.19,0.74,0.00,25.26
8.82,10.76,-0.78,0.68,-1.19,0.75,0.00,25.25
8.82,10.76,-0.58,0.32,-1.18,0.76,0.00,25.25
8.84,10.74,-0.76,0.37,-1.16,0.74,0.00,25.25
8.85,10.74,-0.82,0.40,-1.16,0.74,0.00,25.25
8.89,10.76,-0.46,0.51,-1.15,0.74,0.00,25.25
8.86,10.74,-0.11,0.82,-1.11,0.76,0.00,25.25
8.83,10.77,-1.22,0.82,-1.17,0.77,0.00,25.26
8.79,10.77,-1.36,0.73,-1.21,0.77,0.00,25.26
8.78,10.82,-1.38,0.66,-1.21,0.77,0.00,25.26
8.77,10.81,-1.18,1.24,-1.22,0.82,0.00,25.26
8.76,10.77,-1.02,0.52,-1.23,0.81,0.00,25.25
8.75,10.73,-0.92,-0.22,-1.25,0.73,0.00,25.25
8.73,10.73,-1.11,0.24,-1.27,0.73,0.00,25.25
8.68,10.72,-1.17,0.36,-1.27,0.73,0.00,25.25
8.66,10.71,-1.51,0.23,-1.32,0.72,0.00,25.26
8.62,10.70,-1.37,0.21,-1.34,0.71,0.00,25.25
8.63,10.74,-1.08,1.01,-1.37,0.74,0.00,25.26
8.62,10.73,-1.01,0.48,-1.38,0.73,0.00,25.25
8.59,10.71,-1.01,0.30,-1.38,0.73,0.00,25.25
8.56,10.68,-1.43,0.07,-1.41,0.71,0.00,25.26
8.53,10.66,-1.46,-0.06,-1.44,0.68,0.00,25.26
8.50,10.63,-1.47,-0.07,-1.50,0.63,0.00,25.26
8.48,10.62,-1.38,0.01,-1.52,0.62,0.00,25.25
8.47,10.58,-1.35,0.03,-1.52,0.62,0.00,25.25
8.47,10.54,-1.17,-0.23,-1.53,0.58,0.00,25.25
8.50,10.55,-1.08,-0.39,-1.53,0.54,0.00,25.25
8.53,10.56,-0.40,0.55,-1.47,0.56,0.00,25.25
8.51,10.61,-1.07,1.06,-1.49,0.61,0.00,25.26
8.50,10.62,-1.24,1.18,-1.49,0.61,0.00,25.26
8.49,10.62,-1.21,0.68,-1.50,0.62,0.00,25.25
8.51,10.61,-1.10,0.56,-1.51,0.62,0.00,25.25
8.55,10.60,-0.35,0.23,-1.45,0.60,0.00,25.25
8.58,10.60,-0.37,0.26,-1.42,0.60,0.00,25.25
8.63,10.60,-0.39,0.27,-1.42,0.60,0.00,25.25
8.66,10.60,-0.02,0.44,-1.37,0.60,0.00,25.25
8.68,10.62,-0.15,0.41,-1.34,0.60,0.00,25.25
8.68,10.60,-0.46,0.70,-1.32,0.62,0.00,25.25
8.68,10.64,-0.74,0.18,-1.32,0.60,0.00,25.25
8.69,10.62,-0.84,0.92,-1.32,0.64,0.00,25.25
8.71,10.61,-0.81,0.12,-1.31,0.62,0.00,25.25
8.75,10.67,-0.54,0.31,-1.29,0.61,0.00,25.25
8.79,10.72,-0.05,1.48,-1.21,0.72,0.00,25.26
8.81,10.72,-0.41,0.63,-1.19,0.72,0.00,25.25
8.83,10.77,-0.50,0.41,-1.19,0.72,0.00,25.25
8.86,10.83,-0.38,1.29,-1.17,0.77,0.00,25.26
8.87,10.84,-0.21,1.50,-1.14,0.83,0.00,25.26
8.88,10.80,-0.53,0.03,-1.12,0.80,0.00,25.25
8.88,10.76,-0.75,-0.20,-1.12,0.76,0.00,25.25
8.90,10.74,-0.79,-0.19,-1.12,0.76,0.00,25.25
8.93,10.75,-0.44,0.01,-1.10,0.74,0.00,25.25
8.93,10.78,-0.16,0.58,-1.07,0.75,0.00,25.25
8.90,10.81,-1.14,1.10,-1.10,0.81,0.00,25.26
8.90,10.89,-0.89,1.82,-1.10,0.89,0.00,25.26
8.92,10.92,-0.79,1.99,-1.10,0.89,0.00,25.27
8.95,10.94,-0.36,1.48,-1.08,0.92,0.00,25.26
8.95,10.98,-0.34,1.05,-1.05,0.94,0.00,25.25
8.96,10.99,-0.53,1.19,-1.05,0.98,0.00,25.25
8.96,10.98,-0.53,0.84,-1.04,0.99,0.00,25.25
8.97,10.96,-0.58,0.55,-1.04,0.98,0.00,25.25
8.96,10.97,-0.45,0.28,-1.03,0.96,0.00,25.25
8.94,10.96,-0.54,0.52,-1.04,0.97,0.00,25.25
8.92,10.98,-1.11,0.93,-1.08,0.98,0.00,25.26
8.88,10.98,-1.47,0.74,-1.12,0.98,0.00,25.26
8.84,10.98,-1.55,0.67,-1.12,0.98,0.00,25.26
8.82,10.98,-1.52,0.69,-1.16,0.98,0.00,25.26
8.78,10.99,-1.15,0.73,-1.18,0.98,0.00,25.25
8.77,10.97,-1.26,0.38,-1.23,0.97,0.00,25.25
8.77,10.96,-0.90,0.41,-1.23,0.96,0.00,25.25
8.77,10.98,-0.82,0.43,-1.23,0.96,0.00,25.25
8.75,10.93,-0.68,0.82,-1.23,0.98,0.00,25.25
8.73,10.86,-0.99,-0.12,-1.25,0.93,0.00,25.25
8.71,10.80,-1.27,-0.64,-1.29,0.80,0.00,25.26
8.70,10.76,-1.07,-0.31,-1.30,0.76,0.00,25.25
8.70,10.74,-1.01,-0.24,-1.30,0.76,0.00,25.25
8.71,10.73,-0.77,0.15,-1.30,0.74,0.00,25.25
8.72,10.74,-0.66,0.15,-1.29,0.73,0.00,25.25
8.71,10.74,-0.82,0.65,-1.28,0.74,0.00,25.25
8.70,10.77,-0.99,0.46,-1.29,0.74,0.00,25.25
8.72,10.80,-0.91,0.99,-1.30,0.77,0.00,25.26
8.72,10.76,-0.53,0.97,-1.28,0.80,0.00,25.25
8.72,10.73,-0.84,-0.04,-1.28,0.76,0.00,25.25
8.72,10.66,-0.78,-0.65,-1.28,0.66,0.00,25.25
8.75,10.64,-0.38,-0.18,-1.25,0.64,0.00,25.25
8.79,10.65,-0.28,-0.03,-1.25,0.64,0.00,25.25
8.79,10.66,-0.03,0.71,-1.21,0.65,0.00,25.25
8.77,10.67,-0.60,0.60,-1.21,0.66,0.00,25.25
8.77,10.67,-1.27,0.79,-1.23,0.67,0.00,25.26
8.74,10.69,-0.95,0.36,-1.26,0.69,0.00,25.25
8.75,10.68,-0.85,0.23,-1.25,0.67,0.00,25.25
8.75,10.68,-0.78,0.59,-1.25,0.68,0.00,25.25
8.73,10.68,-0.79,0.33,-1.25,0.68,0.00,25.25
8.72,10.67,-1.05,0.29,-1.28,0.67,0.00,25.25
8.73,10.70,-0.63,0.89,-1.27,0.70,0.00,25.25
8.72,10.71,-0.52,1.04,-1.27,0.70,0.00,25.25
8.69,10.74,-1.00,0.55,-1.28,0.71,0.00,25.25
8.66,10.78,-1.36,1.14,-1.31,0.74,0.00,25.26
8.66,10.78,-1.14,1.08,-1.34,0.78,0.00,25.26
8.65,10.81,-1.27,0.90,-1.35,0.81,0.00,25.26
8.61,10.84,-1.33,0.87,-1.37,0.83,0.00,25.26
8.58,10.85,-1.27,0.77,-1.39,0.84,0.00,25.26
8.56,10.90,-1.32,0.75,-1.42,0.85,0.00,25.26
8.54,10.91,-1.31,1.37,-1.44,0.90,0.00,25.26
8.53,10.94,-1.18,0.87,-1.46,0.91,0.00,25.26
8.50,10.93,-1.31,1.05,-1.47,0.94,0.00,25.26
8.46,10.89,-1.45,0.57,-1.50,0.93,0.00,25.26
8.44,10.87,-1.67,-0.06,-1.54,0.89,0.00,25.26
8.39,10.83,-1.83,-0.11,-1.61,0.83,0.00,25.26
8.36,10.84,-1.65,0.54,-1.64,0.84,0.00,25.26
8.35,10.84,-1.59,0.73,-1.64,0.84,0.00,25.26
8.32,10.81,-1.34,0.42,-1.65,0.84,0.00,25.25
8.29,10.81,-1.42,0.16,-1.68,0.81,0.00,25.26
8.28,10.83,-1.44,0.91,-1.72,0.83,0.00,25.26
8.25,10.88,-1.56,1.34,-1.75,0.88,0.00,25.26
8.24,10.87,-1.61,1.41,-1.75,0.88,0.00,25.27
8.24,10.80,-1.36,0.50,-1.76,0.87,0.00,25.25
8.24,10.74,-1.09,-0.53,-1.76,0.80,0.00,25.25
8.24,10.72,-1.11,-0.19,-1.76,0.72,0.00,25.25
8.26,10.72,-0.74,0.32,-1.74,0.72,0.00,25.25
8.26,10.72,-0.65,0.41,-1.74,0.72,0.00,25.25
8.26,10.73,-0.96,0.38,-1.74,0.72,0.00,25.25
8.28,10.76,-1.16,0.69,-1.74,0.73,0.00,25.26
8.31,10.79,-0.62,1.02,-1.69,0.79,0.00,25.25
8.33,10.81,-0.78,0.98,-1.67,0.81,0.00,25.25
8.35,10.84,-0.83,0.98,-1.67,0.81,0.00,25.25
8.38,10.85,-0.77,1.11,-1.65,0.84,0.00,25.25
8.41,10.82,-0.53,0.91,-1.62,0.85,0.00,25.25
8.41,10.79,-0.64,-0.14,-1.59,0.79,0.00,25.25
8.43,10.78,-0.76,0.21,-1.57,0.78,0.00,25.25
8.45,10.83,-0.78,0.31,-1.57,0.78,0.00,25.25
8.49,10.85,-0.56,1.26,-1.55,0.83,0.00,25.26
8.54,10.89,-0.35,0.94,-1.51,0.85,0.00,25.25
8.57,10.95,-0.36,1.83,-1.43,0.95,0.00,25.26
8.59,11.00,-0.55,1.76,-1.41,1.00,0.00,25.26
8.59,11.06,-0.59,1.70,-1.41,1.00,0.00,25.26
8.60,11.08,-0.90,1.74,-1.41,1.06,0.00,25.26
8.61,11.08,-0.73,1.23,-1.40,1.08,0.00,25.25
8.62,11.05,-0.71,0.33,-1.38,1.05,0.00,25.25
8.60,11.03,-1.07,0.23,-1.40,1.03,0.00,25.25
8.62,10.99,-1.16,0.22,-1.40,1.03,0.00,25.25
