0.57,0.39,-0.43,0.33,0.57,0.39,0.00,25.25
0.51,0.42,-0.53,0.38,0.57,0.39,0.00,25.25
0.44,0.45,-0.68,0.68,0.44,0.45,0.00,25.25
0.38,0.48,-0.77,0.66,0.38,0.48,0.00,25.25
0.31,0.50,-0.80,0.64,0.38,0.48,0.00,25.25
0.24,0.53,-0.84,0.69,0.31,0.50,0.00,25.25
0.17,0.55,-0.87,0.67,0.24,0.53,0.00,25.25
0.12,0.56,-0.79,0.60,0.12,0.56,0.00,25.25
0.07,0.56,-0.71,0.32,0.07,0.56,0.00,25.25
0.03,0.55,-0.69,0.22,0.07,0.56,0.00,25.25
-0.02,0.55,-0.60,0.23,0.03,0.55,0.00,25.25
-0.06,0.55,-0.62,0.36,-0.02,0.55,0.00,25.25
-0.10,0.55,-0.74,0.27,-0.10,0.55,0.00,25.25
-0.16,0.55,-0.88,0.33,-0.16,0.55,0.00,25.25
-0.20,0.56,-0.91,0.35,-0.16,0.55,0.00,25.25
-0.24,0.55,-0.74,0.43,-0.20,0.56,0.00,25.25
-0.28,0.53,-0.71,0.20,-0.24,0.55,0.00,25.25
-0.31,0.50,-0.60,-0.09,-0.31,0.50,0.00,25.25
-0.32,0.47,-0.45,-0.10,-0.32,0.47,0.00,25.25
-0.33,0.44,-0.41,-0.10,-0.32,0.47,0.00,25.25
-0.33,0.41,-0.32,-0.17,-0.33,0.44,0.00,25.25
-0.32,0.37,-0.15,-0.26,-0.33,0.41,0.00,25.25
-0.33,0.35,-0.23,-0.19,-0.33,0.35,0.00,25.25
-0.33,0.33,-0.31,-0.13,-0.33,0.33,0.00,25.25
-0.34,0.30,-0.34,-0.12,-0.33,0.33,0.00,25.25
-0.32,0.29,-0.30,-0.23,-0.34,0.30,0.00,25.25
-0.32,0.27,-0.06,-0.06,-0.32,0.29,0.00,25.25
-0.31,0.25,-0.06,-0.07,-0.31,0.25,0.00,25.25
-0.30,0.26,-0.05,0.03,-0.30,0.26,0.00,25.25
-0.29,0.22,-0.04,0.06,-0.30,0.26,0.00,25.25
-0.26,0.21,0.06,-0.26,-0.29,0.22,0.00,25.25
-0.25,0.20,0.16,-0.04,-0.26,0.21,0.00,25.25
-0.23,0.19,0.07,-0.13,-0.23,0.19,0.00,25.25
-0.21,0.16,0.19,-0.27,-0.21,0.16,0.00,25.25
-0.19,0.13,0.23,-0.31,-0.21,0.16,0.00,25.25
-0.18,0.09,0.16,-0.28,-0.19,0.13,0.00,25.25
-0.19,0.08,0.03,-0.50,-0.18,0.09,0.00,25.25
-0.18,0.10,-0.05,0.16,-0.18,0.10,0.00,25.25
-0.18,0.11,-0.02,0.23,-0.18,0.11,0.00,25.25
-0.16,0.14,-0.01,0.21,-0.18,0.11,0.00,25.25
-0.16,0.16,0.04,0.46,-0.16,0.14,0.00,25.25
-0.13,0.18,0.08,0.46,-0.16,0.16,0.00,25.25
-0.13,0.19,0.01,0.30,-0.13,0.19,0.00,25.25
-0.13,0.18,-0.06,0.27,-0.13,0.19,0.00,25.25
-0.12,0.18,-0.09,-0.00,-0.13,0.18,0.00,25.25
-0.13,0.18,0.05,0.07,-0.12,0.18,0.00,25.25
-0.13,0.19,-0.12,0.03,-0.13,0.18,0.00,25.25
-0.14,0.21,-0.21,0.33,-0.14,0.21,0.00,25.25
-0.16,0.22,-0.30,0.36,-0.16,0.22,0.00,25.25
-0.17,0.26,-0.32,0.35,-0.16,0.22,0.00,25.25
-0.20,0.32,-0.37,0.61,-0.17,0.26,0.00,25.25
-0.24,0.37,-0.52,0.97,-0.20,0.32,0.00,25.25
-0.28,0.41,-0.74,0.86,-0.28,0.41,0.00,25.25
-0.34,0.43,-0.97,0.64,-0.34,0.43,0.00,25.25
-0.37,0.48,-1.03,0.59,-0.34,0.43,0.00,25.25
-0.43,0.50,-0.79,0.90,-0.37,0.48,0.00,25.25
-0.50,0.51,-1.04,0.59,-0.43,0.50,0.00,25.25
-0.56,0.55,-1.19,0.78,-0.56,0.55,0.00,25.26
-0.62,0.61,-1.29,1.06,-0.62,0.61,0.00,25.26
-0.68,0.64,-1.32,1.14,-0.62,0.61,0.00,25.26
-0.77,0.67,-1.34,0.95,-0.68,0.64,0.00,25.26
-0.86,0.69,-1.59,0.83,-0.77,0.67,0.00,25.26
-0.95,0.73,-1.85,0.94,-0.95,0.73,0.00,25.26
-1.04,0.78,-1.94,1.16,-1.04,0.78,0.00,25.27
-1.11,0.82,-1.97,1.21,-1.04,0.78,0.00,25.27
-1.20,0.84,-1.80,1.03,-1.11,0.82,0.00,25.26
-1.30,0.88,-1.98,0.91,-1.20,0.84,0.00,25.27
-1.41,0.88,-2.33,0.63,-1.41,0.88,0.00,25.27
-1.50,0.88,-2.28,0.53,-1.50,0.88,0.00,25.27
-1.59,0.92,-2.24,0.55,-1.50,0.88,0.00,25.27
-1.69,0.92,-2.27,0.98,-1.59,0.92,0.00,25.27
-1.80,0.95,-2.48,0.68,-1.69,0.92,0.00,25.27
-1.89,0.97,-2.51,0.95,-1.89,0.97,0.00,25.28
-1.96,1.01,-2.24,1.03,-1.96,1.01,0.00,25.27
-2.02,1.04,-2.14,1.07,-1.96,1.01,0.00,25.27
-2.12,1.05,-2.18,1.09,-2.02,1.04,0.00,25.27
-2.22,1.03,-2.59,0.78,-2.12,1.05,0.00,25.28
-2.30,1.01,-2.61,0.41,-2.30,1.01,0.00,25.27
-2.38,0.99,-2.54,0.33,-2.38,0.99,0.00,25.27
-2.45,0.94,-2.53,0.30,-2.38,0.99,0.00,25.27
-2.51,0.90,-2.46,-0.13,-2.45,0.94,0.00,25.27
-2.58,0.90,-2.41,-0.07,-2.51,0.90,0.00,25.27
-2.63,0.92,-2.34,0.70,-2.63,0.92,0.00,25.27
-2.68,0.94,-2.22,0.76,-2.68,0.94,0.00,25.27
-2.74,0.94,-2.21,0.74,-2.68,0.94,0.00,25.27
-2.79,0.93,-2.40,0.54,-2.74,0.94,0.00,25.27
-2.80,0.88,-2.37,0.47,-2.79,0.93,0.00,25.27
-2.81,0.84,-1.79,-0.17,-2.81,0.84,0.00,25.26
-2.82,0.79,-1.79,-0.22,-2.82,0.79,0.00,25.26
-2.83,0.76,-1.80,-0.21,-2.82,0.79,0.00,25.26
-2.84,0.76,-1.88,-0.06,-2.83,0.76,0.00,25.26
-2.85,0.77,-1.83,0.27,-2.84,0.76,0.00,25.26
-2.83,0.80,-1.48,0.80,-2.83,0.80,0.00,25.26
-2.82,0.84,-1.47,0.97,-2.82,0.84,0.00,25.26
-2.81,0.85,-1.51,1.00,-2.82,0.84,0.00,25.26
-2.77,0.83,-1.47,0.79,-2.81,0.85,0.00,25.26
-2.75,0.81,-1.08,0.31,-2.77,0.83,0.00,25.25
-2.74,0.80,-1.40,0.25,-2.74,0.80,0.00,25.26
-2.71,0.81,-1.28,0.57,-2.71,0.81,0.00,25.25
-2.67,0.82,-1.21,0.68,-2.71,0.81,0.00,25.25
-2.63,0.85,-1.03,0.68,-2.67,0.82,0.00,25.25
-2.59,0.91,-0.91,0.88,-2.63,0.85,0.00,25.25
-2.55,0.93,-0.87,1.02,-2.55,0.93,0.00,25.25
-2.52,0.98,-0.95,1.18,-2.52,0.98,0.00,25.26
-2.46,1.01,-0.99,1.26,-2.52,0.98,0.00,25.26
-2.42,1.07,-0.67,1.07,-2.46,1.01,0.00,25.25
-2.39,1.13,-0.73,1.39,-2.42,1.07,0.00,25.26
-2.36,1.15,-0.97,1.11,-2.36,1.15,0.00,25.26
-2.32,1.19,-0.82,1.25,-2.32,1.19,0.00,25.26
-2.28,1.25,-0.76,1.35,-2.32,1.19,0.00,25.26
-2.24,1.33,-0.75,1.62,-2.28,1.25,0.00,25.26
-2.21,1.33,-0.65,1.80,-2.24,1.33,0.00,25.26
-2.20,1.38,-1.02,1.34,-2.20,1.38,0.00,25.26
-2.16,1.44,-0.84,1.59,-2.16,1.44,0.00,25.26
-2.13,1.51,-0.75,1.65,-2.16,1.44,0.00,25.26
-2.12,1.58,-0.79,1.86,-2.13,1.51,0.00,25.26
-2.10,1.60,-1.00,1.99,-2.12,1.58,0.00,25.27
-2.09,1.57,-0.97,0.82,-2.09,1.57,0.00,25.25
-2.06,1.59,-0.91,0.94,-2.06,1.59,0.00,25.25
-2.06,1.64,-0.89,1.05,-2.06,1.59,0.00,25.25
-2.07,1.66,-1.00,1.58,-2.06,1.64,0.00,25.26
-2.09,1.70,-1.28,1.28,-2.07,1.66,0.00,25.26
-2.10,1.70,-1.47,1.24,-2.10,1.70,0.00,25.26
-2.08,1.76,-1.18,1.53,-2.08,1.76,0.00,25.26
-2.09,1.80,-1.07,1.68,-2.08,1.76,0.00,25.26
-2.09,1.78,-1.21,1.72,-2.09,1.80,0.00,25.26
-2.11,1.77,-1.29,1.00,-2.09,1.78,0.00,25.26
-2.13,1.78,-1.44,1.14,-2.13,1.78,0.00,25.26
-2.13,1.77,-1.39,0.96,-2.13,1.77,0.00,25.26
-2.15,1.74,-1.37,0.85,-2.13,1.77,0.00,25.26
-2.16,1.74,-1.38,0.66,-2.15,1.74,0.00,25.26
-2.16,1.72,-1.46,0.93,-2.16,1.74,0.00,25.26
-2.15,1.68,-1.19,0.49,-2.15,1.68,0.00,25.25
-2.16,1.67,-1.29,0.64,-2.16,1.67,0.00,25.26
-2.18,1.67,-1.34,0.73,-2.16,1.67,0.00,25.26
-2.21,1.65,-1.51,0.88,-2.18,1.67,0.00,25.26
-2.24,1.62,-1.78,0.63,-2.21,1.65,0.00,25.26
-2.23,1.60,-1.35,0.55,-2.23,1.60,0.00,25.25
-2.25,1.57,-1.38,0.55,-2.25,1.57,0.00,25.26
-2.28,1.55,-1.44,0.56,-2.25,1.57,0.00,25.26
-2.30,1.51,-1.71,0.57,-2.28,1.55,0.00,25.26
-2.30,1.45,-1.66,0.33,-2.30,1.51,0.00,25.26
-2.30,1.38,-1.34,-0.22,-2.30,1.38,0.00,25.25
-2.30,1.32,-1.39,-0.15,-2.30,1.32,0.00,25.26
-2.29,1.32,-1.42,-0.07,-2.30,1.32,0.00,25.26
-2.28,1.31,-1.19,0.57,-2.29,1.32,0.00,25.25
-2.28,1.29,-1.19,0.59,-2.28,1.31,0.00,25.25
-2.28,1.25,-1.34,0.24,-2.28,1.25,0.00,25.25
-2.26,1.25,-1.12,0.56,-2.26,1.25,0.00,25.25
-2.26,1.25,-1.04,0.71,-2.26,1.25,0.00,25.25
-2.25,1.28,-1.23,0.78,-2.26,1.25,0.00,25.26
-2.23,1.28,-1.11,1.08,-2.25,1.28,0.00,25.26
-2.22,1.28,-1.12,0.79,-2.22,1.28,0.00,25.25
-2.21,1.27,-1.16,0.81,-2.22,1.28,0.00,25.26
-2.21,1.22,-1.17,0.65,-2.21,1.27,0.00,25.25
-2.19,1.17,-1.30,0.14,-2.21,1.22,0.00,25.25
-2.18,1.16,-1.00,0.05,-2.19,1.17,0.00,25.25
-2.17,1.17,-1.12,0.42,-2.18,1.16,0.00,25.25
-2.15,1.17,-1.10,0.81,-2.17,1.17,0.00,25.25
-2.14,1.17,-0.98,0.62,-2.15,1.17,0.00,25.25
-2.13,1.18,-1.18,0.74,-2.14,1.17,0.00,25.26
-2.13,1.21,-1.08,0.81,-2.13,1.18,0.00,25.25
-2.12,1.20,-1.12,0.73,-2.12,1.20,0.00,25.25
-2.12,1.22,-1.09,0.64,-2.12,1.20,0.00,25.25
-2.10,1.23,-1.11,1.00,-2.12,1.22,0.00,25.26
-2.08,1.19,-1.06,0.81,-2.10,1.23,0.00,25.25
-2.08,1.17,-0.99,0.29,-2.08,1.19,0.00,25.25
-2.06,1.19,-1.00,0.85,-2.06,1.19,0.00,25.25
-2.06,1.23,-1.08,1.18,-2.06,1.23,0.00,25.26
-2.06,1.24,-1.11,1.23,-2.06,1.23,0.00,25.26
-2.04,1.28,-1.20,0.97,-2.06,1.24,0.00,25.26
-2.02,1.32,-0.88,1.25,-2.04,1.28,0.00,25.26
-1.99,1.38,-0.81,1.56,-1.99,1.38,0.00,25.26
-1.99,1.40,-1.04,1.33,-1.99,1.40,0.00,25.26
-2.00,1.42,-1.13,1.22,-1.99,1.40,0.00,25.26
-2.00,1.42,-1.24,1.03,-2.00,1.42,0.00,25.26
-2.02,1.42,-1.13,0.92,-2.00,1.42,0.00,25.26
-2.02,1.42,-1.33,0.53,-2.02,1.42,0.00,25.25
-2.02,1.39,-1.24,0.63,-2.02,1.39,0.00,25.26
-2.05,1.39,-1.22,0.71,-2.02,1.39,0.00,25.26
-2.06,1.39,-1.45,0.84,-2.05,1.39,0.00,25.26
-2.07,1.39,-1.39,0.75,-2.06,1.39,0.00,25.26
-2.07,1.43,-1.29,1.27,-2.07,1.43,0.00,25.26
-2.07,1.43,-1.37,1.23,-2.07,1.43,0.00,25.26
-2.10,1.45,-1.41,1.15,-2.09,1.45,0.00,25.26
-2.09,1.45,-1.43,0.89,-2.10,1.45,0.00,25.26
-2.09,1.49,-1.19,0.80,-2.09,1.45,0.00,25.25
-2.10,1.48,-1.32,0.89,-2.10,1.48,0.00,25.26
-2.13,1.46,-1.38,0.74,-2.10,1.48,0.00,25.26
-2.12,1.49,-1.48,0.53,-2.13,1.46,0.00,25.26
-2.13,1.54,-1.32,1.22,-2.12,1.49,0.00,25.26
-2.14,1.60,-1.32,1.50,-2.13,1.54,0.00,25.26
-2.15,1.61,-1.39,1.25,-2.15,1.61,0.00,25.26
-2.15,1.65,-1.29,1.34,-2.15,1.65,0.00,25.26
-2.14,1.67,-1.25,1.46,-2.15,1.65,0.00,25.26
-2.13,1.65,-1.05,1.31,-2.14,1.67,0.00,25.26
-2.14,1.61,-1.21,0.83,-2.13,1.65,0.00,25.26
-2.15,1.57,-1.40,0.40,-2.15,1.57,0.00,25.26
-2.16,1.54,-1.42,0.44,-2.16,1.54,0.00,25.26
-2.16,1.54,-1.42,0.45,-2.16,1.54,0.00,25.26
-2.15,1.52,-1.34,0.75,-2.16,1.54,0.00,25.26
-2.15,1.54,-1.13,0.60,-2.15,1.52,0.00,25.25
-2.15,1.52,-1.16,0.78,-2.15,1.52,0.00,25.25
-2.13,1.52,-1.04,0.77,-2.13,1.52,0.00,25.25
-2.12,1.51,-1.01,0.80,-2.13,1.52,0.00,25.25
-2.11,1.51,-1.09,0.72,-2.12,1.51,0.00,25.25
-2.09,1.49,-1.02,0.90,-2.11,1.51,0.00,25.25
-2.08,1.46,-1.06,0.50,-2.08,1.46,0.00,25.25
-2.07,1.40,-1.08,0.16,-2.07,1.40,0.00,25.25
-2.05,1.40,-1.08,0.05,-2.07,1.40,0.00,25.25
-2.03,1.37,-0.91,0.69,-2.05,1.40,0.00,25.25
-2.02,1.34,-0.81,0.41,-2.03,1.37,0.00,25.25
-2.02,1.33,-1.10,0.55,-2.02,1.33,0.00,25.25
-2.01,1.32,-1.05,0.60,-2.01,1.32,0.00,25.25
-1.98,1.31,-1.03,0.59,-2.01,1.32,0.00,25.25
-1.98,1.29,-0.84,0.54,-1.98,1.31,0.00,25.25
-1.95,1.30,-1.04,0.53,-1.98,1.29,0.00,25.25
-1.93,1.27,-0.78,0.46,-1.93,1.27,0.00,25.25
-1.91,1.26,-0.88,0.49,-1.91,1.26,0.00,25.25
-1.91,1.26,-0.91,0.55,-1.91,1.26,0.00,25.25
-1.90,1.28,-0.94,0.68,-1.91,1.26,0.00,25.25
-1.90,1.29,-0.99,0.96,-1.90,1.28,0.00,25.26
-1.88,1.33,-0.91,1.16,-1.88,1.33,0.00,25.26
-1.86,1.36,-0.84,1.26,-1.86,1.36,0.00,25.26
-1.86,1.38,-0.83,1.27,-1.86,1.36,0.00,25.26
-1.87,1.38,-1.07,1.18,-1.86,1.38,0.00,25.26
-1.87,1.38,-1.16,0.88,-1.87,1.38,0.00,25.26
-1.87,1.37,-1.09,0.65,-1.87,1.37,0.00,25.25
-1.87,1.35,-1.09,0.62,-1.87,1.37,0.00,25.25
-1.89,1.33,-1.15,0.55,-1.87,1.35,0.00,25.25
-1.89,1.37,-1.37,0.49,-1.89,1.33,0.00,25.26
-1.89,1.43,-1.20,1.17,-1.89,1.37,0.00,25.26
-1.89,1.43,-1.18,1.32,-1.89,1.43,0.00,25.26
-1.90,1.45,-1.15,1.25,-1.90,1.45,0.00,25.26
-1.94,1.48,-1.12,1.29,-1.90,1.48,0.00,25.26
-1.98,1.51,-1.60,0.99,-1.94,1.48,0.00,25.26
-1.98,1.51,-1.61,1.18,-1.98,1.51,0.00,25.26
-1.97,1.50,-1.36,0.88,-1.98,1.51,0.00,25.26
-1.99,1.49,-1.05,0.79,-1.97,1.50,0.00,25.25
-2.00,1.51,-1.23,0.73,-1.99,1.49,0.00,25.26
-2.02,1.51,-1.28,1.04,-2.00,1.51,0.00,25.26
-2.03,1.50,-1.52,0.86,-2.02,1.51,0.00,25.26
-2.07,1.47,-1.70,0.51,-2.07,1.47,0.00,25.26
-2.09,1.45,-1.61,0.53,-2.09,1.45,0.00,25.26
-2.11,1.47,-1.52,0.58,-2.09,1.45,0.00,25.26
-2.11,1.49,-1.47,0.97,-2.11,1.47,0.00,25.26
-2.11,1.47,-1.27,1.05,-2.11,1.49,0.00,25.26
-2.12,1.48,-1.36,0.92,-2.12,1.48,0.00,25.26
-2.15,1.45,-1.39,0.98,-2.12,1.48,0.00,25.26
-2.18,1.45,-1.63,0.56,-2.15,1.45,0.00,25.26
-2.19,1.44,-1.68,0.83,-2.18,1.45,0.00,25.26
-2.22,1.43,-1.54,0.70,-2.19,1.44,0.00,25.26
-2.23,1.41,-1.48,0.55,-2.23,1.41,0.00,25.26
-2.20,1.41,-1.16,0.75,-2.20,1.41,0.00,25.25
-2.18,1.40,-1.05,0.83,-2.20,1.41,0.00,25.25
-2.18,1.44,-0.89,0.75,-2.18,1.40,0.00,25.25
-2.18,1.44,-1.27,1.29,-2.18,1.44,0.00,25.26
-2.20,1.42,-1.51,0.64,-2.20,1.42,0.00,25.26
-2.18,1.39,-1.24,0.46,-2.18,1.39,0.00,25.25
-2.17,1.37,-1.12,0.43,-2.18,1.39,0.00,25.25
-2.17,1.35,-1.07,0.54,-2.17,1.37,0.00,25.25
-2.16,1.32,-1.25,0.50,-2.17,1.35,0.00,25.25
-2.16,1.32,-1.17,0.59,-2.16,1.32,0.00,25.25
-2.14,1.30,-1.03,0.48,-2.14,1.30,0.00,25.25
-2.14,1.25,-0.98,0.40,-2.14,1.30,0.00,25.25
-2.12,1.22,-1.10,0.11,-2.14,1.25,0.00,25.25
-2.10,1.21,-1.03,0.20,-2.12,1.22,0.00,25.25
-2.09,1.19,-1.05,0.41,-2.09,1.19,0.00,25.25
-2.08,1.16,-1.03,0.29,-2.08,1.16,0.00,25.25
-2.07,1.14,-1.01,0.28,-2.08,1.16,0.00,25.25
-2.07,1.11,-1.00,0.30,-2.07,1.14,0.00,25.25
-2.04,1.10,-1.14,0.29,-2.07,1.11,0.00,25.25
-2.03,1.08,-0.91,0.34,-2.03,1.08,0.00,25.25
-2.03,1.07,-1.07,0.37,-2.03,1.07,0.00,25.25
-2.01,1.07,-1.13,0.40,-2.03,1.07,0.00,25.25
-1.99,1.04,-0.95,0.58,-2.01,1.07,0.00,25.25
-1.99,1.06,-0.98,0.36,-1.99,1.04,0.00,25.25
-1.97,1.09,-0.96,0.96,-1.97,1.09,0.00,25.25
-1.95,1.12,-0.83,1.07,-1.95,1.12,0.00,25.25
-1.94,1.09,-0.78,1.08,-1.95,1.12,0.00,25.25
-1.94,1.09,-0.99,0.38,-1.94,1.09,0.00,25.25
-1.93,1.15,-1.13,0.60,-1.94,1.09,0.00,25.25
-1.94,1.20,-1.21,1.39,-1.94,1.20,0.00,25.26
-1.95,1.20,-1.26,1.02,-1.95,1.20,0.00,25.26
-1.93,1.22,-1.24,0.89,-1.95,1.20,0.00,25.26
-1.92,1.25,-0.94,0.90,-1.93,1.22,0.00,25.25
-1.94,1.27,-0.91,1.15,-1.92,1.25,0.00,25.26
-1.94,1.27,-1.44,0.75,-1.94,1.27,0.00,25.26
-1.96,1.26,-1.28,0.77,-1.96,1.26,0.00,25.26
-1.97,1.29,-1.19,0.81,-1.96,1.27,0.00,25.26
-2.00,1.31,-1.29,1.13,-1.97,1.29,0.00,25.26
-2.02,1.34,-1.50,0.95,-2.00,1.31,0.00,25.26
-2.02,1.34,-1.36,1.38,-2.02,1.34,0.00,25.26
-2.03,1.39,-1.30,1.24,-2.03,1.39,0.00,25.26
-2.04,1.40,-1.28,1.16,-2.03,1.41,0.00,25.26
-2.08,1.41,-1.29,0.87,-2.04,1.40,0.00,25.26
-2.09,1.42,-1.65,0.90,-2.08,1.41,0.00,25.26
-2.11,1.39,-1.48,0.54,-2.11,1.39,0.00,25.26
-2.11,1.39,-1.49,0.32,-2.11,1.39,0.00,25.26
-2.15,1.33,-1.50,0.25,-2.13,1.35,0.00,25.26
-2.17,1.35,-1.50,0.43,-2.15,1.33,0.00,25.26
-2.21,1.35,-1.57,0.94,-2.17,1.35,0.00,25.26
-2.21,1.35,-1.54,0.83,-2.21,1.35,0.00,25.26
-2.23,1.39,-1.47,0.81,-2.21,1.35,0.00,25.26
-2.27,1.35,-1.53,1.20,-2.23,1.39,0.00,25.26
-2.28,1.32,-1.83,0.51,-2.27,1.35,0.00,25.26
-2.27,1.30,-1.63,0.42,-2.28,1.32,0.00,25.26
-2.25,1.28,-1.05,0.46,-2.25,1.28,0.00,25.25
-2.24,1.23,-1.15,0.11,-2.24,1.23,0.00,25.25
-2.25,1.20,-1.19,-0.03,-2.24,1.23,0.00,25.25
-2.24,1.15,-1.39,0.17,-2.25,1.20,0.00,25.26
-2.22,1.14,-1.22,0.06,-2.24,1.15,0.00,25.25
-2.21,1.11,-1.04,0.27,-2.21,1.11,0.00,25.25
-2.20,1.11,-1.10,0.51,-2.20,1.11,0.00,25.25
-2.19,1.13,-1.13,0.60,-2.20,1.11,0.00,25.25
-2.18,1.15,-1.16,0.78,-2.19,1.13,0.00,25.26
-2.18,1.13,-1.06,0.91,-2.18,1.15,0.00,25.25
-2.19,1.08,-1.39,0.17,-2.19,1.08,0.00,25.26
-2.18,1.08,-1.19,0.40,-2.18,1.08,0.00,25.25
-2.17,1.09,-1.12,0.53,-2.18,1.08,0.00,25.25
-2.15,1.10,-1.10,0.69,-2.17,1.09,0.00,25.25
-2.14,1.08,-1.01,0.80,-2.15,1.10,0.00,25.25
-2.12,1.10,-0.92,0.70,-2.12,1.10,0.00,25.25
-2.08,1.15,-0.78,1.25,-2.08,1.15,0.00,25.26
-2.07,1.18,-0.75,1.41,-2.08,1.15,0.00,25.26
-2.06,1.18,-0.93,1.13,-2.07,1.18,0.00,25.26
-2.06,1.20,-1.05,0.76,-2.06,1.18,0.00,25.25
-2.05,1.19,-1.10,0.67,-2.05,1.19,0.00,25.25
-2.04,1.19,-1.06,0.56,-2.05,1.19,0.00,25.25
-2.03,1.16,-0.97,0.73,-2.04,1.19,0.00,25.25
-2.05,1.14,-1.14,0.30,-2.03,1.16,0.00,25.25
-2.07,1.11,-1.38,0.40,-2.05,1.14,0.00,25.26
-2.07,1.12,-1.30,0.58,-2.07,1.12,0.00,25.26
-2.08,1.15,-1.23,0.72,-2.07,1.12,0.00,25.26
-2.06,1.19,-1.29,1.06,-2.08,1.15,0.00,25.26
-2.08,1.18,-1.03,1.32,-2.06,1.19,0.00,25.26
-2.09,1.16,-1.40,0.62,-2.08,1.18,0.00,25.26
-2.07,1.19,-1.06,0.95,-2.07,1.19,0.00,25.26
-2.07,1.15,-1.11,0.41,-2.07,1.15,0.00,25.25
-2.04,1.12,-1.17,0.15,-2.07,1.15,0.00,25.25
-2.05,1.12,-0.93,0.19,-2.04,1.12,0.00,25.25
-2.06,1.16,-1.25,0.50,-2.05,1.12,0.00,25.26
-2.06,1.20,-1.23,1.25,-2.06,1.20,0.00,25.26
-2.06,1.23,-1.24,1.26,-2.06,1.23,0.00,25.26
-2.07,1.31,-1.26,1.24,-2.06,1.23,0.00,25.26
-2.09,1.33,-1.35,1.74,-2.07,1.31,0.00,25.27
-2.09,1.35,-1.42,1.14,-2.09,1.33,0.00,25.26
-2.10,1.33,-1.25,0.74,-2.10,1.33,0.00,25.25
-2.10,1.33,-1.28,0.69,-2.10,1.33,0.00,25.26
-2.11,1.31,-1.30,0.73,-2.10,1.33,0.00,25.26
-2.13,1.28,-1.39,0.52,-2.11,1.31,0.00,25.26
-2.14,1.28,-1.50,0.40,-2.13,1.28,0.00,25.26
-2.17,1.30,-1.61,0.92,-2.17,1.30,0.00,25.26
-2.18,1.36,-1.48,1.44,-2.18,1.36,0.00,25.26
-2.20,1.36,-1.40,1.57,-2.18,1.36,0.00,25.26
-2.20,1.40,-1.47,1.03,-2.20,1.36,0.00,25.26
-2.20,1.38,-1.40,1.28,-2.20,1.40,0.00,25.26
-2.21,1.34,-1.37,0.34,-2.21,1.34,0.00,25.26
-2.24,1.32,-1.61,0.37,-2.24,1.32,0.00,25.26
-2.24,1.29,-1.69,0.44,-2.24,1.32,0.00,25.26
-2.27,1.27,-1.48,0.41,-2.24,1.29,0.00,25.26
-2.28,1.25,-1.57,0.43,-2.27,1.27,0.00,25.26
-2.29,1.24,-1.51,0.49,-2.29,1.24,0.00,25.26
-2.30,1.27,-1.47,1.01,-2.30,1.27,0.00,25.26
-2.29,1.28,-1.46,1.18,-2.30,1.27,0.00,25.26
-2.29,1.29,-1.27,0.93,-2.29,1.28,0.00,25.26
-2.31,1.30,-1.34,0.95,-2.29,1.29,0.00,25.26
-2.29,1.28,-1.28,0.55,-2.29,1.28,0.00,25.25
-2.27,1.26,-0.99,0.48,-2.27,1.26,0.00,25.25
-2.24,1.20,-0.93,0.50,-2.27,1.26,0.00,25.25
-2.23,1.13,-0.89,0.01,-2.24,1.20,0.00,25.25
-2.21,1.12,-1.08,-0.33,-2.23,1.13,0.00,25.25
-2.21,1.13,-1.16,0.69,-2.21,1.13,0.00,25.26
-2.18,1.14,-1.18,0.79,-2.21,1.13,0.00,25.26
-2.18,1.13,-0.87,0.80,-2.18,1.14,0.00,25.25
-2.17,1.16,-1.16,0.52,-2.18,1.13,0.00,25.25
-2.15,1.20,-1.10,1.00,-2.17,1.16,0.00,25.26
-2.12,1.22,-0.86,1.03,-2.12,1.22,0.00,25.25
-2.10,1.18,-0.88,0.47,-2.10,1.18,0.00,25.25
-2.09,1.14,-0.92,0.29,-2.10,1.18,0.00,25.25
-2.06,1.11,-0.99,0.13,-2.09,1.14,0.00,25.25
-2.03,1.09,-0.79,0.20,-2.06,1.11,0.00,25.25
-2.02,1.10,-0.94,0.59,-2.02,1.10,0.00,25.25
-1.98,1.14,-0.99,0.69,-2.02,1.10,0.00,25.25
-1.96,1.19,-0.65,1.14,-1.98,1.14,0.00,25.25
-1.96,1.26,-0.85,1.37,-1.96,1.19,0.00,25.26
-1.94,1.29,-1.00,1.69,-1.96,1.26,0.00,25.26
-1.92,1.30,-0.88,0.97,-1.92,1.30,0.00,25.25
-1.90,1.30,-0.80,0.80,-1.90,1.30,0.00,25.25
-1.86,1.31,-0.77,0.79,-1.90,1.30,0.00,25.25
-1.87,1.35,-0.58,0.96,-1.86,1.31,0.00,25.25
-1.85,1.37,-0.96,1.29,-1.87,1.35,0.00,25.26
-1.83,1.37,-0.84,0.85,-1.83,1.37,0.00,25.25
-1.82,1.41,-0.87,1.13,-1.82,1.41,0.00,25.26
-1.84,1.42,-0.89,1.27,-1.82,1.41,0.00,25.26
-1.85,1.44,-1.25,1.08,-1.84,1.42,0.00,25.26
-1.88,1.47,-1.17,1.10,-1.85,1.44,0.00,25.26
-1.91,1.47,-1.52,1.02,-1.91,1.47,0.00,25.26
-1.91,1.50,-1.20,1.13,-1.91,1.50,0.00,25.26
-1.90,1.52,-1.09,1.22,-1.91,1.50,0.00,25.26
-1.91,1.51,-0.95,1.14,-1.90,1.52,0.00,25.26
-1.94,1.50,-1.24,0.89,-1.91,1.51,0.00,25.26
-1.98,1.47,-1.69,0.46,-1.98,1.47,0.00,25.26
-2.00,1.49,-1.49,0.92,-2.00,1.49,0.00,25.26
-2.03,1.48,-1.40,1.12,-2.00,1.49,0.00,25.26
-2.07,1.44,-1.59,0.82,-2.03,1.48,0.00,25.26
-2.10,1.39,-1.76,0.40,-2.07,1.44,0.00,25.26
-2.10,1.38,-1.42,0.41,-2.10,1.38,0.00,25.26
-2.10,1.37,-1.23,0.63,-2.10,1.37,0.00,25.25
-2.11,1.37,-1.19,0.66,-2.10,1.37,0.00,25.25
-2.15,1.32,-1.32,0.76,-2.11,1.37,0.00,25.26
-2.17,1.29,-1.73,0.14,-2.15,1.32,0.00,25.26
-2.18,1.25,-1.47,0.24,-2.18,1.25,0.00,25.26
-2.19,1.22,-1.41,0.17,-2.19,1.22,0.00,25.26
-2.19,1.23,-1.42,0.15,-2.19,1.22,0.00,25.26
-2.22,1.19,-1.36,0.75,-2.19,1.23,0.00,25.26
-2.25,1.19,-1.75,0.24,-2.22,1.19,0.00,25.26
-2.25,1.15,-1.45,0.19,-2.25,1.15,0.00,25.26
-2.25,1.14,-1.40,0.44,-2.25,1.14,0.00,25.26
-2.27,1.16,-1.40,0.59,-2.25,1.14,0.00,25.26
-2.28,1.16,-1.49,0.83,-2.27,1.16,0.00,25.26
-2.27,1.15,-1.52,0.64,-2.28,1.16,0.00,25.26
-2.27,1.12,-1.25,0.37,-2.27,1.12,0.00,25.25
-2.27,1.07,-1.28,0.01,-2.27,1.07,0.00,25.25
-2.29,1.06,-1.29,-0.09,-2.27,1.07,0.00,25.25
-2.29,1.06,-1.58,0.30,-2.29,1.06,0.00,25.26
-2.26,1.09,-1.33,0.62,-2.29,1.06,0.00,25.26
-2.25,1.10,-0.99,0.77,-2.25,1.10,0.00,25.25
-2.21,1.11,-0.91,0.86,-2.21,1.11,0.00,25.25
-2.20,1.16,-0.88,0.92,-2.21,1.11,0.00,25.25
-2.20,1.15,-1.06,1.28,-2.20,1.16,0.00,25.26
-2.21,1.13,-1.29,0.67,-2.20,1.15,0.00,25.26
-2.21,1.13,-1.38,0.67,-2.21,1.13,0.00,25.26
-2.20,1.16,-1.38,0.75,-2.21,1.13,0.00,25.26
-2.19,1.16,-1.14,0.96,-2.20,1.16,0.00,25.26
-2.19,1.18,-1.12,0.69,-2.19,1.16,0.00,25.25
-2.17,1.19,-1.18,0.93,-2.19,1.18,0.00,25.26
-2.17,1.24,-1.14,1.20,-2.17,1.24,0.00,25.26
-2.16,1.30,-1.15,1.57,-2.16,1.30,0.00,25.26
-2.17,1.34,-1.15,1.66,-2.16,1.30,0.00,25.26
-2.18,1.34,-1.35,1.38,-2.17,1.34,0.00,25.26
-2.17,1.36,-1.37,0.90,-2.18,1.34,0.00,25.26
-2.15,1.34,-1.02,0.75,-2.15,1.34,0.00,25.25
-2.14,1.32,-1.08,0.48,-2.14,1.32,0.00,25.25
-2.14,1.29,-1.12,0.42,-2.14,1.32,0.00,25.25
-2.16,1.31,-1.15,0.38,-2.14,1.29,0.00,25.25
-2.18,1.33,-1.50,0.96,-2.16,1.31,0.00,25.26
-2.21,1.33,-1.67,0.87,-2.21,1.33,0.00,25.26
-2.24,1.33,-1.73,0.84,-2.24,1.33,0.00,25.26
-2.26,1.36,-1.74,0.84,-2.24,1.33,0.00,25.26
-2.26,1.36,-1.66,1.10,-2.26,1.36,0.00,25.26
-2.24,1.40,-1.45,0.97,-2.26,1.36,0.00,25.26
-2.26,1.40,-1.39,1.01,-2.26,1.40,0.00,25.26
-2.28,1.40,-1.54,0.91,-2.28,1.40,0.00,25.26
-2.27,1.38,-1.56,0.91,-2.28,1.40,0.00,25.26
-2.26,1.36,-1.27,0.49,-2.27,1.38,0.00,25.25
-2.25,1.33,-1.20,0.54,-2.26,1.36,0.00,25.25
-2.25,1.32,-1.23,0.51,-2.25,1.32,0.00,25.25
-2.26,1.32,-1.38,0.69,-2.26,1.32,0.00,25.26
-2.26,1.34,-1.42,0.73,-2.26,1.32,0.00,25.26
-2.26,1.37,-1.26,1.05,-2.26,1.34,0.00,25.26
-2.28,1.34,-1.40,1.21,-2.26,1.37,0.00,25.26
-2.28,1.33,-1.44,0.59,-2.28,1.34,0.00,25.26
-2.27,1.32,-1.42,0.63,-2.28,1.33,0.00,25.26
-2.25,1.32,-1.14,0.63,-2.27,1.32,0.00,25.25
-2.24,1.28,-1.07,0.66,-2.25,1.32,0.00,25.25
-2.22,1.24,-1.09,0.26,-2.24,1.28,0.00,25.25
-2.20,1.22,-1.05,0.29,-2.20,1.22,0.00,25.25
-2.18,1.21,-0.94,0.49,-2.18,1.21,0.00,25.25
-2.17,1.20,-0.90,0.56,-2.18,1.21,0.00,25.25
-2.15,1.20,-1.17,0.52,-2.17,1.20,0.00,25.25
-2.13,1.23,-0.90,0.75,-2.15,1.20,0.00,25.25
-2.08,1.24,-0.68,0.93,-2.08,1.24,0.00,25.25
-2.08,1.24,-0.75,0.55,-2.08,1.24,0.00,25.25
-2.04,1.22,-0.78,0.43,-2.05,1.21,0.00,25.25
-2.01,1.22,-0.91,0.69,-2.04,1.22,0.00,25.25
-1.99,1.20,-0.84,0.71,-2.01,1.22,0.00,25.25
-1.97,1.20,-0.85,0.57,-1.97,1.20,0.00,25.25
-1.97,1.20,-1.03,0.59,-1.97,1.20,0.00,25.25
-1.94,1.19,-1.10,0.58,-1.97,1.19,0.00,25.25
-1.92,1.21,-0.73,0.64,-1.94,1.19,0.00,25.25
-1.90,1.23,-0.81,0.94,-1.92,1.21,0.00,25.25
-1.89,1.23,-0.90,0.77,-1.89,1.23,0.00,25.25
-1.89,1.24,-0.95,0.70,-1.89,1.23,0.00,25.25
-1.87,1.26,-1.07,0.83,-1.89,1.24,0.00,25.26
-1.85,1.28,-0.80,0.98,-1.87,1.26,0.00,25.25
-1.87,1.26,-0.90,1.00,-1.85,1.28,0.00,25.25
-1.87,1.27,-1.05,0.79,-1.87,1.27,0.00,25.25
-1.84,1.32,-0.83,1.28,-1.84,1.32,0.00,25.26
-1.83,1.36,-0.78,1.41,-1.84,1.32,0.00,25.26
-1.83,1.36,-0.82,1.39,-1.83,1.36,0.00,25.26
-1.83,1.36,-1.05,0.94,-1.83,1.36,0.00,25.25
-1.83,1.32,-1.14,0.37,-1.83,1.32,0.00,25.25
-1.85,1.30,-1.25,0.43,-1.85,1.30,0.00,25.25
-1.86,1.29,-1.29,0.50,-1.85,1.30,0.00,25.26
-1.87,1.27,-1.24,0.54,-1.86,1.29,0.00,25.25
-1.88,1.22,-1.27,0.48,-1.87,1.27,0.00,25.25
-1.88,1.18,-1.12,0.12,-1.88,1.18,0.00,25.25
-1.89,1.16,-1.25,0.25,-1.89,1.16,0.00,25.25
-1.92,1.15,-1.31,0.29,-1.89,1.16,0.00,25.25
-1.97,1.12,3.13,0.49,8.08,1.15,0.00,25.32
-1.98,1.13,3.76,0.24,8.03,1.12,0.00,25.31
-1.98,1.13,4.55,0.70,8.02,1.13,0.00,25.33
-1.99,1.11,4.62,0.71,8.02,1.13,0.00,25.33
-2.01,1.11,4.61,0.53,8.01,1.11,0.00,25.33
-2.05,1.06,4.44,0.53,7.99,1.11,0.00,25.32
-2.15,1.03,4.04,0.14,7.95,1.06,0.00,25.31
-2.15,1.03,2.97,-0.15,7.85,1.03,0.00,25.28
-2.27,0.97,3.40,0.68,7.73,0.97,0.00,25.30
-2.46,1.08,3.58,1.04,7.68,1.02,0.00,25.30
-2.62,1.22,2.63,1.45,7.54,1.08,0.00,25.28
-2.82,1.30,1.94,2.77,7.38,1.22,0.00,25.29
-2.82,1.30,1.48,1.87,7.18,1.30,0.00,25.27
-3.00,1.37,1.64,2.22,7.00,1.37,0.00,25.28
-3.32,1.57,1.64,2.40,6.85,1.48,0.00,25.28
-3.51,1.68,1.52,2.31,6.68,1.57,0.00,25.28
-3.75,1.70,0.97,2.67,6.49,1.68,0.00,25.28
-4.00,1.72,-0.16,1.36,6.00,1.72,0.00,25.25
-4.28,1.74,-0.58,1.29,5.72,1.74,0.00,25.26
-4.58,1.74,-0.65,1.28,5.72,1.74,0.00,25.26
-4.90,1.73,-1.19,1.08,5.42,1.74,0.00,25.26
-5.25,1.70,-1.63,0.88,5.10,1.73,0.00,25.26
-5.58,1.73,-2.39,1.10,4.42,1.73,0.00,25.28
-5.89,1.77,-2.34,1.56,4.11,1.77,0.00,25.28
-6.29,1.76,-2.30,1.64,4.11,1.77,0.00,25.28
-6.73,1.71,-3.44,1.15,3.71,1.76,0.00,25.30
-7.12,1.64,-4.26,0.52,3.27,1.71,0.00,25.32
-7.44,1.58,-3.57,0.05,2.56,1.58,0.00,25.29
-7.77,1.49,-3.55,-0.33,2.23,1.49,0.00,25.30
-8.14,1.34,-3.61,-0.46,2.23,1.49,0.00,25.30
-8.52,1.20,-4.32,-1.44,1.86,1.34,0.00,25.33
-8.86,1.09,-4.67,-1.41,1.48,1.20,0.00,25.34
-9.19,1.01,-4.42,-0.86,0.81,1.01,0.00,25.32
-9.56,0.90,-5.00,-1.03,0.44,0.90,0.00,25.35
-9.91,0.74,-5.20,-1.12,0.44,0.90,0.00,25.36
-10.22,0.60,-5.17,-1.79,0.09,0.74,0.00,25.36
-10.47,0.47,-4.78,-1.71,-0.22,0.60,0.00,25.34
-10.72,0.32,-4.22,-1.89,-0.72,0.32,0.00,25.33
-11.01,0.18,-4.61,-2.09,-1.01,0.18,0.00,25.35
-11.25,0.05,-4.74,-2.13,-1.01,0.18,0.00,25.35
-11.41,-0.03,-4.33,-1.88,-1.25,0.05,0.00,25.33
-11.58,-0.12,-3.42,-1.41,-1.41,-0.03,0.00,25.29
-11.79,-0.24,-3.94,-1.78,-1.79,-0.24,0.00,25.32
-11.94,-0.33,-3.62,-1.70,-1.94,-0.33,0.00,25.30
-12.04,-0.41,-3.42,-1.61,-1.94,-0.33,0.00,25.30
-12.15,-0.44,-2.87,-1.41,-2.04,-0.41,0.00,25.28
-12.25,-0.52,-2.73,-1.02,-2.15,-0.44,0.00,25.28
-12.33,-0.55,-2.68,-0.98,-2.33,-0.55,0.00,25.28
-12.39,-0.56,-2.35,-0.61,-2.39,-0.56,0.00,25.27
-12.41,-0.56,-2.26,-0.52,-2.39,-0.56,0.00,25.27
-12.45,-0.57,-1.89,-0.25,-2.41,-0.56,0.00,25.26
-12.49,-0.55,-1.96,-0.55,-2.45,-0.57,0.00,25.26
-12.49,-0.49,-1.63,0.41,-2.49,-0.49,0.00,25.26
-12.48,-0.42,-1.36,0.70,-2.48,-0.42,0.00,25.26
-12.45,-0.31,-1.31,0.76,-2.48,-0.42,0.00,25.26
-12.46,-0.20,-1.10,1.25,-2.45,-0.31,0.00,25.26
-12.46,-0.13,-1.36,1.50,-2.46,-0.20,0.00,25.26
-12.45,-0.02,-1.30,1.47,-2.45,-0.02,0.00,25.26
-12.43,0.10,-1.14,1.79,-2.43,0.10,0.00,25.27
-12.41,0.23,-1.11,1.86,-2.43,0.10,0.00,25.27
-12.39,0.36,-1.14,1.97,-2.41,0.23,0.00,25.27
-12.40,0.50,-1.16,2.17,-2.39,0.36,0.00,25.27
-12.38,0.67,-1.25,2.75,-2.38,0.67,0.00,25.28
-12.38,0.83,-1.37,2.86,-2.38,0.83,0.00,25.29
-12.38,1.00,-1.42,2.86,-2.38,0.83,0.00,25.29
-12.39,1.15,-1.42,3.10,-2.38,1.00,0.00,25.29
-12.40,1.29,-1.36,3.01,-2.39,1.15,0.00,25.29
-12.41,1.43,-1.54,3.00,-2.41,1.43,0.00,25.29
-12.41,1.51,-1.47,2.35,-2.41,1.51,0.00,25.27
-12.41,1.60,-1.45,2.12,-2.41,1.51,0.00,25.27
-12.41,1.70,-1.40,2.14,-2.41,1.60,0.00,25.27
-12.42,1.78,-1.37,2.36,-2.41,1.70,0.00,25.28
-12.45,1.89,-1.74,2.60,-2.45,1.89,0.00,25.29
-12.47,2.00,-1.66,2.84,-2.47,2.00,0.00,25.29
-12.50,2.09,-1.61,2.89,-2.47,2.00,0.00,25.29
-12.55,2.20,-1.83,2.66,-2.50,2.09,0.00,25.29
-12.58,2.27,-2.10,2.88,-2.55,2.20,0.00,25.30
-12.59,2.32,-1.77,2.21,-2.59,2.32,0.00,25.28
-12.60,2.36,-1.65,2.00,-2.60,2.36,0.00,25.27
-12.62,2.37,-1.64,1.95,-2.60,2.36,0.00,25.27
-12.63,2.37,-1.74,1.66,-2.62,2.37,0.00,25.27
-12.66,2.37,-1.77,1.42,-2.63,2.37,0.00,25.27
-12.66,2.40,-1.67,1.64,-2.66,2.40,0.00,25.27
-12.68,2.38,-1.75,1.28,-2.68,2.38,0.00,25.27
-12.72,2.32,-1.81,1.12,-2.68,2.38,0.00,25.26
-12.72,2.25,-2.07,0.70,-2.72,2.32,0.00,25.27
-12.70,2.20,-1.74,0.30,-2.72,2.25,0.00,25.26
-12.70,2.15,-1.52,0.39,-2.70,2.15,0.00,25.26
-12.70,2.06,-1.58,0.05,-2.70,2.06,0.00,25.26
-12.69,2.00,-1.58,-0.06,-2.70,2.06,0.00,25.26
-12.68,1.93,-1.45,0.25,-2.69,2.00,0.00,25.26
-12.66,1.85,-1.41,0.05,-2.68,1.93,0.00,25.26
-12.65,1.78,-1.38,-0.04,-2.65,1.78,0.00,25.26
-12.63,1.71,-1.24,-0.13,-2.63,1.71,0.00,25.25
-12.58,1.62,-1.18,-0.17,-2.63,1.71,0.00,25.25
-12.55,1.58,-0.88,-0.33,-2.58,1.62,0.00,25.25
-12.53,1.54,-1.06,0.12,-2.55,1.58,0.00,25.25
-12.49,1.47,-1.00,-0.03,-2.49,1.47,0.00,25.25
-12.45,1.43,-0.80,0.04,-2.45,1.43,0.00,25.25
-12.40,1.38,-0.74,0.11,-2.45,1.43,0.00,25.25
-12.38,1.33,-0.77,-0.01,-2.40,1.38,0.00,25.25
-12.35,1.30,-0.97,0.10,-2.38,1.33,0.00,25.25
-12.30,1.26,-0.77,0.22,-2.30,1.26,0.00,25.25
-12.30,1.26,-0.76,0.09,-2.30,1.26,0.00,25.25
-12.24,1.16,-0.76,0.03,-2.27,1.21,0.00,25.25
-12.22,1.16,-0.98,-0.06,-2.24,1.16,0.00,25.25
-12.18,1.16,-0.86,0.47,-2.22,1.16,0.00,25.25
-12.16,1.20,-0.87,1.06,-2.16,1.20,0.00,25.26
-12.16,1.20,-0.78,1.28,-2.16,1.20,0.00,25.26
-12.10,1.28,-0.71,1.31,-2.12,1.24,0.00,25.26
-12.10,1.32,-0.90,1.39,-2.10,1.28,0.00,25.26
-12.09,1.34,-1.11,1.40,-2.10,1.32,0.00,25.26
-12.08,1.37,-1.01,1.22,-2.08,1.37,0.00,25.26
-12.08,1.37,-0.82,1.21,-2.08,1.37,0.00,25.26
-12.04,1.46,-0.75,1.19,-2.05,1.40,0.00,25.25
-12.05,1.49,-1.02,1.60,-2.04,1.46,0.00,25.26
-12.07,1.54,-1.28,1.43,-2.05,1.49,0.00,25.26
-12.09,1.57,-1.44,1.46,-2.09,1.57,0.00,25.26
-12.09,1.65,-1.31,1.81,-2.09,1.65,0.00,25.27
-12.12,1.69,-1.27,1.97,-2.09,1.65,0.00,25.27
-12.16,1.72,-1.60,1.79,-2.12,1.69,0.00,25.27
-12.19,1.79,-1.90,1.33,-2.16,1.72,0.00,25.27
-12.22,1.86,-1.72,2.12,-2.22,1.86,0.00,25.28
-12.26,1.91,-1.82,1.98,-2.26,1.91,0.00,25.27
-12.31,1.94,-1.86,1.91,-2.26,1.91,0.00,25.27
-12.35,1.93,-1.98,1.61,-2.31,1.94,0.00,25.27
-12.37,1.94,-2.00,1.18,-2.35,1.93,0.00,25.27
-12.40,1.93,-1.77,1.18,-2.40,1.93,0.00,25.26
-12.46,1.91,-2.11,0.81,-2.46,1.91,0.00,25.27
-12.52,1.90,-2.23,0.68,-2.46,1.91,0.00,25.27
-12.59,1.88,-2.40,0.94,-2.52,1.90,0.00,25.27
-12.62,1.85,-2.46,0.73,-2.59,1.88,0.00,25.27
-12.66,1.86,-2.08,1.06,-2.66,1.86,0.00,25.27
-12.69,1.83,-2.08,0.85,-2.69,1.83,0.00,25.27
-12.73,1.83,-2.07,0.73,-2.69,1.83,0.00,25.27
-12.76,1.81,-2.16,0.96,-2.73,1.83,0.00,25.27
-12.79,1.81,-2.00,0.71,-2.76,1.81,0.00,25.26
-12.82,1.77,-2.12,0.64,-2.82,1.77,0.00,25.27
-12.84,1.75,-1.97,0.63,-2.84,1.75,0.00,25.26
-12.86,1.68,-1.91,0.68,-2.84,1.75,0.00,25.26
-12.84,1.64,-1.90,0.10,-2.86,1.68,0.00,25.26
-12.84,1.64,-1.56,0.32,-2.84,1.64,0.00,25.26
-12.85,1.65,-1.73,0.96,-2.85,1.65,0.00,25.26
-12.85,1.63,-1.75,1.00,-2.85,1.65,0.00,25.26
-12.84,1.64,-1.70,0.83,-2.85,1.63,0.00,25.26
-12.84,1.59,-1.55,0.91,-2.84,1.64,0.00,25.26
-12.83,1.57,-1.61,0.46,-2.84,1.59,0.00,25.26
-12.83,1.57,-1.34,0.26,-2.83,1.57,0.00,25.25
-12.80,1.52,-1.25,0.44,-2.80,1.52,0.00,25.25
-12.75,1.51,-1.23,0.54,-2.78,1.51,0.00,25.25
-12.73,1.53,-1.24,1.03,-2.75,1.51,0.00,25.26
-12.71,1.53,-1.33,1.07,-2.73,1.53,0.00,25.26
-12.68,1.53,-1.22,0.88,-2.68,1.53,0.00,25.26
-12.65,1.52,-1.08,0.74,-2.65,1.52,0.00,25.25
-12.63,1.52,-1.03,0.71,-2.65,1.52,0.00,25.25
-12.59,1.55,-1.17,0.89,-2.63,1.52,0.00,25.26
-12.56,1.53,-1.04,1.22,-2.59,1.55,0.00,25.26
-12.54,1.54,-1.04,1.01,-2.54,1.54,0.00,25.26
-12.51,1.54,-1.06,1.00,-2.51,1.54,0.00,25.26
-12.47,1.59,-1.07,0.96,-2.51,1.54,0.00,25.26
-12.44,1.62,-0.92,1.51,-2.47,1.59,0.00,25.26
-12.40,1.65,-0.88,1.42,-2.44,1.62,0.00,25.26
-12.38,1.67,-0.95,1.35,-2.38,1.67,0.00,25.26
-12.38,1.67,-0.97,1.32,-2.38,1.67,0.00,25.26
-12.33,1.76,-0.96,1.33,-2.35,1.69,0.00,25.26
-12.29,1.80,-0.98,1.85,-2.33,1.76,0.00,25.27
-12.28,1.80,-0.93,1.69,-2.29,1.80,0.00,25.26
-12.27,1.84,-1.12,1.49,-2.27,1.84,0.00,25.26
-12.24,1.90,-1.02,1.90,-2.24,1.90,0.00,25.27
-12.24,1.93,-0.99,2.00,-2.24,1.90,0.00,25.27
-12.26,1.90,-1.27,1.61,-2.24,1.93,0.00,25.26
-12.27,1.88,-1.50,0.79,-2.26,1.90,0.00,25.26
-12.26,1.90,-1.24,1.16,-2.26,1.90,0.00,25.26
-12.27,1.90,-1.40,1.14,-2.27,1.90,0.00,25.26
-12.27,1.92,-1.49,1.09,-2.27,1.90,0.00,25.26
-12.27,1.95,-1.41,1.32,-2.27,1.92,0.00,25.26
-12.27,1.96,-1.26,1.51,-2.27,1.95,0.00,25.26
-12.28,1.97,-1.38,1.31,-2.28,1.97,0.00,25.26
-12.30,1.96,-1.36,1.27,-2.28,1.97,0.00,25.26
-12.33,1.94,-1.65,1.03,-2.30,1.96,0.00,25.26
-12.37,1.90,-1.77,0.89,-2.33,1.94,0.00,25.26
-12.39,1.89,-1.92,0.68,-2.37,1.90,0.00,25.26
-12.40,1.87,-1.61,0.85,-2.40,1.87,0.00,25.26
-12.40,1.86,-1.48,0.83,-2.40,1.86,0.00,25.26
-12.40,1.84,-1.44,0.83,-2.40,1.86,0.00,25.26
-12.41,1.83,-1.39,0.74,-2.40,1.84,0.00,25.26
-12.42,1.81,-1.49,0.84,-2.41,1.83,0.00,25.26
-12.43,1.74,-1.57,0.28,-2.43,1.74,0.00,25.26
-12.43,1.70,-1.44,0.25,-2.43,1.70,0.00,25.26
-12.43,1.67,-1.39,0.32,-2.43,1.70,0.00,25.26
-12.43,1.64,-1.41,0.45,-2.43,1.67,0.00,25.26
-12.45,1.62,-1.44,0.48,-2.43,1.64,0.00,25.26
-12.46,1.62,-1.62,0.90,-2.46,1.62,0.00,25.26
-12.48,1.65,-1.61,1.01,-2.46,1.62,0.00,25.26
-12.50,1.63,-1.73,1.27,-2.48,1.65,0.00,25.27
-12.48,1.66,-1.76,0.85,-2.50,1.63,0.00,25.26
-12.48,1.63,-1.31,1.27,-2.48,1.66,0.00,25.26
-12.49,1.63,-1.51,0.78,-2.49,1.63,0.00,25.26
-12.50,1.61,-1.56,0.83,-2.49,1.63,0.00,25.26
-12.50,1.61,-1.54,0.62,-2.50,1.61,0.00,25.26
-12.50,1.58,-1.44,0.94,-2.50,1.61,0.00,25.26
-12.49,1.60,-1.45,0.59,-2.50,1.58,0.00,25.26
-12.48,1.64,-1.29,1.32,-2.48,1.64,0.00,25.26
-12.48,1.64,-1.40,1.20,-2.48,1.64,0.00,25.26
-12.47,1.69,-1.45,1.13,-2.48,1.64,0.00,25.26
-12.48,1.72,-1.38,1.54,-2.47,1.69,0.00,25.26
-12.46,1.78,-1.37,1.53,-2.48,1.72,0.00,25.26
-12.45,1.79,-1.26,1.42,-2.45,1.79,0.00,25.26
-12.47,1.80,-1.31,1.27,-2.45,1.79,0.00,25.26
-12.46,1.79,-1.56,1.17,-2.47,1.80,0.00,25.26
-12.46,1.80,-1.49,0.97,-2.46,1.79,0.00,25.26
-12.45,1.84,-1.38,1.17,-2.46,1.80,0.00,25.26
-12.45,1.86,-1.38,1.45,-2.45,1.86,0.00,25.26
-12.45,1.87,-1.37,1.27,-2.45,1.87,0.00,25.26
-12.45,1.89,-1.36,1.23,-2.45,1.87,0.00,25.26
-12.46,1.90,-1.44,1.31,-2.45,1.89,0.00,25.26
-12.45,1.89,-1.45,1.23,-2.46,1.90,0.00,25.26
-12.43,1.90,-1.20,1.11,-2.43,1.90,0.00,25.26
-12.42,1.89,-1.31,1.00,-2.42,1.89,0.00,25.26
-12.42,1.85,-1.37,0.96,-2.42,1.89,0.00,25.26
-12.40,1.85,-1.29,0.66,-2.42,1.85,0.00,25.25
-12.40,1.84,-1.18,0.99,-2.40,1.85,0.00,25.26
-12.43,1.83,-1.65,0.91,-2.43,1.83,0.00,25.26
-12.44,1.83,-1.68,1.02,-2.44,1.83,0.00,25.26
-12.46,1.82,-1.65,1.04,-2.44,1.83,0.00,25.26
-12.46,1.82,-1.68,0.89,-2.46,1.82,0.00,25.26
-12.47,1.80,-1.44,1.00,-2.46,1.82,0.00,25.26
-12.48,1.78,-1.59,0.69,-2.48,1.78,0.00,25.26
-12.47,1.76,-1.40,0.71,-2.47,1.76,0.00,25.26
-12.45,1.76,-1.33,0.73,-2.47,1.76,0.00,25.26
-12.45,1.78,-1.10,0.97,-2.45,1.76,0.00,25.26
-12.44,1.77,-1.37,1.29,-2.45,1.78,0.00,25.26
-12.44,1.77,-1.44,0.93,-2.44,1.77,0.00,25.26
-12.44,1.77,-1.44,0.93,-2.44,1.77,0.00,25.26
-12.43,1.79,-1.44,1.09,-2.44,1.77,0.00,25.26
-12.43,1.73,-1.27,1.18,-2.43,1.79,0.00,25.26
-12.42,1.71,-1.34,0.41,-2.43,1.73,0.00,25.25
-12.41,1.71,-1.29,0.88,-2.41,1.71,0.00,25.26
-12.41,1.72,-1.28,0.96,-2.41,1.71,0.00,25.26
-12.42,1.69,-1.26,1.05,-2.41,1.72,0.00,25.26
-12.44,1.67,-1.60,0.72,-2.42,1.69,0.00,25.26
-12.44,1.69,-1.68,0.61,-2.44,1.67,0.00,25.26
-12.45,1.68,-1.53,0.94,-2.45,1.68,0.00,25.26
-12.46,1.73,-1.57,1.43,-2.46,1.73,0.00,25.27
-12.45,1.74,-1.58,1.65,-2.46,1.73,0.00,25.27
-12.46,1.71,-1.34,1.29,-2.45,1.74,0.00,25.26
-12.46,1.68,-1.35,0.76,-2.46,1.71,0.00,25.26
-12.46,1.70,-1.43,1.06,-2.46,1.70,0.00,25.26
-12.45,1.69,-1.32,0.95,-2.45,1.69,0.00,25.26
-12.45,1.71,-1.30,0.84,-2.45,1.69,0.00,25.26
-12.45,1.68,-1.41,1.16,-2.45,1.71,0.00,25.26
-12.44,1.70,-1.42,0.75,-2.45,1.68,0.00,25.26
-12.44,1.73,-1.32,1.32,-2.44,1.73,0.00,25.26
-12.45,1.72,-1.56,1.10,-2.45,1.72,0.00,25.26
-12.48,1.71,-1.64,1.00,-2.45,1.72,0.00,25.26
-12.48,1.72,-1.78,0.86,-2.48,1.71,0.00,25.26
-12.46,1.74,-1.54,0.93,-2.48,1.72,0.00,25.26
-12.46,1.77,-1.34,1.30,-2.46,1.77,0.00,25.26
-12.47,1.75,-1.48,0.98,-2.47,1.75,0.00,25.26
-12.47,1.75,-1.52,0.87,-2.47,1.75,0.00,25.26
-12.47,1.77,-1.43,0.95,-2.47,1.75,0.00,25.26
-12.50,1.75,-1.53,1.23,-2.47,1.77,0.00,25.26
-12.52,1.75,-1.76,0.95,-2.52,1.75,0.00,25.26
-12.52,1.75,-1.58,1.13,-2.52,1.75,0.00,25.26
-12.51,1.79,-1.51,1.18,-2.52,1.76,0.00,25.26
-12.53,1.77,-1.43,1.50,-2.51,1.79,0.00,25.26
-12.55,1.78,-1.56,0.91,-2.53,1.77,0.00,25.26
-12.56,1.80,-1.72,1.30,-2.56,1.80,0.00,25.27
-12.58,1.82,-1.74,1.32,-2.58,1.82,0.00,25.27
-12.57,1.86,-1.74,1.28,-2.58,1.82,0.00,25.27
-12.57,1.88,-1.44,1.55,-2.57,1.86,0.00,25.26
-12.56,1.92,-1.53,1.56,-2.57,1.88,0.00,25.27
-12.57,1.94,-1.63,1.50,-2.57,1.94,0.00,25.27
-12.60,1.94,-1.77,1.17,-2.60,1.94,0.00,25.26
-12.61,1.92,-1.78,1.08,-2.60,1.94,0.00,25.26
-12.63,1.89,-1.78,0.90,-2.61,1.92,0.00,25.26
-12.64,1.86,-1.78,0.64,-2.63,1.89,0.00,25.26
-12.63,1.84,-1.45,0.69,-2.63,1.84,0.00,25.26
-12.63,1.84,-1.35,1.12,-2.63,1.84,0.00,25.26
-12.61,1.85,-1.35,1.28,-2.62,1.85,0.00,25.26
-12.58,1.87,-1.35,1.04,-2.61,1.85,0.00,25.26
-12.61,1.87,-1.23,1.24,-2.58,1.87,0.00,25.26
-12.62,1.83,-1.80,0.72,-2.62,1.83,0.00,25.26
-12.63,1.77,-1.63,0.29,-2.63,1.77,0.00,25.26
-12.62,1.74,-1.55,0.20,-2.63,1.77,0.00,25.26
-12.63,1.71,-1.56,0.51,-2.62,1.74,0.00,25.26
-12.64,1.70,-1.62,0.51,-2.63,1.71,0.00,25.26
-12.62,1.69,-1.51,0.66,-2.64,1.70,0.00,25.26
-12.60,1.68,-1.36,0.80,-2.62,1.69,0.00,25.26
-12.60,1.68,-1.22,0.96,-2.60,1.68,0.00,25.26
-12.60,1.68,-1.47,0.89,-2.60,1.68,0.00,25.26
-12.59,1.68,-1.52,0.92,-2.60,1.68,0.00,25.26
-12.53,1.66,-0.92,0.77,-2.53,1.66,0.00,25.25
-12.49,1.65,-0.81,0.76,-2.49,1.65,0.00,25.25
-12.47,1.66,-0.84,0.79,-2.49,1.65,0.00,25.25
-12.46,1.66,-1.09,1.01,-2.47,1.66,0.00,25.26
-12.46,1.61,-1.16,0.91,-2.46,1.66,0.00,25.26
-12.45,1.59,-1.27,0.54,-2.45,1.59,0.00,25.25
-12.40,1.60,-5.60,-3.87,-12.40,-8.40,0.00,25.51
-12.38,1.58,-6.43,-4.74,-12.40,-8.40,0.00,25.51
-12.36,1.60,-6.77,-5.07,-12.38,-8.42,0.00,25.53
-12.35,1.66,-6.84,-4.62,-12.36,-8.40,0.00,25.50
-12.35,1.66,-6.94,-4.43,-12.35,-8.34,0.00,25.51
-12.29,1.76,-6.64,-3.87,-12.29,-8.24,0.00,25.46
-12.24,1.88,-6.55,-3.63,-12.29,-8.24,0.00,25.46
-12.13,2.04,-6.36,-3.13,-12.24,-8.12,0.00,25.43
-12.00,2.15,-5.62,-2.43,-12.13,-7.96,0.00,25.38
-12.00,2.15,-5.70,-3.46,-12.00,-7.85,0.00,25.43
-11.93,2.20,-4.93,-3.70,-11.93,-7.80,0.00,25.38
-11.57,2.32,-4.51,-3.68,-11.77,-7.74,0.00,25.37
-11.31,2.43,-3.95,-3.67,-11.57,-7.68,0.00,25.35
-11.03,2.58,-2.96,-2.91,-11.31,-7.57,0.00,25.30
-11.03,2.58,-3.30,-2.00,-11.03,-7.42,0.00,25.31
-10.85,2.74,-3.69,-1.71,-10.85,-7.26,0.00,25.31
-10.48,3.18,-3.65,-1.57,-10.68,-7.09,0.00,25.31
-10.24,3.50,-3.12,-0.42,-10.48,-6.82,0.00,25.28
-9.98,3.76,-2.54,0.57,-10.24,-6.50,0.00,25.27
-9.70,4.04,-1.57,0.58,-9.70,-5.96,0.00,25.26
-9.40,4.39,-1.05,1.54,-9.40,-5.61,0.00,25.26
-9.13,4.74,-0.96,1.83,-9.40,-5.61,0.00,25.26
-8.88,5.12,-1.27,2.21,-9.13,-5.26,0.00,25.27
-8.63,5.55,-1.28,2.84,-8.88,-4.88,0.00,25.29
-8.37,5.94,-1.04,3.49,-8.37,-4.06,0.00,25.30
-8.12,6.35,-1.02,3.74,-8.12,-3.65,0.00,25.31
-7.83,6.77,-1.04,3.83,-8.12,-3.65,0.00,25.31
-7.49,7.33,-0.40,4.32,-7.83,-3.23,0.00,25.32
-7.27,7.79,0.44,6.08,-7.49,-2.67,0.00,25.41
-7.11,8.21,-1.33,5.42,-7.11,-1.79,0.00,25.37
-6.91,8.66,-1.20,5.75,-6.91,-1.34,0.00,25.38
-6.73,9.05,-1.07,5.88,-6.91,-1.34,0.00,25.39
-6.53,9.42,-1.09,5.39,-6.73,-0.95,0.00,25.36
-6.37,9.79,-0.87,5.19,-6.53,-0.58,0.00,25.35
-6.18,10.18,-0.91,5.70,-6.18,0.18,0.00,25.38
-5.99,10.58,-0.57,6.14,-5.99,0.58,0.00,25.40
-5.85,10.96,-0.50,6.21,-5.99,0.58,0.00,25.40
-5.76,11.30,-1.35,6.15,-5.85,0.96,0.00,25.40
-5.66,11.59,-1.73,5.80,-5.76,1.30,0.00,25.39
-5.55,11.87,-1.68,5.32,-5.55,1.87,0.00,25.36
-5.44,12.12,-1.62,4.97,-5.44,2.12,0.00,25.35
-5.34,12.34,-1.63,4.85,-5.44,2.12,0.00,25.35
-5.24,12.58,-1.61,4.67,-5.34,2.34,0.00,25.34
-5.17,12.75,-1.50,5.02,-5.24,2.58,0.00,25.36
-5.09,12.93,-1.73,4.32,-5.09,2.93,0.00,25.33
-5.04,13.04,-2.12,3.64,-5.04,3.04,0.00,25.31
-5.00,13.16,-2.29,3.38,-5.04,3.04,0.00,25.31
-4.92,13.22,-2.33,3.50,-5.00,3.16,0.00,25.32
-4.82,13.25,-1.90,2.92,-4.92,3.22,0.00,25.29
-4.75,13.23,-1.57,1.90,-4.75,3.23,0.00,25.27
-4.66,13.21,-1.44,1.64,-4.66,3.21,0.00,25.27
-4.58,13.20,-1.41,1.61,-4.66,3.21,0.00,25.26
-4.51,13.18,-1.47,1.58,-4.58,3.20,0.00,25.27
-4.44,13.14,-1.55,1.65,-4.51,3.18,0.00,25.27
-4.37,13.06,-1.71,0.80,-4.37,3.06,0.00,25.26
-4.31,12.95,-1.75,0.24,-4.31,2.95,0.00,25.26
-4.22,12.88,-1.76,0.10,-4.31,2.95,0.00,25.26
-4.12,12.82,-1.39,0.51,-4.22,2.88,0.00,25.26
-4.00,12.74,-1.00,0.64,-4.12,2.82,0.00,25.25
-3.92,12.66,-1.00,0.40,-3.92,2.66,0.00,25.25
-3.85,12.56,-1.17,0.14,-3.85,2.56,0.00,25.25
-3.76,12.45,-1.20,0.06,-3.85,2.56,0.00,25.25
-3.65,12.32,-0.98,-0.24,-3.76,2.45,0.00,25.25
-3.56,12.16,-0.79,-0.54,-3.65,2.32,0.00,25.25
-3.44,12.02,-0.50,-0.96,-3.44,2.02,0.00,25.25
-3.31,11.91,-0.24,-0.70,-3.31,1.91,0.00,25.25
-3.19,11.75,-0.18,-0.61,-3.31,1.91,0.00,25.25
-3.08,11.61,-0.19,-1.23,-3.19,1.75,0.00,25.26
-2.97,11.51,-0.17,-1.12,-3.08,1.61,0.00,25.25
-2.89,11.40,-0.43,-0.84,-2.89,1.40,0.00,25.25
-2.78,11.30,-0.25,-0.70,-2.78,1.30,0.00,25.25
-2.68,11.23,-0.17,-0.63,-2.78,1.30,0.00,25.25
-2.57,11.16,-0.16,-0.51,-2.68,1.23,0.00,25.25
-2.46,11.05,0.11,-0.39,-2.57,1.16,0.00,25.25
-2.46,11.05,0.10,-0.50,-2.46,1.05,0.00,25.25
-2.36,10.99,0.04,-0.89,-2.36,0.99,0.00,25.25
-2.20,10.77,0.05,-1.12,-2.26,0.88,0.00,25.25
-2.13,10.67,-0.36,-1.14,-2.20,0.77,0.00,25.25
-2.06,10.57,-0.38,-1.11,-2.13,0.67,0.00,25.25
-2.06,10.57,-0.55,-0.58,-2.06,0.57,0.00,25.25
-1.99,10.48,-0.62,-0.35,-1.99,0.48,0.00,25.25
-1.95,10.50,-0.62,-0.34,-1.99,0.48,0.00,25.25
-1.91,10.55,-0.54,0.33,-1.95,0.50,0.00,25.25
-1.91,10.58,-0.63,0.88,-1.91,0.55,0.00,25.25
-1.91,10.63,-1.06,1.06,-1.91,0.63,0.00,25.26
-1.91,10.69,-1.14,1.19,-1.91,0.69,0.00,25.26
-1.87,10.74,-1.16,1.22,-1.91,0.69,0.00,25.26
-1.87,10.76,-0.69,1.15,-1.87,0.74,0.00,25.25
-1.90,10.77,-1.02,0.81,-1.87,0.76,0.00,25.25
-1.93,10.80,-1.41,0.88,-1.93,0.80,0.00,25.26
-1.97,10.86,-1.68,1.22,-1.97,0.86,0.00,25.27
-2.04,10.95,-1.77,1.31,-1.97,0.86,0.00,25.27
-2.13,10.99,-2.07,1.76,-2.04,0.95,0.00,25.28
-2.20,11.06,-2.42,1.40,-2.13,0.99,0.00,25.28
-2.27,11.10,-2.39,1.33,-2.27,1.10,0.00,25.28
-2.32,11.14,-2.26,1.33,-2.32,1.14,0.00,25.27
-2.41,11.20,-2.21,1.34,-2.32,1.14,0.00,25.27
-2.51,11.26,-2.48,1.51,-2.41,1.20,0.00,25.28
-2.57,11.28,-2.65,1.65,-2.51,1.26,0.00,25.29
-2.64,11.25,-2.50,0.59,-2.64,1.25,0.00,25.27
-2.73,11.26,-2.66,0.59,-2.73,1.26,0.00,25.28
-2.81,11.29,-2.71,0.67,-2.73,1.26,0.00,25.28
-2.89,11.31,-2.81,1.23,-2.81,1.29,0.00,25.28
-2.94,11.32,-2.84,1.09,-2.89,1.31,0.00,25.28
-3.01,11.33,-2.65,0.94,-3.01,1.33,0.00,25.28
-3.08,11.35,-2.82,1.00,-3.08,1.35,0.00,25.28
-3.16,11.34,-2.87,1.04,-3.08,1.35,0.00,25.28
-3.22,11.29,-2.89,0.74,-3.16,1.34,0.00,25.28
-3.29,11.24,-2.76,0.21,-3.22,1.29,0.00,25.28
-3.34,11.20,-2.73,0.09,-3.34,1.20,0.00,25.28
-3.34,11.20,-2.56,0.08,-3.34,1.20,0.00,25.27
-3.41,11.12,-2.55,0.05,-3.38,1.16,0.00,25.27
-3.44,11.10,-2.37,0.06,-3.41,1.12,0.00,25.27
-3.45,11.11,-2.50,0.32,-3.44,1.10,0.00,25.27
-3.46,11.08,-2.24,0.40,-3.46,1.08,0.00,25.27
-3.49,11.04,-2.42,0.09,-3.49,1.04,0.00,25.27
-3.50,11.03,-2.47,0.02,-3.49,1.04,0.00,25.27
-3.49,11.01,-2.26,0.31,-3.50,1.03,0.00,25.27
-3.48,10.96,-1.92,0.38,-3.49,1.01,0.00,25.26
-3.48,10.93,-1.93,-0.05,-3.48,0.93,0.00,25.26
-3.46,10.90,-1.81,0.06,-3.46,0.90,0.00,25.26
-3.44,10.87,-1.77,0.09,-3.46,0.90,0.00,25.26
-3.41,10.85,-1.66,0.20,-3.44,0.87,0.00,25.26
-3.37,10.81,-1.59,0.18,-3.41,0.85,0.00,25.26
-3.36,10.83,-1.59,0.41,-3.36,0.83,0.00,25.26
-3.32,10.84,-1.57,0.68,-3.32,0.84,0.00,25.26
-3.27,10.87,-1.56,0.70,-3.32,0.84,0.00,25.26
-3.24,10.87,-1.27,0.85,-3.27,0.87,0.00,25.26
-3.21,10.87,-1.39,0.58,-3.24,0.87,0.00,25.26
-3.16,10.90,-1.14,0.88,-3.16,0.90,0.00,25.26
-3.12,10.94,-1.15,1.08,-3.12,0.94,0.00,25.26
-3.09,10.98,-1.19,1.10,-3.12,0.94,0.00,25.26
-3.03,11.00,-1.29,1.12,-3.09,0.98,0.00,25.26
-2.99,11.05,-1.11,1.00,-3.03,1.00,0.00,25.26
-2.94,11.09,-1.12,1.13,-2.94,1.09,0.00,25.26
-2.91,11.14,-1.21,1.32,-2.91,1.14,0.00,25.26
-2.89,11.17,-1.23,1.40,-2.91,1.14,0.00,25.26
-2.88,11.19,-1.37,1.21,-2.89,1.17,0.00,25.26
-2.87,11.20,-1.43,0.96,-2.88,1.19,0.00,25.26
-2.84,11.26,-1.35,1.37,-2.84,1.26,0.00,25.26
-2.82,11.36,-1.29,1.94,-2.82,1.36,0.00,25.27
-2.80,11.39,-1.28,2.09,-2.82,1.36,0.00,25.27
-2.80,11.41,-1.45,1.44,-2.80,1.39,0.00,25.26
-2.78,11.44,-1.59,1.08,-2.80,1.41,0.00,25.26
-2.74,11.49,-1.16,1.45,-2.74,1.49,0.00,25.26
-2.75,11.53,-1.37,1.50,-2.75,1.53,0.00,25.26
-2.75,11.55,-1.49,1.50,-2.75,1.53,0.00,25.26
-2.75,11.57,-1.64,1.34,-2.75,1.55,0.00,25.26
-2.76,11.59,-1.56,1.15,-2.75,1.57,0.00,25.26
-2.75,11.62,-1.66,1.30,-2.75,1.62,0.00,25.26
-2.76,11.63,-1.64,1.22,-2.76,1.63,0.00,25.26
-2.76,11.65,-1.63,1.18,-2.76,1.63,0.00,25.26
-2.77,11.66,-1.65,1.22,-2.76,1.65,0.00,25.26
-2.75,11.67,-1.74,1.13,-2.77,1.66,0.00,25.26
-2.74,11.66,-1.46,0.99,-2.74,1.66,0.00,25.26
-2.75,11.67,-1.46,1.00,-2.74,1.66,0.00,25.26
-2.74,11.64,-1.51,1.10,-2.75,1.67,0.00,25.26
-2.74,11.62,-1.61,0.53,-2.74,1.64,0.00,25.26
-2.75,11.57,-1.62,0.65,-2.74,1.62,0.00,25.26
-2.76,11.57,-1.72,0.77,-2.76,1.57,0.00,25.26
-2.78,11.60,-1.73,0.95,-2.76,1.57,0.00,25.26
-2.79,11.57,-1.81,1.21,-2.78,1.60,0.00,25.27
-2.80,11.53,-1.87,0.66,-2.79,1.57,0.00,25.26
-2.79,11.54,-1.77,0.42,-2.80,1.53,0.00,25.26
-2.81,11.51,-1.80,0.61,-2.81,1.51,0.00,25.26
-2.82,11.47,-1.82,0.40,-2.82,1.47,0.00,25.26
-2.82,11.47,-1.79,0.36,-2.82,1.47,0.00,25.26
-2.80,11.46,-1.61,0.78,-2.82,1.47,0.00,25.26
-2.81,11.43,-1.47,0.67,-2.80,1.46,0.00,25.26
-2.81,11.43,-1.67,0.38,-2.81,1.43,0.00,25.26
-2.81,11.40,-1.70,0.26,-2.81,1.40,0.00,25.26
-2.79,11.35,-1.70,0.20,-2.81,1.36,0.00,25.26
-2.80,11.36,-1.42,0.63,-2.79,1.35,0.00,25.26
-2.80,11.35,-1.67,0.86,-2.80,1.36,0.00,25.26
-2.80,11.35,-1.51,0.39,-2.80,1.35,0.00,25.26
-2.78,11.31,-1.18,0.53,-2.78,1.31,0.00,25.25
-2.73,11.32,-1.08,0.61,-2.75,1.30,0.00,25.25
-2.73,11.32,-1.27,0.94,-2.73,1.32,0.00,25.26
-2.74,11.30,-1.48,0.73,-2.73,1.32,0.00,25.26
-2.73,11.30,-1.53,0.63,-2.73,1.30,0.00,25.26
-2.71,11.29,-1.45,0.66,-2.73,1.30,0.00,25.26
-2.68,11.31,-1.28,0.56,-2.71,1.29,0.00,25.25
-2.68,11.31,-1.25,0.94,-2.68,1.31,0.00,25.26
-2.68,11.31,-1.44,0.78,-2.68,1.31,0.00,25.26
-2.67,11.29,-1.43,0.61,-2.67,1.29,0.00,25.26
-2.63,11.33,-1.14,1.04,-2.63,1.33,0.00,25.26
-2.62,11.34,-1.04,1.21,-2.63,1.33,0.00,25.26
-2.62,11.34,-1.36,1.03,-2.62,1.34,0.00,25.26
-2.62,11.32,-1.43,0.86,-2.62,1.34,0.00,25.26
-2.61,11.31,-1.42,0.55,-2.61,1.31,0.00,25.26
-2.60,11.33,-1.42,0.85,-2.60,1.33,0.00,25.26
-2.61,11.35,-1.42,0.96,-2.60,1.33,0.00,25.26
-2.62,11.39,-1.57,1.11,-2.61,1.35,0.00,25.26
-2.61,11.45,-1.63,1.39,-2.62,1.39,0.00,25.27
-2.62,11.46,-1.51,1.22,-2.62,1.46,0.00,25.26
-2.61,11.48,-1.45,1.22,-2.61,1.48,0.00,25.26
-2.61,11.51,-1.43,1.25,-2.61,1.48,0.00,25.26
-2.59,11.53,-1.47,1.25,-2.61,1.51,0.00,25.26
-2.60,11.55,-1.32,1.18,-2.59,1.53,0.00,25.26
-2.59,11.53,-1.48,0.80,-2.59,1.53,0.00,25.26
-2.59,11.50,-1.49,0.57,-2.59,1.50,0.00,25.26
-2.59,11.50,-1.48,0.53,-2.59,1.50,0.00,25.26
-2.61,11.47,-1.55,0.71,-2.59,1.50,0.00,25.26
-2.61,11.44,-1.76,0.46,-2.61,1.47,0.00,25.26
-2.64,11.44,-1.78,0.72,-2.64,1.44,0.00,25.26
-2.63,11.47,-1.69,1.15,-2.63,1.47,0.00,25.26
-2.64,11.50,-1.62,1.27,-2.63,1.47,0.00,25.26
-2.66,11.52,-1.63,1.24,-2.64,1.50,0.00,25.26
-2.69,11.53,-1.79,1.21,-2.66,1.52,0.00,25.27
-2.69,11.54,-1.69,1.02,-2.69,1.54,0.00,25.26
-2.70,11.52,-1.61,1.00,-2.69,1.54,0.00,25.26
-2.71,11.51,-1.71,0.66,-2.70,1.52,0.00,25.26
-2.71,11.47,-1.75,0.77,-2.71,1.51,0.00,25.26
-2.72,11.48,-1.67,0.34,-2.71,1.47,0.00,25.26
-2.75,11.47,-1.87,0.74,-2.75,1.47,0.00,25.26
-2.75,11.45,-1.79,0.60,-2.75,1.45,0.00,25.26
-2.77,11.44,-1.75,0.56,-2.75,1.45,0.00,25.26
-2.76,11.41,-1.72,0.65,-2.77,1.44,0.00,25.26
-2.76,11.41,-1.56,0.50,-2.76,1.41,0.00,25.26
-2.77,11.41,-1.76,0.76,-2.77,1.41,0.00,25.26
-2.76,11.39,-1.56,0.55,-2.76,1.39,0.00,25.26
-2.76,11.41,-1.47,0.48,-2.76,1.39,0.00,25.26
-2.76,11.40,-1.47,0.99,-2.76,1.41,0.00,25.26
-2.76,11.38,-1.61,0.78,-2.76,1.40,0.00,25.26
-2.79,11.39,-1.87,0.83,-2.79,1.39,0.00,25.26
-2.79,11.36,-1.84,0.56,-2.79,1.36,0.00,25.26
-2.78,11.34,-1.80,0.42,-2.79,1.36,0.00,25.26
-2.79,11.36,-1.59,0.48,-2.78,1.34,0.00,25.26
-2.80,11.36,-1.71,1.02,-2.79,1.36,0.00,25.26
-2.81,11.36,-1.80,0.86,-2.81,1.36,0.00,25.26
-2.82,11.39,-1.78,0.91,-2.81,1.36,0.00,25.26
-2.81,11.43,-1.75,1.13,-2.82,1.39,0.00,25.26
-2.80,11.43,-1.49,1.42,-2.81,1.43,0.00,25.26
-2.80,11.43,-1.48,0.86,-2.80,1.43,0.00,25.26
-2.82,11.41,-1.78,0.74,-2.82,1.41,0.00,25.26
-2.82,11.41,-1.71,0.75,-2.82,1.41,0.00,25.26
-2.82,11.41,-1.65,0.77,-2.82,1.41,0.00,25.26
-2.81,11.40,-1.74,0.76,-2.82,1.41,0.00,25.26
-2.84,11.41,-1.56,0.64,-2.81,1.40,0.00,25.26
-2.86,11.43,-1.93,1.04,-2.86,1.43,0.00,25.27
-2.84,11.43,-1.59,0.96,-2.84,1.43,0.00,25.26
-2.83,11.43,-1.47,0.91,-2.84,1.43,0.00,25.26
-2.84,11.41,-1.46,0.84,-2.83,1.43,0.00,25.26
-2.86,11.42,-1.80,0.56,-2.84,1.41,0.00,25.26
-2.84,11.44,-1.54,1.15,-2.84,1.44,0.00,25.26
-2.81,11.46,-1.33,1.07,-2.81,1.46,0.00,25.26
-2.81,11.48,-1.29,1.00,-2.81,1.46,0.00,25.26
-2.79,11.54,-1.44,1.16,-2.81,1.48,0.00,25.26
-2.81,11.57,-1.39,1.71,-2.79,1.54,0.00,25.27
-2.81,11.58,-1.76,1.18,-2.81,1.58,0.00,25.26
-2.82,11.62,-1.75,1.33,-2.82,1.62,0.00,25.27
-2.82,11.64,-1.75,1.40,-2.82,1.62,0.00,25.27
-2.82,11.67,-1.66,1.38,-2.82,1.64,0.00,25.27
-2.84,11.64,-1.58,1.33,-2.82,1.67,0.00,25.26
-2.82,11.65,-1.59,0.83,-2.82,1.65,0.00,25.26
-2.81,11.65,-1.51,0.87,-2.82,1.65,0.00,25.26
-2.83,11.63,-1.50,0.88,-2.81,1.65,0.00,25.26
-2.85,11.61,-1.74,0.78,-2.83,1.63,0.00,25.26
-2.86,11.61,-1.94,0.65,-2.85,1.61,0.00,25.26
-2.86,11.64,-1.65,1.17,-2.86,1.64,0.00,25.26
-2.84,11.67,-1.51,1.38,-2.84,1.67,0.00,25.26
-2.84,11.68,-1.50,1.40,-2.84,1.67,0.00,25.26
-2.84,11.70,-1.60,1.18,-2.84,1.68,0.00,25.26
-2.82,11.72,-1.60,1.28,-2.84,1.70,0.00,25.26
-2.82,11.72,-1.56,0.76,-2.82,1.72,0.00,25.26
-2.83,11.68,-1.54,0.60,-2.83,1.68,0.00,25.26
-2.83,11.64,-1.52,0.60,-2.82,1.66,0.00,25.26
-2.83,11.64,-1.80,0.63,-2.83,1.64,0.00,25.26
-2.83,11.62,-1.70,0.86,-2.83,1.64,0.00,25.26
-2.83,11.62,-1.43,0.57,-2.83,1.62,0.00,25.26
-2.81,11.59,-1.30,0.71,-2.81,1.59,0.00,25.26
-2.76,11.60,-1.27,0.79,-2.78,1.59,0.00,25.26
-2.75,11.58,-1.27,1.06,-2.76,1.60,0.00,25.26
-2.75,11.56,-1.50,0.68,-2.75,1.58,0.00,25.26
-2.75,11.56,-1.26,0.73,-2.75,1.56,0.00,25.26
-2.71,11.55,-1.17,0.89,-2.71,1.55,0.00,25.26
-2.68,11.52,-1.16,0.93,-2.68,1.55,0.00,25.26
-2.67,11.52,-1.38,0.51,-2.68,1.52,0.00,25.26
-2.65,11.51,-1.39,0.76,-2.67,1.52,0.00,25.26
-2.65,11.51,-1.18,0.55,-2.65,1.51,0.00,25.25
-2.62,11.48,-1.15,0.64,-2.62,1.48,0.00,25.25
-2.58,11.47,-1.15,0.71,-2.59,1.47,0.00,25.25
-2.55,11.48,-1.30,0.86,-2.58,1.47,0.00,25.26
-2.53,11.47,-1.21,0.97,-2.55,1.48,0.00,25.26
-2.51,11.45,-1.23,0.78,-2.53,1.47,0.00,25.26
-2.48,11.45,-1.13,0.49,-2.51,1.45,0.00,25.25
-2.47,11.46,-1.07,0.83,-2.48,1.45,0.00,25.25
-2.45,11.45,-1.17,0.92,-2.47,1.46,0.00,25.26
-2.43,11.45,-1.17,0.75,-2.45,1.45,0.00,25.25
-2.42,11.45,-1.19,0.79,-2.42,1.45,0.00,25.26
-2.40,11.45,-1.23,0.80,-2.40,1.45,0.00,25.26
-2.40,11.46,-1.23,0.80,-2.40,1.45,0.00,25.26
-2.40,11.44,-1.39,1.00,-2.40,1.46,0.00,25.26
-2.39,11.43,-1.40,0.63,-2.40,1.44,0.00,25.26
-2.39,11.43,-1.35,0.73,-2.39,1.43,0.00,25.26
-2.41,11.44,-1.47,0.94,-2.41,1.44,0.00,25.26
-2.41,11.44,-1.51,1.00,-2.41,1.44,0.00,25.26
-2.42,11.42,-1.46,0.92,-2.41,1.44,0.00,25.26
-2.44,11.42,-1.51,0.68,-2.42,1.42,0.00,25.26
-2.44,11.42,-6.34,0.34,-12.44,1.42,0.00,25.46
-2.47,11.36,-7.43,0.38,-12.47,1.36,0.00,25.46
-2.49,11.33,-7.46,0.45,-12.47,1.36,0.00,25.46
-2.48,11.33,-7.46,0.42,-12.49,1.33,0.00,25.46
-2.50,11.27,-7.34,0.58,-12.48,1.33,0.00,25.45
-2.50,11.27,-7.44,0.15,-12.50,1.27,0.00,25.46
-2.51,11.24,-6.96,0.57,-12.51,1.24,0.00,25.43
-2.39,11.23,-6.78,0.71,-12.47,1.23,0.00,25.42
-2.36,11.15,-6.16,0.69,-12.39,1.23,0.00,25.39
-2.33,11.03,-6.72,-0.29,-12.36,1.15,0.00,25.43
-2.33,11.03,-6.03,-1.04,-12.33,1.03,0.00,25.38
-2.21,10.92,-5.12,-1.05,-12.21,0.92,0.00,25.35
-1.89,10.77,-4.85,-1.09,-12.06,0.82,0.00,25.34
-1.78,10.75,-4.48,-0.37,-11.89,0.77,0.00,25.32
-1.68,10.73,-5.16,0.06,-11.78,0.75,0.00,25.35
-1.68,10.73,-4.93,0.05,-11.68,0.73,0.00,25.34
-1.53,10.71,-4.73,-0.44,-11.53,0.71,0.00,25.33
-1.18,10.58,-4.66,-0.65,-11.38,0.64,0.00,25.33
-0.96,10.50,-3.87,-0.58,-11.18,0.58,0.00,25.30
-0.67,10.49,-3.38,-0.70,-10.96,0.50,0.00,25.29
-0.39,10.50,-2.01,0.30,-10.39,0.50,0.00,25.26
-0.15,10.52,-2.13,0.54,-10.15,0.52,0.00,25.27
0.14,10.56,-2.21,0.56,-10.15,0.52,0.00,25.27
0.42,10.59,-1.67,0.88,-9.86,0.56,0.00,25.26
0.73,10.64,-1.68,0.76,-9.58,0.59,0.00,25.26
1.06,10.64,-0.76,0.69,-8.94,0.64,0.00,25.25
1.42,10.69,-0.13,0.90,-8.58,0.69,0.00,25.25
1.85,10.80,0.04,1.02,-8.58,0.69,0.00,25.25
2.19,10.90,1.05,1.92,-8.15,0.80,0.00,25.27
2.48,11.00,0.58,1.98,-7.81,0.90,0.00,25.26
2.80,11.11,0.32,2.22,-7.20,1.11,0.00,25.27
3.13,11.21,0.71,2.27,-6.87,1.21,0.00,25.27
3.49,11.30,0.78,2.26,-6.87,1.21,0.00,25.27
3.81,11.40,1.11,2.18,-6.51,1.30,0.00,25.27
4.17,11.52,0.99,2.30,-6.19,1.40,0.00,25.27
4.17,11.52,1.67,2.84,-5.83,1.52,0.00,25.29
4.53,11.66,1.39,3.11,-5.47,1.66,0.00,25.29
5.14,11.93,1.34,3.23,-5.16,1.80,0.00,25.30
5.42,12.04,1.40,3.12,-4.86,1.93,0.00,25.29
5.72,12.17,1.42,2.93,-4.58,2.04,0.00,25.29
5.72,12.17,1.40,2.74,-4.28,2.17,0.00,25.28
5.99,12.25,1.15,2.54,-4.01,2.25,0.00,25.28
6.47,12.40,1.14,2.56,-3.78,2.32,0.00,25.28
6.74,12.48,1.37,2.63,-3.53,2.40,0.00,25.28
6.94,12.59,1.71,2.72,-3.26,2.48,0.00,25.29
7.12,12.70,0.89,3.22,-2.88,2.70,0.00,25.29
7.28,12.81,0.69,3.39,-2.72,2.81,0.00,25.29
7.44,12.92,0.64,3.44,-2.72,2.81,0.00,25.29
7.59,13.02,0.65,3.37,-2.56,2.92,0.00,25.29
7.72,13.06,0.65,3.32,-2.41,3.02,0.00,25.29
7.82,13.08,0.28,2.23,-2.18,3.08,0.00,25.27
7.93,13.08,0.35,1.96,-2.07,3.08,0.00,25.26
8.00,13.07,0.40,1.91,-2.07,3.08,0.00,25.26
8.06,13.11,0.03,1.68,-2.00,3.07,0.00,25.26
8.12,13.11,-0.22,2.22,-1.94,3.11,0.00,25.27
8.18,13.12,-0.30,2.01,-1.82,3.12,0.00,25.26
8.23,13.11,-0.28,1.81,-1.77,3.11,0.00,25.26
8.27,13.05,-0.29,1.70,-1.77,3.11,0.00,25.26
8.26,12.98,-0.50,1.13,-1.73,3.05,0.00,25.25
8.25,12.91,-0.96,0.70,-1.74,2.98,0.00,25.25
8.23,12.82,-1.23,0.41,-1.77,2.82,0.00,25.25
8.25,12.72,-0.85,0.16,-1.75,2.72,0.00,25.25
8.24,12.61,-0.71,0.11,-1.75,2.72,0.00,25.25
8.22,12.50,-1.02,-0.13,-1.76,2.61,0.00,25.25
8.20,12.36,-1.17,-0.17,-1.78,2.50,0.00,25.25
8.18,12.24,-1.36,-0.49,-1.82,2.24,0.00,25.26
8.16,12.14,-1.37,-0.26,-1.84,2.14,0.00,25.25
8.09,12.04,-1.35,-0.20,-1.84,2.14,0.00,25.25
8.02,11.89,-1.80,-0.42,-1.91,2.04,0.00,25.26
8.00,11.72,-2.12,-0.87,-1.98,1.89,0.00,25.27
7.98,11.55,-1.37,-1.60,-2.02,1.55,0.00,25.26
7.96,11.39,-1.42,-1.61,-2.04,1.39,0.00,25.27
7.90,11.23,-1.46,-1.60,-2.04,1.39,0.00,25.27
7.86,11.09,-1.82,-1.63,-2.10,1.23,0.00,25.27
7.83,10.95,-1.79,-1.56,-2.14,1.09,0.00,25.27
7.83,10.83,-1.44,-1.45,-2.17,0.83,0.00,25.26
7.80,10.70,-1.58,-1.47,-2.20,0.70,0.00,25.27
7.78,10.61,-1.65,-1.49,-2.20,0.70,0.00,25.27
7.75,10.54,-1.61,-1.02,-2.22,0.61,0.00,25.26
7.74,10.43,-1.70,-0.82,-2.25,0.54,0.00,25.26
7.74,10.34,-1.26,-1.21,-2.26,0.34,0.00,25.26
7.74,10.26,-1.34,-1.10,-2.26,0.26,0.00,25.26
7.69,10.21,-1.39,-1.06,-2.26,0.26,0.00,25.26
7.68,10.14,-1.78,-0.80,-2.31,0.21,0.00,25.26
7.67,10.11,-1.61,-0.78,-2.32,0.14,0.00,25.26
7.66,10.05,-1.55,-0.75,-2.34,0.05,0.00,25.26
7.64,10.00,-1.60,-0.73,-2.36,-0.00,0.00,25.26
7.62,9.99,-1.61,-0.70,-2.36,-0.00,0.00,25.26
7.60,10.01,-1.65,-0.33,-2.38,-0.01,0.00,25.26
7.59,10.03,-1.64,0.19,-2.40,0.01,0.00,25.26
7.57,10.05,-1.73,0.35,-2.43,0.05,0.00,25.26
7.57,10.09,-1.50,0.48,-2.43,0.09,0.00,25.26
7.57,10.14,-1.40,0.52,-2.43,0.09,0.00,25.26
7.55,10.17,-1.48,0.78,-2.43,0.14,0.00,25.26
7.52,10.23,-1.60,0.71,-2.45,0.17,0.00,25.26
7.51,10.26,-1.76,0.80,-2.49,0.26,0.00,25.26
7.48,10.33,-1.80,1.00,-2.52,0.33,0.00,25.26
7.46,10.38,-1.83,1.06,-2.52,0.33,0.00,25.26
7.45,10.46,-1.83,1.04,-2.54,0.38,0.00,25.26
7.45,10.55,-1.73,1.31,-2.55,0.46,0.00,25.27
7.41,10.63,-1.92,1.59,-2.59,0.63,0.00,25.27
7.39,10.71,-1.95,1.55,-2.61,0.71,0.00,25.27
7.36,10.75,-1.91,1.54,-2.61,0.71,0.00,25.27
7.32,10.81,-1.95,1.17,-2.64,0.75,0.00,25.27
7.28,10.89,-2.14,1.29,-2.68,0.81,0.00,25.27
7.23,10.98,-2.23,1.92,-2.77,0.98,0.00,25.28
7.20,11.06,-2.14,1.84,-2.80,1.06,0.00,25.28
7.18,11.14,-2.11,1.77,-2.80,1.06,0.00,25.28
7.13,11.20,-2.01,1.84,-2.82,1.14,0.00,25.28
7.09,11.29,-2.28,1.64,-2.87,1.20,0.00,25.28
7.07,11.34,-2.15,1.65,-2.93,1.34,0.00,25.27
7.02,11.35,-2.31,1.11,-2.98,1.35,0.00,25.27
6.99,11.35,-2.38,0.96,-2.98,1.35,0.00,25.27
6.97,11.36,-2.27,0.79,-3.01,1.35,0.00,25.27
6.94,11.38,-2.08,0.96,-3.03,1.36,0.00,25.27
6.93,11.35,-2.07,0.62,-3.07,1.35,0.00,25.26
6.92,11.39,-1.94,1.08,-3.08,1.39,0.00,25.27
6.90,11.43,-1.91,1.29,-3.08,1.39,0.00,25.27
6.88,11.49,-2.05,1.47,-3.10,1.43,0.00,25.27
6.88,11.46,-2.04,1.62,-3.12,1.49,0.00,25.27
6.88,11.47,-1.90,0.83,-3.12,1.47,0.00,25.26
6.87,11.49,-1.89,0.91,-3.12,1.47,0.00,25.26
6.87,11.44,-2.00,1.15,-3.13,1.49,0.00,25.27
6.87,11.38,-1.88,0.31,-3.13,1.44,0.00,25.26
6.86,11.34,-1.82,0.01,-3.13,1.38,0.00,25.26
6.88,11.32,-1.69,0.29,-3.12,1.32,0.00,25.26
6.88,11.32,-1.74,0.54,-3.12,1.32,0.00,25.26
6.89,11.33,-1.79,0.60,-3.13,1.30,0.00,25.26
6.92,11.31,-1.70,1.04,-3.11,1.33,0.00,25.26
6.95,11.26,-1.45,0.56,-3.08,1.31,0.00,25.26
6.99,11.24,-1.27,0.32,-3.01,1.24,0.00,25.25
7.02,11.19,-1.25,0.20,-2.98,1.19,0.00,25.25
7.06,11.17,-1.25,0.13,-2.98,1.19,0.00,25.25
7.09,11.14,-1.24,0.28,-2.94,1.17,0.00,25.25
7.11,11.08,-1.21,0.21,-2.91,1.14,0.00,25.25
7.12,11.01,-1.48,-0.29,-2.88,1.01,0.00,25.26
7.16,10.98,-1.18,-0.07,-2.84,0.98,0.00,25.25
7.21,11.00,-1.05,0.03,-2.84,0.98,0.00,25.25
7.26,10.97,-0.89,0.72,-2.79,1.00,0.00,25.25
7.29,10.94,-0.93,0.34,-2.74,0.97,0.00,25.25
7.33,10.95,-0.98,0.61,-2.67,0.95,0.00,25.25
7.37,10.95,-1.08,0.64,-2.63,0.95,0.00,25.25
7.40,10.93,-1.14,0.60,-2.63,0.95,0.00,25.25
7.45,10.90,-1.01,0.25,-2.60,0.93,0.00,25.25
7.49,10.88,-0.85,0.21,-2.55,0.90,0.00,25.25
7.53,10.84,-0.82,0.01,-2.47,0.84,0.00,25.25
7.57,10.86,-0.79,0.50,-2.43,0.86,0.00,25.25
7.61,10.89,-0.80,0.69,-2.43,0.86,0.00,25.25
7.63,10.95,-0.80,0.94,-2.39,0.89,0.00,25.25
7.66,10.94,-1.02,1.32,-2.37,0.95,0.00,25.26
7.69,10.95,-1.07,0.66,-2.31,0.95,0.00,25.25
7.72,10.95,-0.89,0.55,-2.28,0.95,0.00,25.25
7.77,10.95,-0.83,0.52,-2.28,0.95,0.00,25.25
7.80,10.99,-0.70,0.57,-2.23,0.95,0.00,25.25
7.82,11.02,-0.74,1.10,-2.20,0.99,0.00,25.26
7.85,11.04,-0.82,0.89,-2.15,1.04,0.00,25.25
7.90,11.04,-0.64,0.63,-2.10,1.04,0.00,25.25
7.92,11.06,-0.58,0.56,-2.10,1.04,0.00,25.25
7.93,11.09,-0.90,0.90,-2.08,1.06,0.00,25.25
7.93,11.10,-1.06,1.11,-2.07,1.09,0.00,25.26
7.93,11.10,-1.14,0.68,-2.07,1.10,0.00,25.25
7.93,11.13,-1.20,0.95,-2.07,1.13,0.00,25.26
7.95,11.14,-1.22,1.08,-2.07,1.13,0.00,25.26
7.94,11.13,-1.07,0.85,-2.05,1.14,0.00,25.25
7.92,11.16,-1.29,0.56,-2.06,1.13,0.00,25.26
7.91,11.19,-1.30,1.08,-2.09,1.19,0.00,25.26
7.90,11.20,-1.32,0.85,-2.10,1.20,0.00,25.26
7.89,11.19,-1.35,0.75,-2.10,1.20,0.00,25.26
7.89,11.21,-1.41,0.70,-2.11,1.19,0.00,25.26
7.90,11.20,-1.27,0.93,-2.11,1.21,0.00,25.26
7.90,11.20,-1.26,0.31,-2.10,1.20,0.00,25.25
7.88,11.16,-1.42,0.52,-2.12,1.16,0.00,25.26
7.85,11.15,-1.47,0.64,-2.12,1.16,0.00,25.26
7.83,11.15,-1.68,0.51,-2.15,1.15,0.00,25.26
7.82,11.15,-1.51,0.62,-2.17,1.15,0.00,25.26
7.82,11.15,-1.35,0.93,-2.18,1.15,0.00,25.26
7.82,11.17,-1.31,1.00,-2.18,1.17,0.00,25.26
7.82,11.17,-1.30,0.99,-2.18,1.20,0.00,25.26
7.84,11.18,-1.30,0.42,-2.18,1.17,0.00,25.25
7.85,11.16,-1.03,0.86,-2.16,1.18,0.00,25.25
7.83,11.11,-1.41,0.11,-2.17,1.11,0.00,25.26
7.82,11.08,-1.43,0.09,-2.18,1.08,0.00,25.26
7.81,11.05,-1.42,0.13,-2.18,1.08,0.00,25.26
7.82,11.02,-1.24,0.15,-2.19,1.05,0.00,25.25
7.83,11.03,-1.25,0.07,-2.18,1.02,0.00,25.25
7.82,11.03,-1.29,0.65,-2.18,1.03,0.00,25.26
7.81,11.07,-1.36,0.64,-2.18,1.03,0.00,25.26
7.79,11.09,-1.42,1.01,-2.19,1.07,0.00,25.26
7.81,11.08,-1.54,1.03,-2.21,1.09,0.00,25.26
7.80,11.06,-1.12,0.56,-2.19,1.08,0.00,25.25
7.80,11.08,-1.27,0.73,-2.20,1.08,0.00,25.26
7.81,11.08,-1.22,0.77,-2.19,1.08,0.00,25.26
7.80,11.07,-1.22,0.74,-2.19,1.08,0.00,25.26
7.81,11.07,-1.32,0.49,-2.20,1.07,0.00,25.26
7.81,11.06,-1.18,0.64,-2.19,1.07,0.00,25.25
7.80,11.04,-1.31,0.34,-2.20,1.04,0.00,25.25
7.80,11.05,-1.44,0.64,-2.20,1.05,0.00,25.26
7.77,11.10,-1.48,0.76,-2.20,1.05,0.00,25.26
7.76,11.11,-1.67,1.24,-2.23,1.10,0.00,25.27
7.74,11.09,-1.56,0.90,-2.24,1.11,0.00,25.26
7.73,11.09,-1.51,0.61,-2.27,1.09,0.00,25.26
7.74,11.09,-1.47,0.64,-2.27,1.09,0.00,25.26
7.73,11.06,-1.27,0.53,-2.26,1.09,0.00,25.25
7.71,11.04,-1.30,0.33,-2.27,1.06,0.00,25.25
7.72,11.04,-1.59,0.17,-2.29,1.04,0.00,25.26
7.72,11.04,-1.27,0.84,-2.28,1.04,0.00,25.26
7.72,11.06,-1.42,0.95,-2.28,1.06,0.00,25.26
7.70,11.08,-1.47,0.95,-2.29,1.09,0.00,25.26
7.68,11.07,-1.48,0.71,-2.30,1.08,0.00,25.26
7.69,11.09,-1.60,0.51,-2.32,1.07,0.00,25.26
7.68,11.09,-1.49,0.67,-2.32,1.09,0.00,25.26
7.67,11.06,-1.49,0.30,-2.33,1.06,0.00,25.26
7.67,11.03,-1.46,0.19,-2.33,1.06,0.00,25.26
7.66,11.00,-1.45,0.21,-2.33,1.03,0.00,25.26
7.67,10.93,-1.29,0.05,-2.34,1.00,0.00,25.25
7.66,10.89,-1.43,-0.09,-2.34,0.89,0.00,25.26
7.64,10.90,-1.56,0.37,-2.36,0.90,0.00,25.26
7.64,10.89,-1.58,0.50,-2.36,0.90,0.00,25.26
7.61,10.90,-1.49,0.50,-2.36,0.89,0.00,25.26
7.60,10.90,-1.69,0.55,-2.39,0.90,0.00,25.26
7.59,10.89,-1.59,0.38,-2.41,0.89,0.00,25.26
7.58,10.88,-1.54,0.40,-2.42,0.88,0.00,25.26
7.59,10.89,-1.52,0.44,-2.42,0.88,0.00,25.26
7.60,10.89,-1.29,0.60,-2.41,0.89,0.00,25.25
7.60,10.85,-1.26,0.47,-2.40,0.89,0.00,25.25
7.60,10.82,-1.42,-0.01,-2.40,0.82,0.00,25.26
7.61,10.82,-1.27,0.33,-2.39,0.82,0.00,25.25
7.61,10.79,-1.20,0.45,-2.39,0.82,0.00,25.25
7.61,10.78,-1.28,0.06,-2.39,0.79,0.00,25.25
7.61,10.75,-1.36,0.29,-2.39,0.78,0.00,25.26
7.61,10.75,-1.50,0.16,-2.39,0.75,0.00,25.26
7.60,10.73,-1.40,0.33,-2.40,0.73,0.00,25.26
7.61,10.76,-1.36,0.38,-2.40,0.73,0.00,25.26
7.62,10.77,-1.23,0.77,-2.39,0.76,0.00,25.26
7.62,10.79,-1.21,0.67,-2.38,0.77,0.00,25.25
7.62,10.79,-1.28,0.82,-2.38,0.79,0.00,25.26
7.63,10.82,-1.23,0.98,-2.37,0.82,0.00,25.26
7.65,10.87,-1.21,1.02,-2.36,0.85,0.00,25.26
7.65,10.89,-1.25,0.87,-2.35,0.87,0.00,25.26
7.64,10.91,-1.42,0.78,-2.35,0.89,0.00,25.26
7.64,10.92,-1.49,0.85,-2.36,0.91,0.00,25.26
7.63,10.93,-1.40,0.67,-2.36,0.92,0.00,25.26
7.63,10.92,-1.46,0.71,-2.37,0.93,0.00,25.26
7.61,10.94,-1.47,0.40,-2.37,0.92,0.00,25.26
7.60,10.97,-1.58,0.83,-2.39,0.94,0.00,25.26
7.60,11.00,-1.52,1.02,-2.40,1.00,0.00,25.26
7.59,10.99,-1.55,0.63,-2.41,0.99,0.00,25.26
7.57,11.01,-1.57,0.48,-2.41,0.99,0.00,25.26
7.57,11.00,-1.61,0.71,-2.43,1.01,0.00,25.26
7.58,11.00,-1.45,0.55,-2.43,1.00,0.00,25.26
7.58,10.98,-1.36,0.35,-2.42,0.98,0.00,25.26
7.58,10.95,-1.40,0.15,-2.42,0.95,0.00,25.26
7.59,10.92,-1.41,0.10,-2.42,0.95,0.00,25.26
7.59,10.92,-1.30,0.16,-2.41,0.92,0.00,25.25
7.59,10.97,-1.32,0.50,-2.41,0.92,0.00,25.26
7.62,11.00,-1.05,1.08,-2.38,1.00,0.00,25.26
7.64,11.05,-1.12,1.25,-2.36,1.05,0.00,25.26
7.64,11.10,-1.18,1.33,-2.36,1.05,0.00,25.26
7.63,11.13,-1.26,1.31,-2.36,1.10,0.00,25.26
7.64,11.12,-1.42,1.15,-2.37,1.13,0.00,25.26
7.65,11.10,-1.22,0.45,-2.35,1.10,0.00,25.25
7.65,11.08,-1.27,0.32,-2.35,1.08,0.00,25.25
7.65,11.03,-1.30,0.29,-2.35,1.08,0.00,25.25
7.64,10.98,-1.39,0.00,-2.35,1.03,0.00,25.26
7.64,10.98,-1.37,-0.18,-2.36,0.98,0.00,25.25
7.67,11.02,-1.09,0.89,-2.33,1.02,0.00,25.26
7.65,10.99,-1.49,0.46,-2.35,0.99,0.00,25.26
7.64,11.02,-1.67,0.24,-2.35,0.99,0.00,25.26
7.66,11.05,-1.53,0.86,-2.36,1.02,0.00,25.26
7.68,11.05,-1.22,1.07,-2.34,1.05,0.00,25.26
7.69,11.01,-1.16,0.69,-2.32,1.05,0.00,25.25
7.69,10.99,-1.13,0.22,-2.31,1.01,0.00,25.25
7.70,10.99,-1.39,0.12,-2.31,0.99,0.00,25.26
7.73,10.96,-1.24,0.44,-2.30,0.99,0.00,25.25
7.73,10.94,-0.93,0.24,-2.27,0.96,0.00,25.25
7.73,10.90,-1.25,-0.05,-2.27,0.90,0.00,25.25
7.72,10.89,-1.41,0.21,-2.28,0.89,0.00,25.26
7.72,10.90,-1.46,0.33,-2.28,0.89,0.00,25.26
7.72,10.95,-1.46,0.80,-2.28,0.90,0.00,25.26
7.72,10.97,-1.44,1.10,-2.28,0.95,0.00,25.26
7.73,11.01,-1.24,1.07,-2.27,1.01,0.00,25.26
7.73,11.02,-1.31,0.87,-2.27,1.02,0.00,25.26
7.74,11.07,-1.34,0.80,-2.27,1.02,0.00,25.26
7.75,11.09,-1.15,1.25,-2.26,1.07,0.00,25.26
7.75,11.05,-1.14,0.93,-2.25,1.09,0.00,25.26
7.75,11.02,-1.29,0.12,-2.25,1.02,0.00,25.25
7.75,11.02,-1.10,0.34,-2.25,1.02,0.00,25.25
7.78,11.03,-1.03,0.43,-2.23,1.01,0.00,25.25
7.77,11.08,-1.13,0.82,-2.22,1.03,0.00,25.26
7.77,11.10,-1.43,1.23,-2.23,1.08,0.00,25.26
7.78,11.14,-1.25,1.18,-2.22,1.14,0.00,25.26
7.78,11.15,-1.26,0.94,-2.22,1.15,0.00,25.26
7.78,11.16,-1.29,0.83,-2.22,1.15,0.00,25.26
7.80,11.15,-1.27,0.83,-2.22,1.16,0.00,25.26
7.80,11.16,-1.08,0.75,-2.20,1.15,0.00,25.25
7.82,11.14,-1.01,0.49,-2.18,1.14,0.00,25.25
7.84,11.14,-1.02,0.58,-2.16,1.14,0.00,25.25
7.85,11.14,-1.04,0.63,-2.16,1.14,0.00,25.25
7.86,11.13,-1.00,0.67,-2.15,1.14,0.00,25.25
7.84,11.14,-1.22,0.59,-2.14,1.13,0.00,25.25
7.83,11.13,-1.49,0.62,-2.17,1.13,0.00,25.26
7.83,11.13,-1.28,0.59,-2.17,1.13,0.00,25.25
7.83,11.12,-1.21,0.60,-2.17,1.13,0.00,25.25
7.82,11.12,-1.22,0.48,-2.17,1.12,0.00,25.25
7.82,11.12,-1.38,0.64,-2.18,1.12,0.00,25.26
7.83,11.10,-1.07,0.50,-2.17,1.10,0.00,25.25
7.84,11.11,-1.08,0.66,-2.16,1.11,0.00,25.25
7.84,11.11,-1.10,0.75,-2.16,1.11,0.00,25.25
7.85,11.11,-1.17,0.65,-2.16,1.11,0.00,25.25
7.85,11.08,-1.13,0.65,-2.15,1.11,0.00,25.25
7.85,11.05,-1.28,0.28,-2.15,1.05,0.00,25.25
7.85,11.04,-1.31,0.34,-2.15,1.04,0.00,25.25
7.85,11.04,-1.31,0.35,-2.15,1.04,0.00,25.25
7.83,11.05,-1.23,0.63,-2.15,1.04,0.00,25.25
7.81,11.06,-1.41,0.68,-2.17,1.05,0.00,25.26
7.81,11.04,-1.41,0.51,-2.19,1.04,0.00,25.26
7.81,11.04,-1.32,0.50,-2.19,1.04,0.00,25.25
7.79,11.01,-1.30,0.52,-2.19,1.04,0.00,25.25
7.79,10.97,-1.49,0.18,-2.21,1.01,0.00,25.26
7.77,10.97,-1.44,0.08,-2.21,0.97,0.00,25.26
7.76,10.96,-1.51,0.42,-2.24,0.96,0.00,25.26
7.74,10.92,-1.60,0.10,-2.26,0.92,0.00,25.26
7.74,10.91,-1.62,0.01,-2.26,0.92,0.00,25.26
7.71,10.89,-1.37,0.32,-2.26,0.91,0.00,25.25
7.69,10.88,-1.55,0.24,-2.29,0.89,0.00,25.26
7.68,10.87,-1.53,0.32,-2.32,0.87,0.00,25.26
7.67,10.87,-1.49,0.33,-2.32,0.87,0.00,25.26
7.65,10.87,-1.61,0.50,-2.33,0.87,0.00,25.26
7.65,10.86,-1.59,0.60,-2.35,0.87,0.00,25.26
7.64,10.85,-1.47,0.41,-2.35,0.86,0.00,25.26
7.64,10.85,-1.40,0.79,-2.36,0.85,0.00,25.26
7.63,10.89,-1.39,0.71,-2.37,0.89,0.00,25.26
7.64,10.92,-1.42,0.61,-2.37,0.89,0.00,25.26
7.64,10.94,-1.30,0.94,-2.36,0.92,0.00,25.26
7.64,10.99,-1.41,0.84,-2.36,0.94,0.00,25.26
7.64,10.99,-1.34,1.15,-2.36,0.99,0.00,25.26
7.65,11.00,-1.44,0.60,-2.36,0.99,0.00,25.26
7.65,11.03,-1.27,0.80,-2.35,1.00,0.00,25.26
7.65,11.06,-1.36,0.99,-2.35,1.03,0.00,25.26
7.61,11.09,-1.49,1.01,-2.35,1.06,0.00,25.26
7.59,11.09,-1.77,0.83,-2.41,1.09,0.00,25.26
7.58,11.11,-1.62,0.89,-2.42,1.11,0.00,25.26
7.57,11.13,-1.56,0.95,-2.42,1.11,0.00,25.26
7.55,11.13,-1.54,0.95,-2.43,1.13,0.00,25.26
7.54,11.14,-1.66,0.71,-2.45,1.13,0.00,25.26
7.51,11.12,-1.81,0.55,-2.49,1.12,0.00,25.26
7.49,11.11,-1.73,0.44,-2.51,1.11,0.00,25.26
7.48,11.11,-1.67,0.43,-2.51,1.11,0.00,25.26
7.49,11.13,-1.71,0.61,-2.52,1.11,0.00,25.26
7.49,11.14,-1.39,0.94,-2.51,1.13,0.00,25.26
7.50,11.15,-1.46,0.85,-2.50,1.15,0.00,25.26
7.48,11.15,-1.59,0.64,-2.52,1.15,0.00,25.26
7.47,11.14,-1.63,0.57,-2.52,1.15,0.00,25.26
7.46,11.17,-1.63,0.59,-2.53,1.14,0.00,25.26
7.45,11.18,-1.58,0.93,-2.54,1.17,0.00,25.26
7.46,11.14,-1.45,0.34,-2.54,1.14,0.00,25.26
7.46,11.11,-1.41,0.20,-2.54,1.11,0.00,25.26
7.46,11.08,-1.42,0.23,-2.54,1.11,0.00,25.26
7.46,11.05,-1.45,0.16,-2.54,1.08,0.00,25.26
7.46,11.00,-1.47,0.10,-2.54,1.05,0.00,25.26
7.46,11.00,-1.50,-0.00,-2.54,1.00,0.00,25.26
7.46,11.01,-1.46,0.53,-2.54,1.00,0.00,25.26
7.46,11.03,-1.49,0.71,-2.54,1.01,0.00,25.26
7.46,11.05,-1.53,0.81,-2.54,1.03,0.00,25.26
7.46,11.07,-1.50,0.91,-2.54,1.05,0.00,25.26
7.49,11.08,-1.17,0.84,-2.51,1.08,0.00,25.25
7.50,11.03,-1.18,0.10,-2.50,1.03,0.00,25.25
7.52,11.04,-1.23,-0.13,-2.50,1.03,0.00,25.25
7.53,11.01,-1.17,0.57,-2.48,1.04,0.00,25.25
7.56,11.00,-1.36,0.29,-2.47,1.01,0.00,25.26
7.59,11.00,-1.01,0.49,-2.41,1.00,0.00,25.25
7.64,11.01,-0.77,0.69,-2.36,1.01,0.00,25.25
7.66,11.04,-0.70,0.75,-2.36,1.01,0.00,25.25
7.68,11.08,-1.00,0.98,-2.34,1.04,0.00,25.26
7.67,11.09,-1.06,1.19,-2.32,1.08,0.00,25.26
7.66,11.13,-1.39,1.08,-2.34,1.13,0.00,25.26
7.68,11.14,-1.19,0.93,-2.32,1.14,0.00,25.26
7.70,11.15,-1.12,0.85,-2.32,1.14,0.00,25.25
7.70,11.15,-1.10,0.85,-2.30,1.15,0.00,25.25
7.71,11.17,-1.26,0.66,-2.30,1.15,0.00,25.26
7.73,11.22,-1.05,1.18,-2.27,1.22,0.00,25.26
7.74,11.21,-1.11,0.89,-2.26,1.21,0.00,25.25
7.74,11.24,-1.17,0.76,-2.26,1.21,0.00,25.25
7.72,11.26,-1.29,1.01,-2.26,1.24,0.00,25.26
7.73,11.31,-1.50,1.09,-2.28,1.26,0.00,25.26
7.73,11.31,-1.41,0.86,-2.27,1.31,0.00,25.26
7.74,11.32,-1.16,0.92,-2.26,1.32,0.00,25.26
7.74,11.34,-1.06,1.01,-2.26,1.32,0.00,25.26
7.74,11.34,-1.33,1.11,-2.26,1.34,0.00,25.26
7.74,11.37,-1.33,0.83,-2.26,1.34,0.00,25.26
7.74,11.37,-1.30,1.11,-2.26,1.37,0.00,25.26
7.74,11.42,-1.28,1.20,-2.26,1.42,0.00,25.26
7.74,11.45,-1.27,1.23,-2.26,1.42,0.00,25.26
7.73,11.50,-1.35,1.26,-2.26,1.45,0.00,25.26
7.73,11.50,-1.42,1.46,-2.27,1.50,0.00,25.26
7.73,11.50,-1.19,0.88,-2.27,1.50,0.00,25.26
7.75,11.50,-1.26,0.79,-2.25,1.50,0.00,25.26
7.74,11.48,-1.31,0.78,-2.25,1.49,0.00,25.26
7.73,11.50,-1.30,0.74,-2.26,1.48,0.00,25.26
