-0.05,0.76,0.20,0.36,-0.05,0.76,0.00,25.25
-0.03,0.76,0.30,0.43,-0.03,0.76,0.00,25.25
0.02,0.78,0.38,0.54,0.02,0.78,0.00,25.25
0.05,0.79,0.40,0.60,0.05,0.79,0.00,25.25
0.08,0.81,0.42,0.65,0.05,0.79,0.00,25.25
0.10,0.81,0.51,0.70,0.08,0.81,0.00,25.25
0.13,0.81,0.46,0.52,0.10,0.81,0.00,25.25
0.14,0.78,0.43,0.26,0.14,0.78,0.00,25.25
0.16,0.74,0.35,-0.02,0.16,0.74,0.00,25.25
0.17,0.72,0.31,-0.09,0.16,0.74,0.00,25.25
0.19,0.70,0.32,0.00,0.17,0.72,0.00,25.25
0.19,0.70,0.33,0.06,0.19,0.70,0.00,25.25
0.19,0.71,0.22,0.30,0.19,0.71,0.00,25.25
0.21,0.72,0.21,0.34,0.19,0.71,0.00,25.25
0.21,0.71,0.28,0.47,0.21,0.72,0.00,25.25
0.20,0.70,0.22,0.38,0.21,0.71,0.00,25.25
0.20,0.70,0.09,0.29,0.20,0.70,0.00,25.25
0.21,0.70,0.09,0.33,0.20,0.70,0.00,25.25
0.21,0.69,0.19,0.42,0.21,0.70,0.00,25.25
0.22,0.65,0.22,0.27,0.21,0.69,0.00,25.25
0.21,0.64,0.18,0.06,0.22,0.65,0.00,25.25
0.19,0.60,0.07,0.02,0.21,0.64,0.00,25.25
0.16,0.59,-0.17,-0.02,0.16,0.59,0.00,25.25
0.15,0.57,-0.20,0.02,0.15,0.57,0.00,25.25
0.15,0.55,-0.16,0.00,0.15,0.57,0.00,25.25
0.14,0.55,-0.08,-0.03,0.15,0.55,0.00,25.25
0.12,0.54,-0.11,0.10,0.14,0.55,0.00,25.25
0.11,0.51,-0.15,0.02,0.11,0.51,0.00,25.25
0.10,0.49,-0.13,-0.08,0.10,0.49,0.00,25.25
0.09,0.48,-0.14,-0.07,0.10,0.49,0.00,25.25
0.08,0.47,-0.12,0.03,0.09,0.48,0.00,25.25
0.08,0.44,-0.04,0.04,0.08,0.47,0.00,25.25
0.07,0.40,-0.03,-0.24,0.07,0.40,0.00,25.25
0.05,0.38,-0.17,-0.27,0.05,0.38,0.00,25.25
0.04,0.36,-0.22,-0.20,0.05,0.38,0.00,25.25
0.02,0.36,-0.25,-0.16,0.04,0.36,0.00,25.25
-0.00,0.36,-0.24,0.07,0.02,0.36,0.00,25.25
-0.03,0.33,-0.35,-0.05,-0.03,0.33,0.00,25.25
-0.05,0.32,-0.38,-0.10,-0.05,0.32,0.00,25.25
-0.07,0.34,-0.39,-0.04,-0.05,0.32,0.00,25.25
-0.08,0.33,-0.36,0.19,-0.07,0.34,0.00,25.25
-0.09,0.33,-0.30,0.14,-0.08,0.33,0.00,25.25
-0.11,0.31,-0.27,0.04,-0.11,0.31,0.00,25.25
-0.11,0.32,-0.19,0.10,-0.11,0.32,0.00,25.25
-0.11,0.34,-0.16,0.22,-0.11,0.32,0.00,25.25
-0.11,0.35,-0.08,0.34,-0.11,0.34,0.00,25.25
-0.12,0.35,-0.05,0.38,-0.11,0.35,0.00,25.25
-0.11,0.35,-0.13,0.21,-0.11,0.35,0.00,25.25
-0.13,0.35,-0.12,0.20,-0.11,0.35,0.00,25.25
-0.14,0.37,-0.20,0.20,-0.13,0.35,0.00,25.25
-0.14,0.35,-0.24,0.29,-0.14,0.37,0.00,25.25
-0.15,0.34,-0.19,0.10,-0.14,0.35,0.00,25.25
-0.17,0.33,-0.28,0.05,-0.17,0.33,0.00,25.25
-0.19,0.33,-0.38,0.07,-0.19,0.33,0.00,25.25
-0.21,0.33,-0.43,0.11,-0.19,0.33,0.00,25.25
-0.21,0.31,-0.40,0.18,-0.21,0.33,0.00,25.25
-0.22,0.29,-0.30,0.04,-0.21,0.31,0.00,25.25
-0.24,0.32,-0.33,0.20,-0.24,0.32,0.00,25.25
-0.24,0.34,-0.30,0.44,-0.24,0.34,0.00,25.25
-0.25,0.33,-0.26,0.44,-0.24,0.34,0.00,25.25
-0.27,0.33,-0.26,0.24,-0.25,0.33,0.00,25.25
-0.26,0.35,-0.41,0.17,-0.27,0.33,0.00,25.25
-0.26,0.35,-0.18,0.32,-0.26,0.35,0.00,25.25
-0.28,0.35,-0.16,0.29,-0.26,0.35,0.00,25.25
-0.29,0.34,-0.28,0.28,-0.28,0.35,0.00,25.25
-0.30,0.35,-0.31,0.15,-0.29,0.34,0.00,25.25
-0.32,0.38,-0.30,0.24,-0.30,0.35,0.00,25.25
-0.33,0.39,-0.37,0.44,-0.33,0.39,0.00,25.25
-0.34,0.38,-0.36,0.29,-0.34,0.38,0.00,25.25
-0.35,0.38,-0.35,0.17,-0.34,0.38,0.00,25.25
-0.35,0.39,-0.37,0.18,-0.35,0.38,0.00,25.25
-0.34,0.43,-0.29,0.26,-0.35,0.39,0.00,25.25
-0.34,0.46,-0.14,0.68,-0.34,0.46,0.00,25.25
-0.33,0.50,-0.13,0.84,-0.33,0.50,0.00,25.25
-0.31,0.52,-0.10,0.91,-0.33,0.50,0.00,25.25
-0.30,0.56,0.01,0.76,-0.31,0.52,0.00,25.25
-0.28,0.63,-0.00,0.84,-0.30,0.56,0.00,25.25
-0.28,0.64,0.04,0.91,-0.28,0.64,0.00,25.25
-0.28,0.65,-0.08,0.66,-0.28,0.65,0.00,25.25
-0.25,0.69,-0.14,0.60,-0.28,0.65,0.00,25.25
-0.24,0.74,0.09,0.80,-0.25,0.69,0.00,25.25
-0.23,0.74,0.13,0.99,-0.24,0.74,0.00,25.25
-0.21,0.76,0.04,0.59,-0.23,0.74,0.00,25.25
-0.20,0.79,0.08,0.76,-0.20,0.79,0.00,25.25
-0.19,0.85,0.10,0.84,-0.20,0.79,0.00,25.25
-0.19,0.91,0.07,1.08,-0.19,0.85,0.00,25.25
-0.18,0.96,0.03,1.33,-0.19,0.91,0.00,25.26
-0.16,0.99,0.16,1.18,-0.16,0.99,0.00,25.25
-0.12,1.03,0.34,1.11,-0.12,1.03,0.00,25.25
-0.09,1.07,0.44,1.14,-0.12,1.03,0.00,25.25
-0.07,1.10,0.42,1.22,-0.09,1.07,0.00,25.25
-0.06,1.12,0.31,1.12,-0.07,1.10,0.00,25.25
-0.05,1.13,0.15,0.92,-0.05,1.13,0.00,25.25
-0.04,1.18,0.12,1.05,-0.04,1.18,0.00,25.25
-0.03,1.23,0.13,1.19,-0.04,1.18,0.00,25.25
0.01,1.28,0.20,1.30,-0.03,1.23,0.00,25.26
-0.00,1.33,0.37,1.43,0.01,1.28,0.00,25.26
-0.02,1.36,-0.06,1.37,-0.02,1.36,0.00,25.25
-0.03,1.36,-0.16,1.05,-0.03,1.36,0.00,25.25
-0.04,1.38,-0.15,0.88,-0.03,1.36,0.00,25.25
-0.04,1.41,-0.19,0.98,-0.04,1.38,0.00,25.25
-0.03,1.42,-0.12,1.08,-0.04,1.41,0.00,25.25
-0.04,1.52,-0.03,1.54,-0.04,1.52,0.00,25.26
-0.02,1.58,0.07,1.96,-0.02,1.58,0.00,25.26
0.01,1.66,0.15,1.93,-0.02,1.58,0.00,25.26
-0.01,1.69,0.33,2.04,0.01,1.66,0.00,25.27
-0.04,1.71,0.03,1.68,-0.01,1.69,0.00,25.25
-0.07,1.71,-0.43,1.20,-0.07,1.71,0.00,25.25
-0.10,1.70,-0.55,0.98,-0.10,1.70,0.00,25.25
-0.09,1.71,-0.53,0.94,-0.10,1.70,0.00,25.25
-0.11,1.65,-0.12,0.93,-0.09,1.71,0.00,25.25
-0.11,1.62,-0.22,0.47,-0.11,1.65,0.00,25.25
-0.11,1.64,-0.13,0.72,-0.11,1.64,0.00,25.25
-0.13,1.68,-0.19,1.15,-0.13,1.68,0.00,25.25
-0.11,1.73,-0.25,1.28,-0.13,1.68,0.00,25.26
-0.08,1.71,0.14,1.55,-0.11,1.73,0.00,25.26
-0.08,1.72,0.23,1.12,-0.08,1.71,0.00,25.25
-0.10,1.74,-0.09,1.14,-0.10,1.74,0.00,25.25
-0.10,1.71,-0.19,0.93,-0.10,1.71,0.00,25.25
-0.06,1.69,-0.13,0.73,-0.10,1.71,0.00,25.25
-0.08,1.62,0.22,0.68,-0.06,1.69,0.00,25.25
-0.08,1.52,-0.06,-0.04,-0.08,1.62,0.00,25.25
-0.05,1.52,0.12,0.02,-0.05,1.52,0.00,25.25
-0.04,1.55,0.24,0.75,-0.04,1.55,0.00,25.25
-0.03,1.50,0.19,1.00,-0.04,1.55,0.00,25.25
-0.00,1.42,0.14,0.48,-0.03,1.50,0.00,25.25
0.05,1.40,0.28,-0.02,-0.00,1.42,0.00,25.25
0.07,1.41,0.55,0.51,0.07,1.41,0.00,25.25
0.10,1.42,0.43,0.82,0.10,1.42,0.00,25.25
0.09,1.38,0.41,0.90,0.10,1.42,0.00,25.25
0.12,1.31,0.27,0.46,0.09,1.38,0.00,25.25
0.17,1.26,0.36,0.06,0.12,1.31,0.00,25.25
0.23,1.24,0.84,0.05,0.23,1.24,0.00,25.25
0.26,1.21,0.83,0.23,0.26,1.21,0.00,25.25
0.26,1.19,0.68,0.24,0.26,1.21,0.00,25.25
0.28,1.21,0.43,0.28,0.26,1.19,0.00,25.25
0.29,1.23,0.42,0.60,0.28,1.21,0.00,25.25
0.29,1.20,0.31,0.57,0.29,1.20,0.00,25.25
0.29,1.18,0.21,0.34,0.29,1.18,0.00,25.25
0.31,1.17,0.19,0.35,0.29,1.18,0.00,25.25
0.34,1.16,0.33,0.37,0.31,1.17,0.00,25.25
0.39,1.18,0.55,0.48,0.34,1.16,0.00,25.25
0.40,1.16,0.64,0.59,0.40,1.16,0.00,25.25
0.43,1.25,0.60,1.12,0.43,1.25,0.00,25.26
0.48,1.27,0.68,1.58,0.43,1.25,0.00,25.26
0.50,1.33,0.85,1.28,0.48,1.27,0.00,25.26
0.52,1.34,0.80,1.49,0.50,1.33,0.00,25.26
0.53,1.32,0.53,0.80,0.53,1.32,0.00,25.25
0.54,1.40,0.49,1.10,0.54,1.40,0.00,25.26
0.54,1.41,0.50,1.54,0.54,1.40,0.00,25.26
0.53,1.42,0.37,1.26,0.54,1.41,0.00,25.25
0.53,1.44,0.25,1.10,0.53,1.42,0.00,25.25
0.51,1.48,0.12,1.19,0.51,1.48,0.00,25.25
0.51,1.58,0.08,1.79,0.51,1.58,0.00,25.27
0.49,1.58,0.13,2.12,0.51,1.58,0.00,25.27
0.46,1.65,0.01,1.49,0.49,1.58,0.00,25.25
0.43,1.67,-0.13,1.68,0.46,1.65,0.00,25.26
0.43,1.67,-0.09,1.43,0.43,1.67,0.00,25.25
0.42,1.70,0.10,1.16,0.42,1.70,0.00,25.25
0.38,1.69,0.16,1.01,0.42,1.70,0.00,25.25
0.34,1.68,-0.19,0.77,0.38,1.69,0.00,25.25
0.28,1.67,-0.34,0.75,0.34,1.68,0.00,25.25
0.28,1.67,-0.35,0.67,0.28,1.67,0.00,25.25
0.28,1.65,-0.11,0.56,0.28,1.65,0.00,25.25
0.24,1.56,-0.06,0.53,0.26,1.62,0.00,25.25
0.22,1.57,-0.14,0.22,0.24,1.56,0.00,25.25
0.19,1.57,-0.21,0.51,0.22,1.57,0.00,25.25
0.19,1.57,-0.47,0.83,0.19,1.57,0.00,25.25
0.13,1.58,-0.42,0.60,0.13,1.58,0.00,25.25
0.15,1.50,-0.28,0.41,0.12,1.53,0.00,25.25
0.14,1.48,0.06,0.35,0.15,1.50,0.00,25.25
0.11,1.47,-0.01,0.42,0.14,1.48,0.00,25.25
0.10,1.43,-0.16,0.38,0.10,1.43,0.00,25.25
0.09,1.44,-0.15,0.51,0.09,1.44,0.00,25.25
0.07,1.40,-0.16,0.70,0.09,1.44,0.00,25.25
0.07,1.37,-0.18,0.39,0.07,1.40,0.00,25.25
0.08,1.40,-0.08,0.28,0.07,1.37,0.00,25.25
0.09,1.43,0.11,1.04,0.09,1.43,0.00,25.25
0.07,1.45,0.05,1.17,0.07,1.45,0.00,25.25
0.09,1.38,-0.03,1.13,0.07,1.45,0.00,25.25
0.09,1.38,0.09,0.42,0.09,1.38,0.00,25.25
0.10,1.40,0.12,0.48,0.09,1.38,0.00,25.25
0.12,1.42,0.20,0.95,0.12,1.42,0.00,25.25
0.10,1.37,0.07,0.62,0.10,1.37,0.00,25.25
0.11,1.31,-0.04,0.33,0.10,1.37,0.00,25.25
0.14,1.33,0.11,0.02,0.11,1.31,0.00,25.25
0.14,1.34,0.33,0.52,0.14,1.33,0.00,25.25
0.14,1.34,0.18,0.69,0.14,1.34,0.00,25.25
0.15,1.32,0.04,0.71,0.14,1.34,0.00,25.25
0.18,1.29,0.17,0.55,0.15,1.32,0.00,25.25
0.20,1.29,0.34,0.40,0.18,1.29,0.00,25.25
0.20,1.32,0.33,0.53,0.20,1.29,0.00,25.25
0.20,1.32,0.26,0.86,0.20,1.32,0.00,25.25
0.21,1.32,0.40,0.89,0.21,1.32,0.00,25.25
0.26,1.39,0.42,0.91,0.24,1.34,0.00,25.25
0.30,1.45,0.45,1.28,0.26,1.39,0.00,25.26
0.29,1.51,0.62,1.46,0.30,1.45,0.00,25.26
0.29,1.51,0.08,1.74,0.29,1.51,0.00,25.26
0.27,1.62,-0.02,1.75,0.27,1.62,0.00,25.26
0.29,1.60,0.04,1.70,0.27,1.62,0.00,25.26
0.30,1.65,0.39,0.80,0.29,1.60,0.00,25.25
0.33,1.72,0.38,1.40,0.30,1.65,0.00,25.26
0.33,1.72,0.56,1.46,0.33,1.72,0.00,25.25
0.36,1.72,0.60,1.29,0.36,1.72,0.00,25.26
0.38,1.76,0.58,1.40,0.38,1.76,0.00,25.26
0.38,1.79,0.37,1.26,0.38,1.76,0.00,25.25
0.37,1.78,0.27,1.33,0.38,1.79,0.00,25.25
0.36,1.75,0.11,0.81,0.36,1.75,0.00,25.25
0.36,1.72,0.10,0.53,0.36,1.72,0.00,25.25
0.33,1.67,0.06,0.46,0.36,1.72,0.00,25.25
0.33,1.71,-0.09,0.30,0.33,1.67,0.00,25.25
0.32,1.71,0.01,0.87,0.33,1.71,0.00,25.25
0.30,1.69,-0.02,0.78,0.30,1.69,0.00,25.25
0.30,1.67,0.01,0.66,0.30,1.67,0.00,25.25
0.32,1.68,0.08,0.65,0.30,1.67,0.00,25.25
0.31,1.71,0.23,0.89,0.32,1.68,0.00,25.25
0.32,1.71,0.13,1.12,0.31,1.71,0.00,25.25
0.32,1.73,0.22,1.10,0.32,1.73,0.00,25.25
0.32,1.72,0.16,1.00,0.32,1.72,0.00,25.25
0.34,1.75,0.18,0.85,0.32,1.72,0.00,25.25
0.34,1.73,0.43,1.15,0.34,1.75,0.00,25.25
0.35,1.67,0.35,0.91,0.34,1.73,0.00,25.25
0.35,1.63,0.29,0.30,0.35,1.63,0.00,25.25
0.36,1.63,0.28,0.49,0.36,1.63,0.00,25.25
0.37,1.61,0.30,0.68,0.36,1.63,0.00,25.25
0.37,1.59,0.43,0.58,0.37,1.61,0.00,25.25
0.34,1.56,0.25,0.62,0.37,1.59,0.00,25.25
0.33,1.54,-0.02,0.48,0.33,1.54,0.00,25.25
0.31,1.58,-0.05,0.85,0.31,1.58,0.00,25.25
0.32,1.61,-0.07,1.09,0.31,1.58,0.00,25.25
0.32,1.57,0.10,1.24,0.32,1.61,0.00,25.25
0.29,1.53,0.19,0.67,0.32,1.57,0.00,25.25
0.29,1.52,0.01,0.46,0.29,1.52,0.00,25.25
0.31,1.49,0.11,0.55,0.29,1.52,0.00,25.25
0.32,1.47,0.37,0.38,0.31,1.49,0.00,25.25
0.34,1.47,0.34,0.47,0.32,1.47,0.00,25.25
0.31,1.44,0.37,0.64,0.34,1.47,0.00,25.25
0.31,1.44,0.13,0.39,0.31,1.44,0.00,25.25
0.31,1.41,0.09,0.31,0.31,1.41,0.00,25.25
0.30,1.38,0.04,0.35,0.30,1.39,0.00,25.25
0.28,1.33,0.07,0.46,0.30,1.38,0.00,25.25
0.26,1.32,-0.00,0.24,0.28,1.33,0.00,25.25
0.25,1.35,-0.10,0.69,0.25,1.35,0.00,25.25
0.27,1.34,0.10,0.86,0.27,1.34,0.00,25.25
0.27,1.35,0.23,0.83,0.27,1.34,0.00,25.25
0.26,1.36,0.21,0.84,0.27,1.35,0.00,25.25
0.25,1.39,0.12,0.86,0.26,1.36,0.00,25.25
0.24,1.42,0.04,1.17,0.24,1.42,0.00,25.25
0.26,1.39,0.16,0.86,0.26,1.39,0.00,25.25
0.27,1.42,0.26,0.55,0.26,1.39,0.00,25.25
0.27,1.42,0.27,0.88,0.27,1.42,0.00,25.25
0.27,1.36,0.24,0.85,0.27,1.42,0.00,25.25
0.28,1.39,0.26,0.57,0.28,1.39,0.00,25.25
0.28,1.41,0.23,0.94,0.28,1.41,0.00,25.25
0.27,1.41,0.14,1.03,0.28,1.41,0.00,25.25
0.27,1.38,0.07,0.90,0.27,1.41,0.00,25.25
0.26,1.39,0.09,0.58,0.27,1.38,0.00,25.25
0.25,1.43,-0.04,1.00,0.25,1.43,0.00,25.25
0.25,1.46,-0.01,1.27,0.25,1.46,0.00,25.25
0.24,1.50,0.07,1.31,0.25,1.46,0.00,25.25
0.25,1.58,0.12,1.39,0.24,1.50,0.00,25.26
0.27,1.63,0.15,1.75,0.25,1.58,0.00,25.26
0.29,1.63,0.47,1.34,0.29,1.63,0.00,25.25
0.31,1.62,0.45,0.90,0.31,1.62,0.00,25.25
0.31,1.60,0.40,0.80,0.31,1.62,0.00,25.25
0.31,1.58,0.27,0.65,0.31,1.60,0.00,25.25
0.29,1.61,0.23,0.66,0.31,1.58,0.00,25.25
0.31,1.63,0.20,1.06,0.31,1.63,0.00,25.25
0.32,1.61,0.33,0.93,0.32,1.61,0.00,25.25
0.32,1.61,0.34,0.79,0.32,1.61,0.00,25.25
0.30,1.60,0.24,0.84,0.32,1.61,0.00,25.25
0.30,1.60,0.05,0.74,0.30,1.60,0.00,25.25
0.29,1.60,0.08,0.84,0.29,1.60,0.00,25.25
0.30,1.56,0.13,0.86,0.29,1.60,0.00,25.25
0.29,1.52,0.21,0.48,0.30,1.56,0.00,25.25
0.28,1.50,0.05,0.36,0.29,1.52,0.00,25.25
0.28,1.48,0.08,0.44,0.28,1.50,0.00,25.25
0.29,1.45,0.18,0.44,0.28,1.48,0.00,25.25
0.29,1.45,0.24,0.39,0.29,1.45,0.00,25.25
0.28,1.45,0.20,0.70,0.29,1.45,0.00,25.25
0.30,1.42,0.13,0.77,0.28,1.45,0.00,25.25
0.32,1.42,0.24,0.40,0.30,1.42,0.00,25.25
0.32,1.45,0.35,0.83,0.32,1.45,0.00,25.25
0.31,1.44,0.14,0.89,0.31,1.44,0.00,25.25
0.31,1.44,0.06,0.85,0.31,1.44,0.00,25.25
0.29,1.44,0.08,0.78,0.31,1.44,0.00,25.25
0.30,1.38,-0.02,0.79,0.29,1.44,0.00,25.25
0.29,1.36,0.08,0.23,0.29,1.36,0.00,25.25
0.29,1.46,0.13,1.12,0.29,1.46,0.00,25.26
0.30,1.48,0.18,1.76,0.29,1.46,0.00,25.27
0.30,1.51,0.30,1.38,0.30,1.48,0.00,25.25
0.29,1.52,0.22,1.33,0.30,1.51,0.00,25.25
0.30,1.48,0.05,0.93,0.29,1.52,0.00,25.25
0.28,1.46,0.08,0.51,0.28,1.46,0.00,25.25
0.27,1.45,0.01,0.48,0.28,1.46,0.00,25.25
0.27,1.40,-0.02,0.51,0.27,1.45,0.00,25.25
0.28,1.40,0.01,0.26,0.27,1.40,0.00,25.25
0.28,1.37,0.23,0.42,0.28,1.37,0.00,25.25
0.27,1.35,0.12,0.37,0.27,1.35,0.00,25.25
0.27,1.33,0.05,0.38,0.27,1.35,0.00,25.25
0.30,1.35,0.04,0.32,0.27,1.33,0.00,25.25
0.29,1.32,0.37,0.67,0.30,1.35,0.00,25.25
0.29,1.30,0.15,0.46,0.29,1.30,0.00,25.25
0.29,1.27,0.17,0.30,0.29,1.27,0.00,25.25
0.29,1.27,0.20,0.23,0.29,1.27,0.00,25.25
0.28,1.27,0.22,0.49,0.29,1.27,0.00,25.25
0.28,1.25,0.12,0.57,0.28,1.27,0.00,25.25
0.28,1.25,0.17,0.78,0.28,1.25,0.00,25.25
0.32,1.29,0.35,0.94,0.32,1.29,0.00,25.25
0.33,1.26,0.43,0.84,0.32,1.29,0.00,25.25
0.34,1.27,0.43,0.49,0.33,1.26,0.00,25.25
0.34,1.29,0.39,0.67,0.34,1.27,0.00,25.25
0.34,1.29,0.23,0.80,0.34,1.29,0.00,25.25
0.32,1.28,0.16,0.72,0.34,1.29,0.00,25.25
0.32,1.27,0.06,0.60,0.32,1.28,0.00,25.25
0.34,1.29,0.06,0.54,0.32,1.27,0.00,25.25
0.32,1.35,0.27,0.83,0.34,1.29,0.00,25.25
0.32,1.38,0.10,1.23,0.32,1.38,0.00,25.25
0.32,1.45,0.11,1.49,0.32,1.45,0.00,25.26
0.32,1.50,0.10,1.69,0.32,1.45,0.00,25.26
0.31,1.49,0.08,1.68,0.32,1.50,0.00,25.26
0.32,1.54,0.05,1.15,0.31,1.49,0.00,25.25
0.29,1.56,-0.01,1.31,0.29,1.56,0.00,25.25
0.29,1.60,-0.01,1.34,0.29,1.60,0.00,25.26
0.28,1.64,0.11,1.42,0.29,1.60,0.00,25.26
0.26,1.68,-0.01,1.45,0.28,1.64,0.00,25.26
0.26,1.73,-0.07,1.49,0.26,1.68,0.00,25.26
0.27,1.77,0.21,1.61,0.27,1.77,0.00,25.26
0.26,1.76,0.19,1.30,0.26,1.76,0.00,25.25
0.25,1.76,0.10,1.08,0.26,1.76,0.00,25.25
0.23,1.74,0.00,0.98,0.25,1.76,0.00,25.25
0.20,1.77,-0.12,0.85,0.23,1.74,0.00,25.25
0.16,1.73,-0.33,0.80,0.16,1.73,0.00,25.25
0.12,1.69,-0.51,0.41,0.12,1.69,0.00,25.25
0.09,1.61,-0.55,0.33,0.12,1.69,0.00,25.25
0.08,1.56,-0.51,0.01,0.09,1.61,0.00,25.25
0.05,1.55,-0.30,0.00,0.08,1.56,0.00,25.25
0.05,1.55,-0.42,0.81,0.05,1.55,0.00,25.25
0.02,1.59,-0.31,0.74,0.02,1.59,0.00,25.25
0.04,1.55,-0.18,0.42,0.02,1.54,0.00,25.25
0.06,1.49,0.13,0.68,0.04,1.55,0.00,25.25
0.07,1.41,0.20,0.29,0.06,1.49,0.00,25.25
0.07,1.41,0.26,-0.33,0.07,1.41,0.00,25.25
0.09,1.34,0.27,-0.32,0.09,1.34,0.00,25.25
0.10,1.21,0.26,-0.24,0.10,1.28,0.00,25.25
0.11,1.13,0.18,-0.40,0.10,1.21,0.00,25.25
0.14,1.04,0.20,-0.50,0.11,1.13,0.00,25.25
0.17,1.04,0.44,-0.23,0.17,1.04,0.00,25.25
0.17,1.07,0.39,0.49,0.17,1.07,0.00,25.25
0.21,1.10,0.29,0.71,0.17,1.07,0.00,25.25
0.25,1.13,0.61,1.10,0.21,1.10,0.00,25.26
0.27,1.15,0.68,1.06,0.25,1.13,0.00,25.25
0.30,1.13,0.59,0.75,0.30,1.13,0.00,25.25
0.35,1.17,0.75,0.78,0.35,1.17,0.00,25.25
0.37,1.16,0.85,0.98,0.35,1.17,0.00,25.26
0.39,1.10,0.75,0.67,0.37,1.16,0.00,25.25
0.43,1.01,0.63,0.15,0.39,1.10,0.00,25.25
0.43,0.97,0.57,-0.32,0.43,0.97,0.00,25.25
0.47,0.96,0.61,0.01,0.47,0.96,0.00,25.25
0.49,0.97,0.71,0.19,0.47,0.96,0.00,25.25
0.50,1.00,0.66,0.44,0.49,0.97,0.00,25.25
0.51,1.04,0.52,0.73,0.50,1.00,0.00,25.25
0.53,1.13,0.46,1.40,0.53,1.13,0.00,25.26
0.55,1.18,0.55,1.65,0.55,1.18,0.00,25.26
0.56,1.22,0.60,1.59,0.55,1.18,0.00,25.26
0.58,1.22,0.56,1.44,0.56,1.22,0.00,25.26
0.59,1.19,0.59,1.08,0.58,1.22,0.00,25.25
0.59,1.20,0.45,0.55,0.59,1.20,0.00,25.25
0.61,1.19,0.39,0.55,0.59,1.20,0.00,25.25
0.61,1.20,0.50,0.61,0.61,1.19,0.00,25.25
0.61,1.18,0.47,0.68,0.61,1.20,0.00,25.25
0.62,1.20,0.39,0.49,0.61,1.18,0.00,25.25
0.62,1.25,0.42,1.08,0.62,1.25,0.00,25.26
0.61,1.30,0.32,1.39,0.61,1.30,0.00,25.26
0.60,1.34,0.26,1.39,0.61,1.30,0.00,25.26
0.57,1.35,0.17,1.38,0.60,1.34,0.00,25.25
0.58,1.32,0.03,1.14,0.57,1.35,0.00,25.25
0.60,1.33,0.40,0.73,0.60,1.33,0.00,25.25
0.59,1.33,0.35,0.72,0.59,1.33,0.00,25.25
0.56,1.35,0.25,0.68,0.59,1.33,0.00,25.25
0.56,1.33,0.07,0.84,0.56,1.35,0.00,25.25
0.54,1.32,0.11,0.68,0.56,1.33,0.00,25.25
0.54,1.34,0.12,0.74,0.54,1.34,0.00,25.25
0.52,1.36,0.14,0.99,0.52,1.36,0.00,25.25
0.51,1.34,0.14,1.04,0.52,1.36,0.00,25.25
0.49,1.33,0.09,0.75,0.51,1.34,0.00,25.25
0.49,1.35,-0.01,0.61,0.49,1.33,0.00,25.25
0.49,1.38,0.18,1.00,0.49,1.38,0.00,25.25
0.49,1.39,0.25,1.10,0.49,1.39,0.00,25.25
0.47,1.39,0.27,1.04,0.49,1.39,0.00,25.25
0.46,1.38,0.14,0.86,0.47,1.39,0.00,25.25
0.45,1.35,0.06,0.67,0.46,1.38,0.00,25.25
0.45,1.35,0.14,0.60,0.45,1.35,0.00,25.25
0.44,1.32,0.19,0.69,0.45,1.35,0.00,25.25
0.40,1.26,0.11,0.36,0.44,1.32,0.00,25.25
0.40,1.19,-0.09,0.15,0.40,1.26,0.00,25.25
0.41,1.20,0.07,-0.23,0.40,1.19,0.00,25.25
0.40,1.19,0.12,0.41,0.40,1.19,0.00,25.25
0.39,1.15,0.08,0.45,0.40,1.19,0.00,25.25
0.39,1.12,0.16,0.18,0.39,1.15,0.00,25.25
0.38,1.09,0.15,0.14,0.39,1.12,0.00,25.25
0.41,1.08,0.11,0.13,0.38,1.09,0.00,25.25
0.43,1.04,0.50,0.13,0.43,1.04,0.00,25.25
0.43,0.97,0.42,-0.28,0.43,0.97,0.00,25.25
0.46,0.91,0.32,-0.44,0.43,0.97,0.00,25.25
0.48,0.91,0.47,-0.39,0.46,0.91,0.00,25.25
0.50,0.91,0.60,0.21,0.48,0.91,0.00,25.25
0.52,0.93,0.55,0.58,0.52,0.93,0.00,25.25
0.53,0.93,0.54,0.66,0.53,0.93,0.00,25.25
0.53,0.96,0.57,0.62,0.53,0.93,0.00,25.25
0.54,0.97,0.44,0.80,0.53,0.96,0.00,25.25
0.54,0.99,0.43,0.65,0.54,0.97,0.00,25.25
0.54,0.99,0.37,0.67,0.54,0.99,0.00,25.25
0.54,0.98,0.36,0.43,0.54,0.98,0.00,25.25
0.56,0.93,0.36,0.34,0.54,0.97,0.00,25.25
0.57,0.95,0.48,0.14,0.56,0.93,0.00,25.25
0.59,0.95,0.48,0.46,0.57,0.95,0.00,25.25
0.60,1.00,0.52,0.84,0.60,1.00,0.00,25.25
0.61,1.02,0.54,1.01,0.61,1.02,0.00,25.25
0.64,1.01,0.57,0.93,0.61,1.02,0.00,25.25
0.64,1.04,0.64,0.78,0.64,1.01,0.00,25.25
0.64,1.07,0.50,0.88,0.64,1.04,0.00,25.25
0.65,1.09,0.50,0.91,0.65,1.09,0.00,25.25
0.65,1.06,0.44,0.66,0.65,1.06,0.00,25.25
0.68,1.09,0.37,0.47,0.65,1.06,0.00,25.25
0.70,1.11,0.60,0.69,0.68,1.09,0.00,25.25
0.70,1.14,0.65,0.85,0.70,1.11,0.00,25.25
0.68,1.18,0.30,1.10,0.68,1.18,0.00,25.25
0.68,1.24,0.24,1.34,0.68,1.24,0.00,25.26
0.67,1.24,0.34,1.45,0.68,1.24,0.00,25.26
0.67,1.27,0.22,1.10,0.67,1.24,0.00,25.25
0.65,1.29,0.26,1.14,0.67,1.27,0.00,25.25
0.65,1.32,0.19,1.11,0.65,1.32,0.00,25.25
0.65,1.32,0.28,0.99,0.65,1.32,0.00,25.25
0.64,1.30,0.34,0.86,0.64,1.32,0.00,25.25
0.63,1.30,0.33,0.60,0.64,1.30,0.00,25.25
0.62,1.31,0.27,0.66,0.63,1.30,0.00,25.25
0.62,1.34,0.23,0.94,0.62,1.34,0.00,25.25
0.64,1.34,0.37,0.91,0.64,1.34,0.00,25.25
0.62,1.32,0.46,0.80,0.64,1.34,0.00,25.25
0.61,1.33,0.28,0.62,0.62,1.32,0.00,25.25
0.60,1.30,0.20,0.75,0.61,1.33,0.00,25.25
0.59,1.28,0.14,0.41,0.59,1.28,0.00,25.25
0.59,1.28,0.06,0.35,0.59,1.28,0.00,25.25
0.55,1.26,-0.01,0.31,0.56,1.26,0.00,25.25
0.54,1.24,0.04,0.48,0.55,1.26,0.00,25.25
0.52,1.24,0.07,0.46,0.54,1.24,0.00,25.25
0.50,1.28,-0.00,0.83,0.50,1.28,0.00,25.25
0.46,1.30,-0.16,1.14,0.46,1.30,0.00,25.25
0.44,1.31,-0.27,1.18,0.46,1.30,0.00,25.25
0.43,1.27,-0.21,0.96,0.44,1.31,0.00,25.25
0.43,1.25,0.02,0.55,0.43,1.27,0.00,25.25
0.46,1.22,0.31,0.27,0.46,1.22,0.00,25.25
0.45,1.16,0.36,-0.01,0.45,1.16,0.00,25.25
0.48,1.11,0.30,-0.16,0.45,1.16,0.00,25.25
0.50,1.09,0.45,-0.15,0.48,1.11,0.00,25.25
0.49,1.10,0.53,0.07,0.50,1.09,0.00,25.25
0.52,1.10,0.27,0.57,0.49,1.10,0.00,25.25
0.55,1.10,0.63,0.61,0.55,1.10,0.00,25.25
0.56,1.11,0.69,0.62,0.55,1.10,0.00,25.25
0.56,1.09,0.57,0.68,0.56,1.11,0.00,25.25
0.56,1.08,0.45,0.53,0.56,1.09,0.00,25.25
0.58,1.06,0.40,0.30,0.58,1.06,0.00,25.25
0.56,1.02,0.33,0.13,0.56,1.02,0.00,25.25
0.57,1.01,0.23,0.05,0.56,1.02,0.00,25.25
0.58,1.01,0.38,0.29,0.57,1.01,0.00,25.25
0.59,0.99,0.44,0.40,0.58,1.01,0.00,25.25
0.59,0.99,0.38,0.38,0.59,0.99,0.00,25.25
0.60,1.01,0.38,0.61,0.60,1.01,0.00,25.25
0.62,1.07,0.41,0.74,0.60,1.01,0.00,25.25
0.62,1.10,0.53,1.10,0.62,1.07,0.00,25.26
0.62,1.13,0.47,1.09,0.62,1.10,0.00,25.25
0.62,1.14,0.42,1.01,0.62,1.14,0.00,25.25
0.62,1.21,0.42,0.91,0.62,1.14,0.00,25.25
0.63,1.23,0.35,1.27,0.62,1.21,0.00,25.26
0.63,1.22,0.43,1.18,0.63,1.23,0.00,25.25
0.61,1.26,0.39,0.80,0.63,1.22,0.00,25.25
0.61,1.26,0.29,1.35,0.61,1.26,0.00,25.26
0.62,1.33,0.42,1.76,0.62,1.33,0.00,25.26
0.63,1.50,0.45,1.93,0.63,1.41,0.00,25.26
0.61,1.52,0.43,2.04,0.63,1.50,0.00,25.27
0.60,1.56,0.26,1.67,0.61,1.52,0.00,25.25
0.60,1.63,0.20,1.65,0.60,1.63,0.00,25.26
0.55,1.62,-0.04,1.45,0.55,1.62,0.00,25.25
0.54,1.66,-0.23,1.21,0.55,1.62,0.00,25.25
0.52,1.67,-0.04,1.32,0.54,1.66,0.00,25.26
0.49,1.66,-0.06,1.22,0.52,1.67,0.00,25.25
0.49,1.70,-0.01,1.12,0.49,1.70,0.00,25.25
0.48,1.74,0.13,1.43,0.48,1.74,0.00,25.26
0.46,1.77,0.14,1.53,0.48,1.74,0.00,25.26
0.45,1.80,0.03,1.52,0.46,1.77,0.00,25.26
0.43,1.81,-0.02,1.39,0.45,1.80,0.00,25.25
0.40,1.78,-0.07,0.98,0.40,1.78,0.00,25.25
0.39,1.76,-0.08,0.70,0.39,1.76,0.00,25.25
0.36,1.71,-0.05,0.64,0.39,1.76,0.00,25.25
0.34,1.69,-0.11,0.40,0.36,1.71,0.00,25.25
0.32,1.63,-0.17,0.45,0.34,1.69,0.00,25.25
0.32,1.59,-0.06,0.16,0.32,1.59,0.00,25.25
0.33,1.49,0.16,-0.15,0.33,1.49,0.00,25.25
0.32,1.45,3.21,-0.42,10.33,1.49,0.00,25.37
0.32,1.46,4.91,-0.04,10.32,1.45,0.00,25.36
0.32,1.43,5.27,0.49,10.32,1.46,0.00,25.37
0.32,1.37,5.51,0.14,10.32,1.37,0.00,25.37
0.31,1.32,5.50,-0.11,10.31,1.32,0.00,25.36
0.33,1.29,5.43,-0.13,10.31,1.32,0.00,25.36
0.32,1.27,5.62,0.11,10.33,1.29,0.00,25.38
0.21,1.21,5.46,0.19,10.32,1.27,0.00,25.36
0.21,1.21,4.41,0.35,10.21,1.21,0.00,25.32
0.12,1.32,4.63,1.29,10.12,1.32,0.00,25.35
0.06,1.47,4.86,1.70,10.12,1.32,0.00,25.36
-0.09,1.57,4.67,2.40,10.06,1.47,0.00,25.36
-0.25,1.62,3.83,2.44,9.91,1.57,0.00,25.31
-0.25,1.62,3.07,1.97,9.75,1.62,0.00,25.29
-0.38,1.69,3.19,2.09,9.62,1.69,0.00,25.31
-0.64,1.82,3.28,2.22,9.51,1.77,0.00,25.31
-0.85,1.83,2.86,1.83,9.36,1.82,0.00,25.29
-1.08,1.80,1.99,1.42,9.15,1.83,0.00,25.27
-1.35,1.81,1.00,0.96,8.65,1.81,0.00,25.25
-1.61,1.81,0.47,0.99,8.39,1.81,0.00,25.25
-1.90,1.78,0.40,0.97,8.39,1.81,0.00,25.25
-2.23,1.79,-0.13,0.62,8.10,1.78,0.00,25.25
-2.55,1.79,-0.66,0.85,7.77,1.79,0.00,25.26
-2.85,1.83,-0.98,1.19,7.15,1.83,0.00,25.26
-3.15,1.83,-1.05,1.30,6.85,1.83,0.00,25.26
-3.54,1.75,-1.08,1.17,6.85,1.83,0.00,25.26
-3.94,1.63,-2.15,0.19,6.46,1.75,0.00,25.27
-4.30,1.56,-2.63,-0.41,6.06,1.63,0.00,25.29
-4.65,1.47,-2.77,-0.54,5.35,1.47,0.00,25.28
-4.99,1.36,-2.78,-0.76,5.01,1.36,0.00,25.28
-5.35,1.25,-2.75,-0.87,5.01,1.36,0.00,25.28
-5.72,1.15,-3.04,-0.98,4.65,1.25,0.00,25.29
-6.04,1.10,-3.34,-1.08,4.28,1.15,0.00,25.30
-6.35,1.06,-3.13,-0.42,3.65,1.06,0.00,25.28
-6.69,1.00,-3.29,-0.29,3.31,1.00,0.00,25.29
-7.04,0.85,-3.45,-0.35,3.31,1.00,0.00,25.30
-7.29,0.71,-3.69,-1.13,2.96,0.85,0.00,25.32
-7.50,0.59,-3.16,-1.52,2.71,0.71,0.00,25.29
-7.72,0.46,-2.43,-1.70,2.28,0.46,0.00,25.28
-7.95,0.35,-2.46,-1.70,2.05,0.35,0.00,25.28
-8.16,0.27,-2.56,-1.65,2.05,0.35,0.00,25.28
-8.33,0.17,-2.40,-1.34,1.84,0.27,0.00,25.27
-8.51,0.06,-2.09,-1.47,1.67,0.17,0.00,25.27
-8.65,-0.04,-1.88,-1.69,1.35,-0.04,0.00,25.27
-8.75,-0.11,-1.43,-1.48,1.25,-0.11,0.00,25.26
-8.85,-0.13,-1.25,-1.30,1.25,-0.11,0.00,25.26
-8.93,-0.19,-1.04,-0.91,1.15,-0.13,0.00,25.25
-9.02,-0.25,-0.87,-0.90,1.07,-0.19,0.00,25.25
-9.08,-0.28,-0.71,-0.82,0.92,-0.28,0.00,25.25
-9.11,-0.26,-0.39,-0.33,0.89,-0.26,0.00,25.25
-9.12,-0.21,-0.24,-0.10,0.89,-0.26,0.00,25.25
-9.13,-0.21,0.06,0.27,0.88,-0.21,0.00,25.25
-9.14,-0.16,0.23,0.06,0.87,-0.21,0.00,25.25
-9.11,-0.04,0.57,0.98,0.89,-0.04,0.00,25.26
-9.09,0.05,0.78,1.48,0.91,0.05,0.00,25.26
-9.07,0.12,0.75,1.53,0.91,0.05,0.00,25.26
-9.08,0.22,0.73,1.36,0.93,0.12,0.00,25.26
-9.03,0.32,0.61,1.59,0.92,0.22,0.00,25.26
-9.02,0.41,0.89,1.72,0.98,0.41,0.00,25.26
-9.02,0.51,0.72,1.77,0.98,0.51,0.00,25.26
-9.00,0.62,0.64,1.74,0.98,0.51,0.00,25.26
-8.96,0.79,0.75,1.99,1.00,0.62,0.00,25.27
-8.96,0.94,0.90,2.55,1.04,0.79,0.00,25.29
-8.98,1.07,0.55,2.79,1.02,1.07,0.00,25.28
-8.98,1.22,0.38,2.88,1.02,1.22,0.00,25.28
-8.98,1.38,0.41,2.93,1.02,1.22,0.00,25.28
-9.00,1.54,0.46,3.18,1.02,1.38,0.00,25.29
-9.02,1.68,0.35,3.27,1.00,1.54,0.00,25.29
-9.04,1.80,0.25,3.11,0.96,1.80,0.00,25.28
-9.07,1.93,0.18,3.04,0.93,1.93,0.00,25.28
-9.11,2.02,0.14,3.01,0.93,1.93,0.00,25.28
-9.15,2.13,-0.07,2.80,0.89,2.02,0.00,25.28
-9.19,2.24,-0.17,2.85,0.85,2.13,0.00,25.28
-9.19,2.24,-0.18,2.70,0.81,2.24,0.00,25.27
-9.23,2.31,-0.36,2.39,0.77,2.31,0.00,25.27
-9.37,2.39,-0.45,2.28,0.71,2.37,0.00,25.27
-9.45,2.39,-0.85,1.77,0.63,2.39,0.00,25.26
-9.50,2.39,-0.89,1.55,0.55,2.39,0.00,25.26
-9.59,2.33,-0.87,0.90,0.41,2.33,0.00,25.25
-9.66,2.32,-0.99,0.76,0.34,2.32,0.00,25.25
-9.72,2.29,-1.01,0.91,0.34,2.32,0.00,25.26
-9.76,2.27,-0.89,0.87,0.28,2.29,0.00,25.25
-9.79,2.28,-0.69,0.87,0.24,2.27,0.00,25.25
-9.83,2.23,-0.48,0.86,0.17,2.23,0.00,25.25
-9.83,2.17,-0.29,0.41,0.17,2.17,0.00,25.25
-9.85,2.11,-0.17,0.29,0.17,2.17,0.00,25.25
-9.85,2.03,-0.19,0.25,0.15,2.11,0.00,25.25
-9.85,1.95,-0.04,0.02,0.15,2.03,0.00,25.25
-9.84,1.86,0.11,-0.29,0.16,1.86,0.00,25.25
-9.82,1.74,0.24,-0.58,0.18,1.74,0.00,25.25
-9.78,1.61,0.30,-0.76,0.18,1.74,0.00,25.25
-9.78,1.50,0.55,-1.07,0.22,1.61,0.00,25.26
-9.78,1.41,0.31,-1.01,0.22,1.50,0.00,25.25
-9.72,1.37,0.52,-0.52,0.28,1.37,0.00,25.25
-9.67,1.33,0.86,-0.10,0.33,1.33,0.00,25.25
-9.63,1.30,0.94,-0.00,0.33,1.33,0.00,25.25
-9.57,1.24,0.92,0.08,0.37,1.30,0.00,25.25
-9.52,1.22,0.98,-0.14,0.43,1.24,0.00,25.25
-9.47,1.20,1.05,0.28,0.53,1.20,0.00,25.25
-9.42,1.19,1.13,0.37,0.58,1.19,0.00,25.25
-9.37,1.20,1.14,0.38,0.58,1.19,0.00,25.25
-9.33,1.17,1.09,0.61,0.63,1.20,0.00,25.25
-9.28,1.14,1.08,0.38,0.67,1.17,0.00,25.25
-9.24,1.18,1.12,0.65,0.76,1.18,0.00,25.26
-9.19,1.23,1.16,1.18,0.81,1.23,0.00,25.26
-9.17,1.30,1.17,1.28,0.81,1.23,0.00,25.26
-9.14,1.42,0.92,1.55,0.83,1.30,0.00,25.26
-9.13,1.51,0.95,2.11,0.86,1.42,0.00,25.28
-9.13,1.51,0.73,2.37,0.87,1.51,0.00,25.27
-9.12,1.62,0.73,2.48,0.88,1.62,0.00,25.27
-9.09,1.78,0.80,2.48,0.91,1.71,0.00,25.27
-9.08,1.87,0.72,2.34,0.91,1.78,0.00,25.27
-9.11,1.95,0.69,2.37,0.92,1.87,0.00,25.27
-9.11,1.95,0.07,2.19,0.89,1.95,0.00,25.26
-9.16,2.01,-0.11,2.15,0.84,2.01,0.00,25.27
-9.20,2.15,-0.07,2.22,0.82,2.08,0.00,25.27
-9.25,2.18,0.02,2.24,0.80,2.15,0.00,25.27
-9.31,2.26,-0.20,1.90,0.75,2.18,0.00,25.26
-9.32,2.35,-0.20,2.48,0.68,2.35,0.00,25.28
-9.32,2.35,-0.06,2.54,0.68,2.35,0.00,25.27
-9.42,2.47,-0.12,2.45,0.63,2.42,0.00,25.27
-9.48,2.45,-0.37,2.32,0.58,2.47,0.00,25.27
-9.53,2.45,-0.51,1.67,0.52,2.45,0.00,25.25
-9.59,2.40,-0.62,1.08,0.41,2.40,0.00,25.25
-9.63,2.36,-0.57,0.67,0.37,2.36,0.00,25.25
-9.68,2.34,-0.47,0.64,0.37,2.36,0.00,25.25
-9.74,2.34,-0.55,0.77,0.32,2.34,0.00,25.25
-9.82,2.30,-0.76,1.14,0.26,2.34,0.00,25.26
-9.87,2.24,-0.91,0.53,0.13,2.24,0.00,25.25
-9.92,2.19,-0.82,0.31,0.08,2.19,0.00,25.25
-9.98,2.12,-0.81,0.30,0.08,2.19,0.00,25.25
-10.02,2.03,-0.87,0.28,0.02,2.12,0.00,25.25
-10.07,1.92,-0.79,-0.07,-0.02,2.03,0.00,25.25
-10.07,1.84,-0.48,-0.44,-0.07,1.84,0.00,25.25
-10.07,1.75,-0.21,-0.46,-0.07,1.75,0.00,25.25
-10.08,1.69,-0.18,-0.50,-0.07,1.75,0.00,25.25
-10.09,1.64,-0.14,-0.23,-0.08,1.69,0.00,25.25
-10.09,1.59,-0.22,-0.06,-0.09,1.64,0.00,25.25
-10.08,1.52,-0.06,-0.16,-0.08,1.52,0.00,25.25
-10.08,1.49,-0.02,-0.02,-0.08,1.49,0.00,25.25
-10.08,1.48,-0.04,0.15,-0.08,1.49,0.00,25.25
-10.07,1.47,-0.04,0.43,-0.08,1.48,0.00,25.25
-10.05,1.51,0.02,0.55,-0.07,1.47,0.00,25.25
-10.03,1.54,0.25,1.18,-0.03,1.54,0.00,25.25
-10.00,1.53,0.37,1.03,0.00,1.53,0.00,25.25
-9.96,1.53,0.43,0.85,0.00,1.53,0.00,25.25
-9.95,1.51,0.51,0.78,0.04,1.53,0.00,25.25
-9.91,1.50,0.42,0.63,0.05,1.51,0.00,25.25
-9.91,1.50,0.51,0.86,0.09,1.50,0.00,25.25
-9.89,1.52,0.44,1.13,0.11,1.52,0.00,25.25
-9.84,1.58,0.43,1.18,0.14,1.55,0.00,25.25
-9.82,1.66,0.41,1.21,0.16,1.58,0.00,25.25
-9.81,1.70,0.40,1.70,0.18,1.66,0.00,25.27
-9.81,1.70,0.28,1.91,0.19,1.70,0.00,25.26
-9.81,1.78,0.21,2.02,0.19,1.78,0.00,25.26
-9.82,1.89,0.18,1.94,0.20,1.84,0.00,25.26
-9.82,1.93,-0.02,1.83,0.18,1.89,0.00,25.26
-9.81,1.94,0.01,1.78,0.18,1.93,0.00,25.26
-9.80,1.98,0.17,1.50,0.20,1.98,0.00,25.26
-9.81,1.99,0.16,1.48,0.19,1.99,0.00,25.26
-9.82,1.99,0.12,1.41,0.19,1.99,0.00,25.25
-9.84,2.03,-0.04,1.17,0.18,1.99,0.00,25.25
-9.86,2.09,-0.12,1.46,0.16,2.03,0.00,25.26
-9.90,2.12,-0.38,1.75,0.10,2.12,0.00,25.26
-9.93,2.11,-0.45,1.43,0.07,2.11,0.00,25.25
-9.97,2.12,-0.43,1.22,0.07,2.11,0.00,25.25
-9.97,2.14,-0.50,1.12,0.03,2.12,0.00,25.25
-9.99,2.11,-0.26,1.35,0.03,2.14,0.00,25.26
-10.01,2.03,-0.34,0.41,-0.01,2.03,0.00,25.25
-10.02,1.96,-0.32,-0.02,-0.02,1.96,0.00,25.25
-10.04,1.93,-0.27,-0.04,-0.02,1.96,0.00,25.25
-10.05,1.92,-0.32,0.33,-0.04,1.93,0.00,25.25
-10.05,1.92,-0.26,0.59,-0.05,1.92,0.00,25.25
-10.05,1.93,-0.04,0.94,-0.05,1.93,0.00,25.25
-10.06,1.97,0.00,1.04,-0.05,1.93,0.00,25.25
-10.06,2.01,-0.11,1.52,-0.06,1.97,0.00,25.26
-10.06,2.02,-0.03,1.59,-0.06,2.01,0.00,25.26
-10.06,2.00,-0.03,1.43,-0.06,2.02,0.00,25.25
-10.05,2.03,0.05,1.24,-0.05,2.03,0.00,25.25
-10.04,2.00,0.11,1.09,-0.04,2.00,0.00,25.25
-10.01,1.98,0.11,0.85,-0.04,2.00,0.00,25.25
-9.99,1.98,0.31,0.80,-0.01,1.98,0.00,25.25
-9.98,1.98,0.35,0.93,0.01,1.98,0.00,25.25
-9.98,2.01,0.15,1.23,0.02,2.01,0.00,25.26
-9.99,2.03,-0.03,1.45,0.01,2.03,0.00,25.26
-10.01,2.08,-0.12,1.43,0.01,2.03,0.00,25.26
-10.00,2.08,-0.15,1.64,-0.01,2.08,0.00,25.26
-10.00,2.07,-0.02,1.42,0.00,2.08,0.00,25.25
-10.00,2.06,-0.06,1.10,0.00,2.06,0.00,25.25
-10.02,2.03,-0.07,1.09,0.00,2.06,0.00,25.25
-10.00,2.03,-0.20,0.78,-0.02,2.03,0.00,25.25
-10.01,2.03,-0.04,0.89,-0.00,2.03,0.00,25.25
-10.00,2.03,0.01,1.06,-0.01,2.03,0.00,25.25
-9.99,2.06,0.10,1.23,0.01,2.06,0.00,25.26
-9.99,2.09,0.09,1.46,0.01,2.09,0.00,25.26
-9.98,2.09,0.07,1.48,0.01,2.09,0.00,25.26
-9.98,2.13,0.13,1.31,0.02,2.09,0.00,25.25
-9.97,2.13,0.07,1.55,0.02,2.13,0.00,25.26
-9.97,2.12,0.12,1.20,0.03,2.12,0.00,25.25
-9.99,2.10,-0.06,0.99,0.01,2.10,0.00,25.25
-10.01,2.10,-0.18,0.90,0.01,2.10,0.00,25.25
-10.02,2.12,-0.28,1.04,-0.01,2.10,0.00,25.25
-10.01,2.14,-0.15,1.25,-0.02,2.12,0.00,25.26
-10.02,2.12,-0.08,1.17,-0.02,2.12,0.00,25.25
-10.01,2.17,-0.05,1.31,-0.01,2.17,0.00,25.26
-10.03,2.21,0.02,1.55,-0.01,2.17,0.00,25.26
-10.04,2.21,-0.14,1.75,-0.03,2.21,0.00,25.26
-10.05,2.19,-0.19,1.49,-0.04,2.21,0.00,25.25
-10.05,2.19,-0.13,0.84,-0.05,2.19,0.00,25.25
-10.05,2.15,0.04,0.76,-0.05,2.15,0.00,25.25
-10.02,2.12,0.13,0.86,-0.04,2.14,0.00,25.25
-10.03,2.08,0.14,0.86,-0.02,2.12,0.00,25.25
-10.03,2.06,0.05,0.69,-0.03,2.08,0.00,25.25
-10.03,2.06,0.05,0.97,-0.03,2.06,0.00,25.25
-10.02,2.08,0.32,1.44,-0.02,2.08,0.00,25.26
-9.96,2.12,0.45,1.63,0.02,2.12,0.00,25.26
-9.96,2.09,0.38,1.34,0.04,2.12,0.00,25.25
-9.97,2.10,0.19,0.99,0.04,2.09,0.00,25.25
-9.95,2.07,0.12,0.98,0.05,2.07,0.00,25.25
-9.95,2.07,0.21,0.85,0.05,2.07,0.00,25.25
-9.92,2.04,0.23,0.85,0.06,2.06,0.00,25.25
-9.92,2.06,0.33,0.88,0.08,2.04,0.00,25.25
-9.93,2.05,0.12,1.08,0.08,2.06,0.00,25.25
-9.93,2.05,-0.03,1.11,0.07,2.05,0.00,25.25
-9.92,2.07,0.07,1.15,0.08,2.07,0.00,25.25
-9.93,2.09,0.14,1.22,0.08,2.07,0.00,25.25
-9.93,2.07,0.00,1.28,0.07,2.09,0.00,25.25
-9.92,2.09,-0.03,1.10,0.07,2.07,0.00,25.25
-9.92,2.09,0.06,1.23,0.08,2.09,0.00,25.25
-9.92,2.09,0.05,1.21,0.08,2.09,0.00,25.25
-9.91,2.08,0.13,1.15,0.08,2.09,0.00,25.25
-9.93,2.07,0.08,0.99,0.09,2.08,0.00,25.25
-9.93,2.07,-0.08,1.05,0.07,2.07,0.00,25.25
-9.92,2.08,0.05,1.06,0.08,2.08,0.00,25.25
-9.94,2.08,-0.08,1.08,0.06,2.08,0.00,25.25
-9.93,2.10,-0.18,1.10,0.06,2.08,0.00,25.25
-9.93,2.12,0.02,1.26,0.07,2.10,0.00,25.26
-9.93,2.17,0.04,1.39,0.07,2.12,0.00,25.26
-9.94,2.13,-0.02,1.25,0.06,2.13,0.00,25.25
-9.94,2.13,0.00,0.97,0.06,2.13,0.00,25.25
-9.93,2.10,0.06,1.06,0.06,2.13,0.00,25.25
-9.91,2.10,0.12,0.92,0.07,2.10,0.00,25.25
-9.93,2.04,0.22,0.97,0.09,2.10,0.00,25.25
-9.93,2.04,0.05,0.66,0.07,2.04,0.00,25.25
-9.92,2.00,0.08,0.77,0.07,2.04,0.00,25.25
-9.94,1.98,0.03,0.63,0.08,2.00,0.00,25.25
-9.96,1.96,-0.18,0.65,0.06,1.98,0.00,25.25
-9.97,1.93,-0.21,0.69,0.04,1.96,0.00,25.25
-9.98,1.88,-0.16,0.48,0.02,1.88,0.00,25.25
-9.98,1.80,-0.13,0.06,0.02,1.80,0.00,25.25
-9.99,1.78,-0.13,-0.16,0.02,1.80,0.00,25.25
-10.00,1.77,-0.05,0.20,0.01,1.78,0.00,25.25
-9.99,1.76,-0.11,0.49,0.00,1.77,0.00,25.25
-9.99,1.74,0.02,0.69,0.01,1.74,0.00,25.25
-9.97,1.71,0.12,0.52,0.03,1.71,0.00,25.25
-9.95,1.68,0.22,0.45,0.03,1.71,0.00,25.25
-9.92,1.66,0.31,0.43,0.05,1.68,0.00,25.25
-9.90,1.64,0.36,0.46,0.08,1.66,0.00,25.25
-9.90,1.60,0.29,0.44,0.10,1.60,0.00,25.25
-9.90,1.60,0.11,0.47,0.10,1.60,0.00,25.25
-9.87,1.58,0.05,0.59,0.10,1.60,0.00,25.25
-9.84,1.58,0.31,0.61,0.13,1.58,0.00,25.25
-9.84,1.56,0.46,0.71,0.16,1.58,0.00,25.25
-9.84,1.57,0.28,0.75,0.16,1.57,0.00,25.25
-9.84,1.57,0.23,0.84,0.16,1.57,0.00,25.25
-9.84,1.53,0.13,0.81,0.16,1.57,0.00,25.25
-9.84,1.53,0.08,0.54,0.16,1.53,0.00,25.25
-9.83,1.56,0.14,0.60,0.16,1.53,0.00,25.25
-9.84,1.58,0.08,1.11,0.16,1.58,0.00,25.25
-9.84,1.58,0.03,1.00,0.16,1.58,0.00,25.25
-9.84,1.62,0.07,0.90,0.16,1.58,0.00,25.25
-9.84,1.66,0.09,1.22,0.16,1.62,0.00,25.26
-9.84,1.61,0.11,1.36,0.16,1.66,0.00,25.26
-9.83,1.61,0.14,0.69,0.17,1.61,0.00,25.25
-9.81,1.62,0.34,0.85,0.19,1.62,0.00,25.25
-9.79,1.66,0.40,0.97,0.19,1.62,0.00,25.25
-9.80,1.63,0.38,1.18,0.21,1.66,0.00,25.26
-9.81,1.62,0.15,0.77,0.20,1.63,0.00,25.25
-9.81,1.62,-0.00,0.74,0.19,1.62,0.00,25.25
-9.84,1.58,0.00,0.76,0.19,1.62,0.00,25.25
-9.87,1.61,-0.17,0.44,0.16,1.58,0.00,25.25
-9.88,1.59,-0.26,0.84,0.13,1.61,0.00,25.25
-9.87,1.63,-0.20,0.76,0.12,1.59,0.00,25.25
-9.87,1.63,-0.03,1.35,0.13,1.63,0.00,25.26
-9.89,1.72,-0.09,1.55,0.11,1.72,0.00,25.26
-9.90,1.73,-0.08,1.55,0.11,1.72,0.00,25.26
-9.90,1.74,-0.09,1.32,0.10,1.73,0.00,25.25
-9.93,1.74,0.01,1.28,0.10,1.74,0.00,25.25
-9.93,1.74,-0.25,0.94,0.07,1.74,0.00,25.25
-9.95,1.73,-0.20,0.81,0.05,1.73,0.00,25.25
-9.96,1.70,-0.14,0.84,0.05,1.73,0.00,25.25
-9.96,1.69,-0.12,0.71,0.04,1.70,0.00,25.25
-9.99,1.69,-0.05,0.70,0.04,1.69,0.00,25.25
-9.99,1.69,-0.22,0.78,0.01,1.69,0.00,25.25
-9.99,1.69,-0.24,0.65,0.01,1.69,0.00,25.25
-10.02,1.66,-0.31,0.55,-0.02,1.66,0.00,25.25
-10.05,1.63,-0.20,0.64,-0.02,1.66,0.00,25.25
-10.06,1.67,-0.35,0.53,-0.05,1.63,0.00,25.25
-10.10,1.65,-0.38,0.91,-0.10,1.65,0.00,25.25
-10.10,1.63,-4.62,-3.59,-10.10,-8.37,0.00,25.45
-10.13,1.60,-5.16,-4.21,-10.10,-8.37,0.00,25.45
-10.13,1.63,-5.53,-4.63,-10.13,-8.40,0.00,25.47
-10.12,1.63,-5.51,-4.35,-10.13,-8.37,0.00,25.43
-10.12,1.68,-5.40,-4.06,-10.12,-8.32,0.00,25.41
-10.07,1.76,-5.10,-3.59,-10.07,-8.24,0.00,25.38
-10.00,1.93,-4.86,-3.44,-10.07,-8.24,0.00,25.37
-9.92,2.09,-4.55,-2.53,-10.00,-8.07,0.00,25.33
-9.83,2.25,-4.30,-2.06,-9.92,-7.91,0.00,25.32
-9.79,2.33,-4.22,-2.17,-9.79,-7.67,0.00,25.34
-9.65,2.40,-3.82,-2.66,-9.65,-7.60,0.00,25.32
-9.46,2.50,-3.41,-2.77,-9.65,-7.60,0.00,25.31
-9.27,2.64,-2.76,-2.57,-9.46,-7.50,0.00,25.29
-9.03,2.88,-2.07,-1.94,-9.27,-7.36,0.00,25.27
-9.03,2.88,-1.97,-0.66,-9.03,-7.12,0.00,25.27
-8.90,3.09,-2.23,-0.25,-8.90,-6.91,0.00,25.27
-8.55,3.58,-2.05,-0.09,-8.73,-6.68,0.00,25.26
-8.31,3.87,-1.90,0.28,-8.55,-6.42,0.00,25.26
-8.07,4.19,-1.32,0.76,-8.31,-6.13,0.00,25.26
-8.07,4.19,-0.37,1.96,-8.07,-5.81,0.00,25.27
-7.51,4.91,0.25,2.73,-7.51,-5.09,0.00,25.28
-7.28,5.28,0.37,2.89,-7.51,-5.09,0.00,25.28
-7.03,5.65,0.14,3.14,-7.28,-4.72,0.00,25.29
-6.82,6.04,0.15,3.45,-7.03,-4.35,0.00,25.30
-6.59,6.39,-0.01,3.80,-6.59,-3.61,0.00,25.30
-6.33,6.80,0.32,4.10,-6.33,-3.20,0.00,25.32
-6.02,7.30,0.53,4.33,-6.33,-3.20,0.00,25.33
-5.78,7.75,1.14,5.45,-6.02,-2.70,0.00,25.41
-5.63,8.17,0.91,5.73,-5.78,-2.25,0.00,25.39
-5.46,8.60,0.00,5.93,-5.46,-1.40,0.00,25.39
-5.27,9.03,0.06,6.13,-5.27,-0.97,0.00,25.40
-5.08,9.41,0.13,6.20,-5.27,-0.97,0.00,25.40
-4.96,9.73,0.20,5.97,-5.08,-0.59,0.00,25.38
-4.80,10.09,-0.20,5.50,-4.96,-0.27,0.00,25.35
-4.59,10.48,-0.16,5.65,-4.80,0.09,0.00,25.37
-4.47,10.84,0.18,6.16,-4.47,0.84,0.00,25.40
-4.34,11.16,-0.11,6.13,-4.47,0.84,0.00,25.39
-4.18,11.43,-0.26,5.90,-4.34,1.16,0.00,25.37
-4.03,11.70,0.00,5.43,-4.18,1.43,0.00,25.35
-3.90,11.90,0.08,4.81,-3.90,1.90,0.00,25.32
-3.79,12.05,-0.13,4.07,-3.79,2.05,0.00,25.30
-3.70,12.21,-0.23,3.79,-3.79,2.05,0.00,25.30
-3.60,12.31,-0.39,3.77,-3.70,2.21,0.00,25.30
-3.50,12.39,-0.38,3.15,-3.60,2.31,0.00,25.28
-3.40,12.46,-0.34,2.61,-3.40,2.46,0.00,25.27
-3.40,12.46,-0.38,2.54,-3.40,2.46,0.00,25.27
-3.21,12.56,-0.37,2.60,-3.31,2.54,0.00,25.27
-3.12,12.58,-0.37,2.05,-3.21,2.56,0.00,25.26
-3.03,12.61,-0.37,1.82,-3.12,2.58,0.00,25.26
-2.92,12.66,-0.09,2.02,-2.92,2.66,0.00,25.26
-2.80,12.64,0.15,1.67,-2.80,2.64,0.00,25.25
-2.70,12.57,0.18,1.37,-2.80,2.64,0.00,25.25
-2.56,12.56,0.18,0.82,-2.70,2.57,0.00,25.25
-2.42,12.51,0.48,0.98,-2.56,2.56,0.00,25.25
-2.42,12.51,0.63,0.49,-2.42,2.51,0.00,25.25
-2.30,12.43,0.64,-0.07,-2.30,2.43,0.00,25.25
-2.05,12.26,0.70,-0.32,-2.17,2.32,0.00,25.25
-1.93,12.21,0.65,-0.06,-2.05,2.26,0.00,25.25
-1.80,12.14,0.67,0.15,-1.93,2.21,0.00,25.25
-1.67,12.10,0.96,0.29,-1.67,2.10,0.00,25.25
-1.53,12.05,1.11,0.36,-1.53,2.05,0.00,25.25
-1.39,11.99,1.19,0.32,-1.53,2.05,0.00,25.25
-1.26,11.93,1.36,0.12,-1.39,1.99,0.00,25.26
-1.12,11.92,1.33,0.15,-1.26,1.93,0.00,25.25
-1.00,11.84,1.42,0.26,-1.00,1.84,0.00,25.25
-0.86,11.75,1.44,-0.19,-0.86,1.75,0.00,25.26
-0.72,11.69,1.51,-0.36,-0.86,1.75,0.00,25.26
-0.60,11.60,1.63,-0.22,-0.72,1.69,0.00,25.26
-0.51,11.52,1.51,-0.41,-0.60,1.60,0.00,25.26
-0.41,11.48,1.32,-0.22,-0.41,1.48,0.00,25.25
-0.32,11.41,1.23,-0.16,-0.32,1.41,0.00,25.25
-0.22,11.35,1.19,-0.22,-0.32,1.41,0.00,25.25
-0.16,11.27,1.38,-0.24,-0.22,1.35,0.00,25.26
-0.09,11.23,1.03,-0.45,-0.16,1.27,0.00,25.25
-0.02,11.22,1.00,0.13,-0.02,1.22,0.00,25.25
-0.02,11.22,1.05,0.48,-0.02,1.22,0.00,25.25
0.10,11.21,1.06,0.58,0.05,1.22,0.00,25.25
0.15,11.21,0.95,0.51,0.10,1.21,0.00,25.25
0.19,11.26,0.89,0.59,0.15,1.21,0.00,25.25
0.23,11.33,0.78,1.34,0.23,1.33,0.00,25.26
0.24,11.35,0.60,1.43,0.24,1.35,0.00,25.25
0.23,11.38,0.45,1.25,0.24,1.35,0.00,25.25
0.23,11.38,0.31,1.26,0.23,1.38,0.00,25.25
0.23,11.37,0.21,1.00,0.23,1.38,0.00,25.25
0.23,11.37,-0.07,1.15,0.23,1.37,0.00,25.26
0.20,11.44,-0.29,1.64,0.20,1.44,0.00,25.26
0.14,11.57,-0.35,1.72,0.18,1.51,0.00,25.26
0.11,11.66,-0.39,1.83,0.14,1.57,0.00,25.26
0.08,11.75,-0.41,2.04,0.11,1.66,0.00,25.27
0.03,11.81,-0.54,2.16,0.03,1.81,0.00,25.27
-0.04,11.85,-0.87,1.86,-0.04,1.85,0.00,25.26
-0.11,11.83,-1.01,1.72,-0.04,1.85,0.00,25.26
-0.19,11.80,-1.12,1.18,-0.11,1.83,0.00,25.26
-0.22,11.78,-1.22,0.74,-0.19,1.80,0.00,25.25
-0.26,11.74,-0.85,0.53,-0.26,1.74,0.00,25.25
-0.33,11.74,-0.96,0.61,-0.33,1.74,0.00,25.25
-0.42,11.73,-1.11,0.75,-0.33,1.74,0.00,25.26
-0.47,11.72,-1.29,0.77,-0.42,1.73,0.00,25.26
-0.53,11.78,-1.22,0.77,-0.47,1.72,0.00,25.25
-0.60,11.79,-1.30,1.35,-0.60,1.79,0.00,25.26
-0.69,11.80,-1.53,1.13,-0.69,1.80,0.00,25.26
-0.76,11.78,-1.62,1.01,-0.69,1.80,0.00,25.26
-0.79,11.73,-1.59,0.72,-0.76,1.78,0.00,25.26
-0.82,11.66,-1.11,0.32,-0.79,1.73,0.00,25.25
-0.87,11.59,-1.03,-0.05,-0.87,1.59,0.00,25.25
-0.91,11.51,-1.07,-0.24,-0.91,1.51,0.00,25.25
-0.94,11.49,-1.08,-0.33,-0.91,1.51,0.00,25.25
-0.97,11.45,-1.04,-0.00,-0.94,1.49,0.00,25.25
-0.99,11.43,-1.03,0.13,-0.97,1.45,0.00,25.25
-0.99,11.39,-0.80,0.22,-0.99,1.39,0.00,25.25
-0.99,11.39,-0.66,0.43,-0.99,1.39,0.00,25.25
-0.97,11.38,-0.64,0.59,-0.99,1.39,0.00,25.25
-0.97,11.33,-0.44,0.58,-0.97,1.38,0.00,25.25
-0.98,11.27,-0.45,0.09,-0.97,1.33,0.00,25.25
-0.98,11.27,-0.49,0.06,-0.98,1.27,0.00,25.25
-0.96,11.25,-0.20,0.27,-0.96,1.25,0.00,25.25
-0.90,11.23,-0.10,0.33,-0.93,1.23,0.00,25.25
-0.87,11.25,-0.03,0.50,-0.90,1.23,0.00,25.25
-0.82,11.28,0.01,0.71,-0.87,1.25,0.00,25.25
-0.82,11.28,0.02,1.25,-0.82,1.28,0.00,25.26
-0.80,11.34,-0.18,1.61,-0.80,1.34,0.00,25.26
-0.78,11.50,-0.25,1.69,-0.80,1.40,0.00,25.26
-0.76,11.56,-0.19,2.00,-0.78,1.50,0.00,25.27
-0.74,11.59,-0.18,1.93,-0.76,1.56,0.00,25.26
-0.71,11.65,-0.08,1.71,-0.71,1.65,0.00,25.26
-0.68,11.71,0.09,1.82,-0.68,1.71,0.00,25.26
-0.63,11.74,0.18,1.84,-0.68,1.71,0.00,25.26
-0.60,11.79,0.31,1.60,-0.63,1.74,0.00,25.26
-0.60,11.78,0.21,1.69,-0.60,1.79,0.00,25.26
-0.61,11.85,-0.28,1.51,-0.61,1.85,0.00,25.26
-0.61,11.87,-0.34,1.65,-0.61,1.87,0.00,25.26
-0.61,11.90,-0.30,1.55,-0.61,1.87,0.00,25.26
-0.61,11.92,-0.38,1.50,-0.61,1.90,0.00,25.26
-0.60,11.93,-0.40,1.39,-0.61,1.92,0.00,25.25
-0.59,11.96,-0.20,1.38,-0.59,1.96,0.00,25.26
-0.60,11.99,-0.30,1.46,-0.60,1.99,0.00,25.26
-0.61,12.03,-0.40,1.49,-0.60,1.99,0.00,25.26
-0.60,12.07,-0.40,1.58,-0.61,2.03,0.00,25.26
-0.60,12.07,-0.30,1.64,-0.60,2.07,0.00,25.26
-0.60,12.05,-0.34,1.20,-0.60,2.05,0.00,25.25
-0.60,12.07,-0.39,1.06,-0.60,2.05,0.00,25.25
-0.59,12.05,-0.37,1.20,-0.60,2.07,0.00,25.25
-0.57,12.04,-0.25,1.09,-0.59,2.05,0.00,25.25
-0.54,12.09,-0.13,0.97,-0.57,2.04,0.00,25.25
-0.53,12.08,-0.04,1.31,-0.53,2.08,0.00,25.25
-0.52,12.05,-0.06,1.17,-0.53,2.08,0.00,25.25
-0.49,12.03,-0.06,0.89,-0.52,2.05,0.00,25.25
-0.46,12.03,0.05,0.79,-0.49,2.03,0.00,25.25
-0.43,12.01,0.11,0.94,-0.46,2.03,0.00,25.25
-0.41,11.96,0.17,0.65,-0.41,1.96,0.00,25.25
-0.41,11.96,0.15,0.42,-0.41,1.96,0.00,25.25
-0.37,11.91,0.12,0.42,-0.38,1.93,0.00,25.25
-0.37,11.89,0.05,0.58,-0.37,1.91,0.00,25.25
-0.35,11.83,-0.02,0.62,-0.37,1.89,0.00,25.25
-0.34,11.78,-0.05,0.34,-0.35,1.83,0.00,25.25
-0.32,11.80,0.10,0.58,-0.32,1.80,0.00,25.25
-0.31,11.78,0.18,0.86,-0.32,1.80,0.00,25.25
-0.30,11.76,0.01,0.79,-0.31,1.78,0.00,25.25
-0.29,11.74,0.02,0.74,-0.30,1.76,0.00,25.25
-0.29,11.74,-0.03,0.68,-0.29,1.74,0.00,25.25
-0.29,11.73,-0.09,0.83,-0.29,1.74,0.00,25.25
-0.29,11.74,-0.14,0.77,-0.29,1.73,0.00,25.25
-0.28,11.73,-0.14,0.90,-0.29,1.74,0.00,25.25
-0.26,11.72,0.04,0.89,-0.28,1.73,0.00,25.25
-0.24,11.71,0.10,0.75,-0.24,1.71,0.00,25.25
-0.23,11.73,0.09,0.99,-0.23,1.73,0.00,25.25
-0.20,11.74,0.05,1.16,-0.23,1.73,0.00,25.25
-0.20,11.71,0.20,1.11,-0.20,1.74,0.00,25.25
-0.18,11.69,0.06,0.75,-0.20,1.71,0.00,25.25
-0.15,11.69,0.22,0.70,-0.15,1.69,0.00,25.25
-0.15,11.66,0.15,0.68,-0.15,1.66,0.00,25.25
-0.15,11.66,0.04,0.62,-0.15,1.66,0.00,25.25
-0.15,11.65,-0.02,0.77,-0.15,1.66,0.00,25.25
-0.15,11.67,-0.01,0.77,-0.15,1.65,0.00,25.25
-0.15,11.67,0.00,1.12,-0.15,1.67,0.00,25.25
-0.13,11.73,0.05,1.33,-0.13,1.73,0.00,25.25
-0.13,11.70,0.05,1.35,-0.13,1.73,0.00,25.25
-0.12,11.68,-0.02,0.92,-0.13,1.70,0.00,25.25
-0.11,11.66,0.02,0.71,-0.12,1.68,0.00,25.25
-0.11,11.66,0.14,0.80,-0.11,1.66,0.00,25.25
-0.09,11.67,0.12,0.62,-0.09,1.67,0.00,25.25
-0.08,11.60,0.05,0.37,-0.09,1.62,0.00,25.25
-0.07,11.61,0.09,0.43,-0.08,1.60,0.00,25.25
-0.07,11.61,0.08,0.75,-0.07,1.61,0.00,25.25
-0.07,11.61,-0.09,1.11,-0.07,1.61,0.00,25.25
-0.08,11.65,-0.30,1.15,-0.08,1.65,0.00,25.25
-0.13,11.68,-0.42,1.00,-0.11,1.65,0.00,25.25
-0.15,11.71,-0.38,1.19,-0.13,1.68,0.00,25.25
-0.18,11.71,-0.42,1.24,-0.15,1.71,0.00,25.25
-0.20,11.67,-0.47,0.76,-0.20,1.67,0.00,25.25
-0.22,11.68,-0.52,0.74,-0.22,1.68,0.00,25.25
-0.24,11.72,-0.53,0.88,-0.22,1.68,0.00,25.25
-0.25,11.67,-0.41,1.18,-0.24,1.72,0.00,25.26
-0.26,11.65,-0.34,0.45,-0.25,1.67,0.00,25.25
-0.25,11.62,-0.13,0.53,-0.25,1.62,0.00,25.25
-0.23,11.65,0.07,0.82,-0.23,1.65,0.00,25.25
-0.24,11.64,0.11,1.03,-0.23,1.65,0.00,25.25
-0.23,11.68,-0.09,0.90,-0.24,1.64,0.00,25.25
-0.24,11.68,-0.06,1.18,-0.23,1.68,0.00,25.26
-0.25,11.64,-0.25,0.72,-0.25,1.64,0.00,25.25
-0.26,11.63,-0.27,0.52,-0.26,1.63,0.00,25.25
-0.26,11.61,-0.24,0.62,-0.26,1.63,0.00,25.25
-0.29,11.59,-0.19,0.58,-0.26,1.61,0.00,25.25
-0.32,11.56,-0.42,0.57,-0.29,1.59,0.00,25.25
-0.31,11.54,-0.36,0.43,-0.31,1.54,0.00,25.25
-0.30,11.52,-0.15,0.45,-0.30,1.52,0.00,25.25
-0.30,11.55,-0.06,0.48,-0.30,1.52,0.00,25.25
-0.28,11.52,-0.07,0.89,-0.30,1.55,0.00,25.25
-0.28,11.54,0.01,0.68,-0.28,1.52,0.00,25.25
-0.26,11.53,0.00,0.83,-0.26,1.53,0.00,25.25
-0.26,11.51,0.03,0.60,-0.26,1.51,0.00,25.25
-0.25,11.48,-0.04,0.52,-0.26,1.51,0.00,25.25
-0.26,11.49,-0.02,0.44,-0.25,1.48,0.00,25.25
-0.26,11.49,-0.04,0.74,-0.26,1.49,0.00,25.25
-0.24,11.43,-0.01,0.37,-0.24,1.43,0.00,25.25
-0.25,11.40,-0.12,0.12,-0.25,1.40,0.00,25.25
-0.25,11.45,-0.24,0.21,-0.25,1.40,0.00,25.25
-0.24,11.45,-0.23,0.85,-0.25,1.45,0.00,25.25
-0.21,11.45,-0.09,0.91,-0.24,1.45,0.00,25.25
-0.20,11.47,0.12,0.85,-0.21,1.45,0.00,25.25
-0.23,11.45,0.10,0.93,-0.20,1.47,0.00,25.25
-0.25,11.46,-0.23,0.71,-0.23,1.45,0.00,25.25
-0.25,11.45,-0.30,0.80,-0.25,1.46,0.00,25.25
-0.23,11.47,-0.21,0.72,-0.25,1.45,0.00,25.25
-0.23,11.46,-0.03,0.84,-0.23,1.46,0.00,25.25
-0.22,11.45,-0.05,0.75,-0.23,1.46,0.00,25.25
-0.22,11.43,-0.06,0.70,-0.22,1.45,0.00,25.25
-0.21,11.45,-0.10,0.57,-0.22,1.43,0.00,25.25
-0.21,11.49,-0.01,0.85,-0.21,1.45,0.00,25.25
-0.20,11.54,-0.01,1.38,-0.20,1.54,0.00,25.26
-0.21,11.55,-0.07,1.34,-0.21,1.55,0.00,25.25
-0.22,11.55,-0.13,1.16,-0.21,1.55,0.00,25.25
-0.24,11.59,-0.33,0.86,-0.22,1.55,0.00,25.25
-0.25,11.62,-0.36,1.16,-0.24,1.59,0.00,25.26
-0.27,11.59,-0.36,0.93,-0.27,1.59,0.00,25.25
-0.27,11.62,-0.31,0.88,-0.27,1.62,0.00,25.25
-0.25,11.66,-0.26,1.09,-0.27,1.62,0.00,25.25
-0.28,11.68,-0.01,1.43,-0.25,1.66,0.00,25.26
-0.29,11.71,-0.27,1.31,-0.28,1.68,0.00,25.25
-0.31,11.70,-0.36,1.12,-0.31,1.70,0.00,25.25
-0.32,11.70,-0.37,0.95,-0.32,1.70,0.00,25.25
-0.33,11.70,-0.36,0.96,-0.32,1.70,0.00,25.25
-0.34,11.70,-0.38,0.97,-0.33,1.70,0.00,25.25
-0.36,11.70,-0.36,0.98,-0.34,1.70,0.00,25.25
-0.39,11.66,-0.54,0.72,-0.39,1.66,0.00,25.25
-0.42,11.65,-0.59,0.57,-0.42,1.65,0.00,25.25
-0.45,11.67,-0.59,0.62,-0.42,1.65,0.00,25.25
-0.48,11.69,-0.71,0.88,-0.45,1.67,0.00,25.25
-0.51,11.69,-0.71,1.08,-0.48,1.69,0.00,25.26
-0.55,11.68,-0.77,0.95,-0.55,1.68,0.00,25.25
-0.57,11.67,-0.73,0.74,-0.57,1.67,0.00,25.25
-0.59,11.65,-0.67,0.67,-0.57,1.67,0.00,25.25
-0.62,11.62,-0.68,0.66,-0.59,1.65,0.00,25.25
-0.65,11.59,-0.76,0.50,-0.62,1.62,0.00,25.25
-0.66,11.55,-0.66,0.39,-0.66,1.55,0.00,25.25
-0.67,11.56,-0.62,0.51,-0.67,1.56,0.00,25.25
-0.71,11.56,-0.65,0.65,-0.67,1.56,0.00,25.25
-0.74,11.53,-0.77,0.73,-0.71,1.56,0.00,25.25
-0.76,11.54,-0.82,0.62,-0.74,1.53,0.00,25.25
-0.79,11.54,-0.82,0.79,-0.79,1.54,0.00,25.25
-0.80,11.51,-0.77,0.60,-0.80,1.51,0.00,25.25
-0.80,11.51,-0.72,0.49,-0.80,1.51,0.00,25.25
-0.81,11.50,-0.56,0.61,-0.80,1.51,0.00,25.25
-0.79,11.50,-0.55,0.70,-0.81,1.50,0.00,25.25
-0.78,11.53,-0.25,0.96,-0.78,1.53,0.00,25.25
-0.79,11.55,-0.34,1.10,-0.79,1.55,0.00,25.25
-0.80,11.57,-0.43,1.09,-0.79,1.55,0.00,25.25
-0.81,11.57,-0.51,1.12,-0.80,1.57,0.00,25.25
-0.80,11.60,-0.53,1.03,-0.81,1.57,0.00,25.25
-0.78,11.61,-0.33,1.11,-0.78,1.61,0.00,25.25
-0.79,11.58,-0.28,1.07,-0.78,1.61,0.00,25.25
-0.80,11.56,-0.40,0.76,-0.79,1.58,0.00,25.25
-0.80,11.53,-0.49,0.59,-0.80,1.56,0.00,25.25
-0.79,11.52,-0.47,0.51,-0.80,1.53,0.00,25.25
-0.79,11.51,-0.40,0.58,-0.79,1.51,0.00,25.25
-0.77,11.52,-0.42,0.62,-0.79,1.51,0.00,25.25
-0.77,11.52,-0.28,0.84,-0.77,1.52,0.00,25.25
-0.75,11.51,-0.32,0.82,-0.77,1.52,0.00,25.25
-0.72,11.47,-0.24,0.74,-0.75,1.51,0.00,25.25
-0.71,11.42,-0.11,0.21,-0.71,1.42,0.00,25.25
-0.70,11.41,-0.18,0.28,-0.70,1.41,0.00,25.25
-0.70,11.36,-0.20,0.45,-0.70,1.41,0.00,25.25
-0.67,11.35,-0.27,0.15,-0.70,1.36,0.00,25.25
-0.67,11.31,-0.16,0.34,-0.67,1.35,0.00,25.25
-0.64,11.32,-0.11,0.47,-0.64,1.32,0.00,25.25
-0.64,11.34,-0.08,0.83,-0.64,1.34,0.00,25.25
-0.63,11.38,-0.14,0.91,-0.64,1.34,0.00,25.25
-0.61,11.37,-0.19,1.15,-0.63,1.38,0.00,25.25
-0.59,11.36,-0.13,0.91,-0.61,1.37,0.00,25.25
-0.55,11.36,0.10,0.69,-0.55,1.36,0.00,25.25
-0.52,11.34,0.21,0.58,-0.52,1.34,0.00,25.25
-0.51,11.31,0.22,0.48,-0.52,1.34,0.00,25.25
-0.53,11.30,0.01,0.39,-0.51,1.31,0.00,25.25
-0.51,11.31,-0.22,0.47,-0.53,1.30,0.00,25.25
-0.50,11.31,-0.15,0.68,-0.50,1.31,0.00,25.25
-0.50,11.28,-0.13,0.77,-0.50,1.31,0.00,25.25
-0.50,11.30,-0.23,0.51,-0.50,1.28,0.00,25.25
-0.52,11.31,-0.25,0.67,-0.50,1.30,0.00,25.25
-0.52,11.30,-0.45,0.80,-0.52,1.31,0.00,25.25
-0.53,11.27,-4.69,0.49,-10.53,1.27,0.00,25.38
-0.55,11.25,-5.61,0.34,-10.55,1.25,0.00,25.38
-0.56,11.23,-5.75,0.36,-10.55,1.25,0.00,25.38
-0.56,11.25,-5.78,0.30,-10.56,1.23,0.00,25.38
-0.54,11.28,-5.73,0.68,-10.56,1.25,0.00,25.37
-0.52,11.33,-5.41,1.14,-10.52,1.33,0.00,25.36
-0.45,11.37,-5.05,1.35,-10.45,1.37,0.00,25.34
-0.34,11.41,-4.84,1.42,-10.45,1.37,0.00,25.34
-0.25,11.46,-4.34,1.43,-10.34,1.41,0.00,25.31
-0.21,11.40,-4.30,1.46,-10.25,1.46,0.00,25.33
-0.09,11.35,-4.25,0.25,-10.09,1.35,0.00,25.31
0.10,11.30,-3.33,-0.03,-9.90,1.30,0.00,25.28
0.34,11.30,-2.86,-0.07,-9.90,1.30,0.00,25.27
0.51,11.32,-2.11,0.35,-9.66,1.30,0.00,25.26
0.63,11.24,-2.18,0.67,-9.49,1.32,0.00,25.27
0.79,11.24,-2.68,0.22,-9.21,1.24,0.00,25.27
1.01,11.25,-2.24,0.59,-8.99,1.25,0.00,25.26
1.26,11.24,-2.02,0.71,-8.99,1.25,0.00,25.26
1.53,11.23,-1.42,0.69,-8.74,1.24,0.00,25.25
1.80,11.23,-0.78,0.60,-8.47,1.23,0.00,25.25
2.09,11.29,-0.17,0.98,-7.91,1.29,0.00,25.25
2.38,11.34,0.26,1.40,-7.62,1.34,0.00,25.26
2.69,11.39,0.37,1.44,-7.62,1.34,0.00,25.26
3.00,11.48,0.68,1.56,-7.31,1.39,0.00,25.26
3.32,11.50,0.86,1.88,-7.00,1.48,0.00,25.27
3.67,11.52,1.41,1.39,-6.33,1.52,0.00,25.26
4.05,11.57,2.11,1.47,-5.95,1.57,0.00,25.28
4.46,11.71,2.41,1.60,-5.95,1.57,0.00,25.29
4.75,11.71,2.93,2.68,-5.54,1.71,0.00,25.32
5.04,11.79,2.15,1.63,-5.25,1.71,0.00,25.27
5.04,11.79,2.02,2.42,-4.96,1.79,0.00,25.29
5.37,11.91,2.39,3.18,-4.63,1.91,0.00,25.32
6.04,12.19,2.59,3.51,-4.30,2.08,0.00,25.33
6.34,12.27,2.94,3.24,-3.96,2.19,0.00,25.32
6.65,12.35,2.71,2.93,-3.66,2.27,0.00,25.30
6.65,12.35,2.86,3.08,-3.35,2.35,0.00,25.32
6.96,12.49,2.91,3.06,-3.04,2.49,0.00,25.31
7.53,12.58,2.90,2.77,-2.75,2.55,0.00,25.30
7.77,12.63,2.83,2.29,-2.47,2.58,0.00,25.29
7.99,12.69,2.63,2.28,-2.23,2.63,0.00,25.29
7.99,12.69,2.44,2.26,-2.01,2.69,0.00,25.29
8.23,12.72,2.65,2.25,-1.77,2.72,0.00,25.30
8.67,12.83,2.79,2.32,-1.52,2.78,0.00,25.30
8.83,12.85,2.56,2.42,-1.33,2.83,0.00,25.29
9.00,12.87,2.15,2.21,-1.17,2.85,0.00,25.28
9.16,12.85,2.01,1.77,-0.84,2.85,0.00,25.27
9.33,12.85,2.01,1.55,-0.67,2.85,0.00,25.27
9.47,12.81,2.01,1.49,-0.67,2.85,0.00,25.27
9.60,12.81,1.92,1.33,-0.53,2.81,0.00,25.27
9.71,12.77,1.89,1.38,-0.40,2.81,0.00,25.27
9.78,12.78,1.42,1.29,-0.22,2.78,0.00,25.26
9.84,12.73,1.09,1.14,-0.16,2.73,0.00,25.25
9.89,12.70,0.99,0.92,-0.16,2.73,0.00,25.25
9.93,12.65,0.82,0.93,-0.11,2.70,0.00,25.25
9.98,12.58,0.74,0.81,-0.07,2.65,0.00,25.25
10.01,12.46,0.61,0.08,0.01,2.46,0.00,25.25
10.03,12.37,0.50,-0.24,0.03,2.37,0.00,25.25
10.07,12.29,0.46,-0.22,0.03,2.37,0.00,25.25
10.10,12.23,0.54,-0.07,0.07,2.29,0.00,25.25
10.09,12.19,0.51,0.03,0.10,2.23,0.00,25.25
10.10,12.13,0.21,0.30,0.10,2.13,0.00,25.25
10.12,12.07,0.28,0.19,0.12,2.07,0.00,25.25
10.13,11.98,0.32,0.12,0.12,2.07,0.00,25.25
10.11,11.86,0.30,-0.18,0.13,1.98,0.00,25.25
10.09,11.76,0.07,-0.51,0.11,1.86,0.00,25.25
10.10,11.67,-0.13,-0.62,0.09,1.76,0.00,25.25
10.06,11.57,-0.16,-0.68,0.06,1.57,0.00,25.25
10.04,11.44,-0.30,-0.69,0.06,1.57,0.00,25.25
10.03,11.31,-0.31,-1.06,0.04,1.44,0.00,25.25
10.01,11.19,-0.22,-1.20,0.03,1.31,0.00,25.25
9.99,11.07,-0.25,-1.35,-0.01,1.07,0.00,25.26
9.99,10.99,-0.11,-1.13,-0.01,0.99,0.00,25.25
9.96,10.97,0.00,-0.95,-0.01,0.99,0.00,25.25
9.92,10.92,-0.27,-0.36,-0.04,0.97,0.00,25.25
9.92,10.87,-0.38,-0.36,-0.08,0.92,0.00,25.25
9.92,10.81,-0.20,-0.35,-0.08,0.81,0.00,25.25
9.93,10.76,-0.03,-0.42,-0.07,0.76,0.00,25.25
9.93,10.71,0.05,-0.42,-0.07,0.76,0.00,25.25
9.90,10.65,-0.00,-0.43,-0.07,0.71,0.00,25.25
9.90,10.62,-0.20,-0.54,-0.10,0.65,0.00,25.25
9.90,10.61,-0.09,-0.14,-0.10,0.61,0.00,25.25
9.90,10.58,-0.09,0.02,-0.10,0.61,0.00,25.25
9.92,10.54,-0.10,-0.04,-0.10,0.58,0.00,25.25
9.93,10.52,0.12,-0.21,-0.08,0.54,0.00,25.25
9.94,10.54,0.13,-0.10,-0.07,0.52,0.00,25.25
9.96,10.58,0.14,0.58,-0.04,0.58,0.00,25.25
9.97,10.62,0.16,0.87,-0.03,0.62,0.00,25.25
9.96,10.65,0.15,0.91,-0.03,0.62,0.00,25.25
9.98,10.72,-0.02,0.87,-0.04,0.65,0.00,25.25
9.99,10.77,0.15,1.22,-0.02,0.72,0.00,25.26
10.00,10.79,0.13,1.06,0.00,0.79,0.00,25.25
10.00,10.85,0.07,1.13,-0.00,0.85,0.00,25.25
9.99,10.89,0.01,1.25,-0.00,0.85,0.00,25.25
9.99,10.89,-0.09,1.19,-0.01,0.89,0.00,25.25
9.99,10.89,-0.07,0.86,-0.01,0.89,0.00,25.25
10.00,10.94,0.01,0.91,-0.00,0.94,0.00,25.25
10.01,10.98,0.11,1.15,0.01,0.98,0.00,25.25
9.99,11.04,0.12,1.16,0.01,0.98,0.00,25.25
9.97,11.10,-0.13,1.33,-0.01,1.04,0.00,25.26
9.96,11.20,-0.18,1.47,-0.03,1.10,0.00,25.26
9.94,11.24,-0.31,1.71,-0.06,1.24,0.00,25.26
9.91,11.27,-0.38,1.38,-0.09,1.27,0.00,25.25
9.90,11.30,-0.44,1.25,-0.09,1.27,0.00,25.25
9.88,11.33,-0.35,1.26,-0.10,1.30,0.00,25.25
9.87,11.35,-0.34,1.18,-0.12,1.33,0.00,25.25
9.86,11.36,-0.27,1.05,-0.14,1.36,0.00,25.25
9.86,11.37,-0.20,0.95,-0.14,1.37,0.00,25.25
9.85,11.39,-0.19,0.91,-0.14,1.37,0.00,25.25
9.84,11.41,-0.25,1.03,-0.15,1.39,0.00,25.25
9.83,11.39,-0.19,1.06,-0.16,1.41,0.00,25.25
9.81,11.39,-0.29,0.68,-0.19,1.39,0.00,25.25
9.82,11.36,-0.22,0.54,-0.18,1.36,0.00,25.25
9.81,11.35,-0.13,0.42,-0.18,1.36,0.00,25.25
9.82,11.33,-0.11,0.47,-0.19,1.35,0.00,25.25
9.82,11.29,-0.12,0.42,-0.18,1.33,0.00,25.25
9.85,11.25,0.12,0.16,-0.15,1.25,0.00,25.25
9.86,11.21,0.16,0.07,-0.14,1.21,0.00,25.25
9.88,11.15,0.15,0.03,-0.14,1.21,0.00,25.25
9.86,11.11,0.20,-0.18,-0.12,1.15,0.00,25.25
9.84,11.07,-0.05,-0.10,-0.14,1.11,0.00,25.25
9.86,11.09,-0.06,0.28,-0.14,1.09,0.00,25.25
9.90,11.04,0.29,0.31,-0.10,1.04,0.00,25.25
9.93,10.99,0.41,0.10,-0.10,1.04,0.00,25.25
9.95,10.99,0.37,-0.10,-0.07,0.99,0.00,25.25
9.96,11.01,0.32,0.24,-0.05,0.99,0.00,25.25
9.96,11.01,0.16,0.82,-0.04,1.01,0.00,25.25
9.97,11.08,0.03,1.09,-0.03,1.08,0.00,25.25
9.97,11.08,0.00,1.13,-0.03,1.08,0.00,25.25
9.99,11.07,0.04,0.86,-0.03,1.08,0.00,25.25
10.00,11.10,0.23,0.53,-0.01,1.07,0.00,25.25
10.00,11.10,0.27,0.81,0.00,1.10,0.00,25.25
10.02,11.10,0.36,0.78,0.02,1.10,0.00,25.25
10.04,11.09,0.38,0.77,0.05,1.12,0.00,25.25
10.05,11.04,0.08,0.52,0.04,1.09,0.00,25.25
10.07,11.02,0.14,0.14,0.05,1.04,0.00,25.25
10.07,11.02,0.33,0.25,0.07,1.02,0.00,25.25
10.10,11.01,0.36,0.52,0.10,1.01,0.00,25.25
10.13,11.02,0.34,0.64,0.11,1.02,0.00,25.25
10.13,11.06,0.31,0.60,0.13,1.02,0.00,25.25
10.15,11.10,0.15,0.92,0.13,1.06,0.00,25.25
10.18,11.13,0.35,1.09,0.18,1.13,0.00,25.25
10.17,11.14,0.20,1.00,0.17,1.14,0.00,25.25
10.17,11.14,0.07,0.95,0.17,1.14,0.00,25.25
10.19,11.14,0.07,0.77,0.17,1.14,0.00,25.25
10.20,11.13,0.32,0.61,0.19,1.14,0.00,25.25
10.20,11.15,0.21,0.71,0.20,1.15,0.00,25.25
10.19,11.15,0.08,0.74,0.19,1.15,0.00,25.25
10.18,11.14,0.04,0.64,0.19,1.15,0.00,25.25
10.18,11.14,0.01,0.55,0.18,1.14,0.00,25.25
10.21,11.13,0.03,0.55,0.18,1.14,0.00,25.25
10.21,11.12,0.28,0.46,0.21,1.12,0.00,25.25
10.22,11.09,0.21,0.36,0.22,1.09,0.00,25.25
10.21,11.08,0.14,0.32,0.22,1.09,0.00,25.25
10.21,11.08,0.08,0.33,0.21,1.08,0.00,25.25
10.23,11.04,0.11,0.47,0.21,1.08,0.00,25.25
10.25,11.03,0.35,0.26,0.25,1.03,0.00,25.25
10.25,11.05,0.28,0.48,0.25,1.05,0.00,25.25
10.23,11.04,0.17,0.60,0.25,1.05,0.00,25.25
10.25,11.05,0.05,0.60,0.23,1.04,0.00,25.25
10.25,11.05,0.16,0.57,0.25,1.05,0.00,25.25
10.25,11.05,0.14,0.61,0.25,1.05,0.00,25.25
10.25,11.05,0.08,0.60,0.25,1.05,0.00,25.25
10.24,11.05,0.13,0.56,0.25,1.05,0.00,25.25
10.22,11.02,0.08,0.57,0.24,1.05,0.00,25.25
10.22,11.02,-0.04,0.30,0.22,1.02,0.00,25.25
10.25,11.02,0.26,0.43,0.25,1.02,0.00,25.25
10.25,11.02,0.31,0.53,0.25,1.02,0.00,25.25
10.24,11.02,0.21,0.57,0.25,1.02,0.00,25.25
10.21,11.00,0.05,0.57,0.24,1.02,0.00,25.25
10.19,11.01,-0.13,0.46,0.21,1.00,0.00,25.25
10.18,10.97,-0.12,0.27,0.18,0.97,0.00,25.25
10.17,10.94,-0.09,0.06,0.17,0.94,0.00,25.25
10.14,10.94,-0.13,0.05,0.17,0.94,0.00,25.25
10.12,10.98,-0.26,0.30,0.14,0.94,0.00,25.25
10.11,11.00,-0.29,0.71,0.12,0.98,0.00,25.25
10.12,11.06,-0.01,1.12,0.12,1.06,0.00,25.25
10.11,11.10,-0.06,1.29,0.11,1.10,0.00,25.25
10.10,11.11,-0.12,1.23,0.11,1.10,0.00,25.25
10.09,11.11,-0.09,1.04,0.10,1.11,0.00,25.25
10.10,11.13,-0.07,0.80,0.09,1.11,0.00,25.25
10.08,11.12,-0.12,0.67,0.08,1.12,0.00,25.25
10.08,11.12,-0.11,0.46,0.08,1.12,0.00,25.25
10.08,11.06,-0.04,0.40,0.07,1.10,0.00,25.25
10.08,11.04,0.05,0.16,0.08,1.06,0.00,25.25
10.07,11.07,0.09,0.17,0.08,1.04,0.00,25.25
10.05,11.12,-0.12,1.03,0.05,1.12,0.00,25.25
10.05,11.12,-0.20,1.44,0.05,1.12,0.00,25.26
10.04,11.23,-0.20,1.57,0.04,1.19,0.00,25.26
10.02,11.27,-0.16,1.45,0.04,1.23,0.00,25.25
10.03,11.30,-0.16,1.37,0.02,1.27,0.00,25.25
10.03,11.34,-0.08,1.31,0.03,1.34,0.00,25.25
10.03,11.34,-0.16,1.02,0.03,1.34,0.00,25.25
10.00,11.34,-0.23,0.80,0.00,1.33,0.00,25.25
10.02,11.35,-0.11,0.79,0.00,1.34,0.00,25.25
10.00,11.34,0.02,0.90,0.02,1.35,0.00,25.25
9.99,11.34,-0.16,0.70,-0.01,1.34,0.00,25.25
9.97,11.36,-0.16,0.72,-0.01,1.34,0.00,25.25
9.96,11.36,-0.21,0.90,-0.03,1.36,0.00,25.25
9.93,11.33,-0.23,0.80,-0.04,1.36,0.00,25.25
9.93,11.27,-0.37,0.46,-0.07,1.33,0.00,25.25
9.93,11.25,-0.13,0.19,-0.07,1.25,0.00,25.25
9.95,11.24,0.08,0.34,-0.05,1.24,0.00,25.25
9.97,11.21,0.13,0.42,-0.05,1.24,0.00,25.25
9.97,11.21,0.21,0.31,-0.03,1.21,0.00,25.25
9.97,11.20,0.17,0.46,-0.03,1.21,0.00,25.25
9.97,11.18,0.03,0.40,-0.03,1.18,0.00,25.25
9.97,11.18,0.08,0.43,-0.03,1.18,0.00,25.25
10.00,11.14,0.12,0.48,-0.02,1.18,0.00,25.25
10.01,11.14,0.15,0.28,-0.00,1.14,0.00,25.25
10.06,11.13,0.16,0.49,0.01,1.14,0.00,25.25
10.09,11.15,0.54,0.61,0.09,1.15,0.00,25.25
10.12,11.17,0.53,0.89,0.12,1.17,0.00,25.25
10.14,11.19,0.51,1.01,0.12,1.17,0.00,25.25
10.16,11.18,0.45,0.95,0.14,1.19,0.00,25.25
10.18,11.18,0.41,0.67,0.16,1.18,0.00,25.25
10.21,11.20,0.47,0.83,0.21,1.20,0.00,25.25
10.21,11.20,0.51,1.01,0.21,1.20,0.00,25.25
10.25,11.27,0.53,1.01,0.23,1.23,0.00,25.25
10.27,11.26,0.44,1.18,0.25,1.27,0.00,25.25
10.32,11.30,0.43,0.89,0.27,1.26,0.00,25.25
10.32,11.35,0.52,1.32,0.32,1.35,0.00,25.26
10.32,11.35,0.37,1.49,0.32,1.35,0.00,25.26
10.33,11.44,0.36,1.52,0.34,1.40,0.00,25.26
10.31,11.44,0.15,1.45,0.33,1.44,0.00,25.25
10.32,11.44,0.08,1.06,0.31,1.44,0.00,25.25
10.33,11.49,0.27,1.14,0.33,1.49,0.00,25.25
10.34,11.53,0.24,1.44,0.34,1.53,0.00,25.26
10.34,11.55,0.17,1.46,0.34,1.53,0.00,25.26
10.34,11.56,0.16,1.29,0.34,1.55,0.00,25.25
10.35,11.56,0.18,1.16,0.34,1.56,0.00,25.25
10.33,11.53,0.15,0.74,0.33,1.53,0.00,25.25
10.31,11.53,-0.03,0.65,0.31,1.53,0.00,25.25
10.30,11.53,-0.09,0.76,0.31,1.53,0.00,25.25
10.28,11.51,-0.09,0.77,0.30,1.53,0.00,25.25
10.28,11.53,-0.08,0.61,0.28,1.51,0.00,25.25
10.25,11.55,-0.11,1.01,0.25,1.55,0.00,25.25
10.25,11.56,-0.03,1.14,0.25,1.56,0.00,25.25
10.23,11.57,0.09,1.14,0.25,1.56,0.00,25.25
10.21,11.55,-0.05,1.05,0.23,1.57,0.00,25.25
10.20,11.54,-0.18,0.79,0.21,1.55,0.00,25.25
10.21,11.54,0.05,0.72,0.21,1.54,0.00,25.25
10.21,11.54,0.10,0.77,0.21,1.54,0.00,25.25
10.20,11.52,0.10,0.82,0.21,1.54,0.00,25.25
10.19,11.51,0.12,0.65,0.20,1.52,0.00,25.25
10.18,11.52,-0.00,0.62,0.19,1.51,0.00,25.25
10.19,11.49,0.10,0.69,0.19,1.49,0.00,25.25
10.18,11.47,0.12,0.48,0.18,1.47,0.00,25.25
10.17,11.44,0.07,0.42,0.18,1.47,0.00,25.25
10.18,11.43,-0.01,0.35,0.17,1.44,0.00,25.25
10.20,11.42,0.12,0.48,0.18,1.43,0.00,25.25
10.20,11.42,0.25,0.53,0.20,1.42,0.00,25.25
10.21,11.39,0.20,0.54,0.21,1.39,0.00,25.25
10.23,11.40,0.14,0.57,0.21,1.39,0.00,25.25
10.24,11.41,0.34,0.82,0.23,1.40,0.00,25.25
10.28,11.44,0.35,0.91,0.24,1.41,0.00,25.25
10.29,11.45,0.44,1.05,0.29,1.45,0.00,25.25
10.31,11.45,0.46,0.88,0.31,1.45,0.00,25.25
10.34,11.44,0.50,0.78,0.31,1.45,0.00,25.25
10.34,11.43,0.52,0.77,0.34,1.44,0.00,25.25
10.37,11.41,0.35,0.65,0.34,1.43,0.00,25.25
10.39,11.41,0.50,0.66,0.39,1.41,0.00,25.25
10.40,11.40,0.48,0.65,0.40,1.40,0.00,25.25
10.42,11.39,0.42,0.59,0.40,1.40,0.00,25.25
10.42,11.39,0.48,0.64,0.42,1.39,0.00,25.25
10.44,11.41,0.34,0.76,0.42,1.39,0.00,25.25
10.45,11.43,0.43,0.94,0.45,1.43,0.00,25.25
10.45,11.43,0.35,0.99,0.45,1.43,0.00,25.25
10.47,11.41,0.29,0.98,0.45,1.43,0.00,25.25
10.51,11.42,0.44,0.71,0.47,1.41,0.00,25.25
10.52,11.46,0.61,0.86,0.51,1.42,0.00,25.25
10.54,11.49,0.57,1.16,0.54,1.49,0.00,25.25
10.53,11.51,0.41,1.15,0.53,1.51,0.00,25.25
10.54,11.51,0.28,1.14,0.53,1.51,0.00,25.25
10.55,11.50,0.33,0.93,0.54,1.51,0.00,25.25
10.55,11.49,0.40,0.86,0.55,1.50,0.00,25.25
10.55,11.49,0.42,0.83,0.55,1.49,0.00,25.25
10.58,11.51,0.47,0.99,0.58,1.51,0.00,25.25
10.60,11.54,0.48,0.98,0.58,1.51,0.00,25.25
10.61,11.58,0.58,1.16,0.60,1.54,0.00,25.26
10.61,11.59,0.46,1.31,0.61,1.58,0.00,25.26
10.61,11.59,0.30,1.20,0.61,1.59,0.00,25.25
10.61,11.62,0.32,1.06,0.61,1.62,0.00,25.25
10.62,11.57,0.36,0.94,0.61,1.62,0.00,25.25
10.62,11.53,0.41,0.53,0.62,1.57,0.00,25.25
10.62,11.51,0.38,0.39,0.62,1.53,0.00,25.25
10.61,11.48,0.37,0.37,0.61,1.48,0.00,25.25
10.63,11.47,0.46,0.41,0.63,1.47,0.00,25.25
10.65,11.45,0.51,0.48,0.63,1.47,0.00,25.25
10.66,11.45,0.54,0.51,0.65,1.45,0.00,25.25
10.67,11.44,0.53,0.71,0.66,1.45,0.00,25.25
10.67,11.43,0.50,0.63,0.67,1.43,0.00,25.25
10.67,11.45,0.46,0.61,0.67,1.43,0.00,25.25
10.68,11.45,0.45,0.79,0.67,1.45,0.00,25.25
10.66,11.41,0.47,0.85,0.68,1.45,0.00,25.25
10.64,11.37,0.28,0.45,0.66,1.41,0.00,25.25
10.64,11.37,0.29,0.35,0.64,1.37,0.00,25.25
10.66,11.35,0.46,0.53,0.66,1.35,0.00,25.25
10.69,11.31,0.49,0.61,0.66,1.35,0.00,25.25
10.67,11.28,0.65,0.34,0.69,1.31,0.00,25.25
10.67,11.24,0.39,0.26,0.67,1.28,0.00,25.25
10.67,11.24,0.35,0.11,0.67,1.24,0.00,25.25
10.67,11.20,0.35,0.36,0.67,1.20,0.00,25.25
10.69,11.27,0.33,0.58,0.67,1.22,0.00,25.25
10.68,11.26,0.45,1.06,0.69,1.27,0.00,25.26
10.65,11.24,0.35,0.76,0.68,1.26,0.00,25.25
10.65,11.24,0.12,0.66,0.65,1.24,0.00,25.25
10.64,11.25,0.22,0.79,0.64,1.25,0.00,25.25
10.63,11.29,0.31,0.78,0.64,1.26,0.00,25.25
10.61,11.29,0.20,1.06,0.63,1.29,0.00,25.25
10.60,11.29,0.14,0.93,0.61,1.29,0.00,25.25
10.59,11.28,0.10,0.69,0.60,1.29,0.00,25.25
10.59,11.28,0.09,0.54,0.59,1.28,0.00,25.25
10.59,11.32,0.23,0.58,0.59,1.28,0.00,25.25
10.57,11.35,0.23,1.13,0.59,1.32,0.00,25.25
10.55,11.36,0.15,1.12,0.57,1.35,0.00,25.25
10.55,11.36,0.13,0.92,0.55,1.36,0.00,25.25
10.54,11.38,0.16,0.87,0.55,1.36,0.00,25.25
10.55,11.39,0.16,0.98,0.54,1.38,0.00,25.25
10.53,11.37,0.24,1.03,0.55,1.39,0.00,25.25
10.51,11.32,0.14,0.69,0.53,1.37,0.00,25.25
10.49,11.32,-0.03,0.41,0.49,1.32,0.00,25.25
10.45,11.31,-0.14,0.51,0.45,1.31,0.00,25.25
10.44,11.31,-0.19,0.48,0.45,1.31,0.00,25.25
10.44,11.31,-0.09,0.56,0.44,1.31,0.00,25.25
10.43,11.32,0.06,0.60,0.44,1.31,0.00,25.25
10.46,11.35,0.27,0.96,0.46,1.35,0.00,25.25
10.47,11.38,0.47,1.17,0.47,1.38,0.00,25.25
10.46,11.41,0.51,1.21,0.47,1.38,0.00,25.25
10.46,11.43,0.23,1.22,0.46,1.41,0.00,25.25
10.47,11.47,0.27,1.16,0.46,1.43,0.00,25.25
10.47,11.47,0.35,1.09,0.47,1.47,0.00,25.25
10.46,11.50,0.33,0.92,0.47,1.47,0.00,25.25
10.46,11.48,0.21,1.05,0.46,1.50,0.00,25.25
10.48,11.46,0.24,0.76,0.46,1.48,0.00,25.25
10.50,11.44,0.41,0.59,0.48,1.46,0.00,25.25
10.51,11.44,0.49,0.60,0.51,1.44,0.00,25.25
10.50,11.43,0.32,0.66,0.50,1.43,0.00,25.25
10.50,11.41,0.21,0.66,0.50,1.43,0.00,25.25
10.50,11.41,0.18,0.58,0.50,1.41,0.00,25.25
10.49,11.41,0.24,0.66,0.50,1.41,0.00,25.25
10.46,11.42,0.05,0.76,0.46,1.42,0.00,25.25
10.46,11.42,0.09,0.80,0.46,1.42,0.00,25.25
10.45,11.41,0.18,0.75,0.46,1.42,0.00,25.25
10.47,11.41,0.14,0.70,0.45,1.41,0.00,25.25
10.48,11.41,0.32,0.69,0.47,1.41,0.00,25.25
10.48,11.40,0.37,0.66,0.48,1.40,0.00,25.25
10.51,11.39,0.46,0.59,0.51,1.39,0.00,25.25
10.51,11.39,0.56,0.63,0.51,1.39,0.00,25.25
10.51,11.35,0.37,0.65,0.51,1.39,0.00,25.25
10.50,11.31,0.31,0.35,0.51,1.35,0.00,25.25
10.50,11.31,0.28,0.40,0.50,1.31,0.00,25.25
10.49,11.31,0.16,0.59,0.49,1.31,0.00,25.25
10.48,11.34,0.10,0.60,0.49,1.31,0.00,25.25
10.49,11.30,0.11,0.93,0.48,1.34,0.00,25.25
10.52,11.27,0.24,0.48,0.49,1.30,0.00,25.25
10.54,11.29,0.55,0.58,0.54,1.29,0.00,25.25
10.55,11.31,0.54,0.93,0.55,1.31,0.00,25.25
10.58,11.31,0.50,1.05,0.55,1.31,0.00,25.25
10.61,11.30,0.62,0.83,0.58,1.31,0.00,25.25
10.63,11.28,0.72,0.80,0.61,1.30,0.00,25.25
10.63,11.23,0.56,0.26,0.63,1.23,0.00,25.25
10.61,11.16,0.26,-0.25,0.61,1.16,0.00,25.25
10.61,11.13,0.16,-0.43,0.61,1.16,0.00,25.25
10.62,11.11,0.27,-0.09,0.61,1.13,0.00,25.25
10.64,11.10,0.41,0.05,0.62,1.11,0.00,25.25
10.64,11.13,0.48,0.64,0.64,1.13,0.00,25.25
10.67,11.17,0.58,1.08,0.67,1.17,0.00,25.26
10.69,11.22,0.68,1.19,0.67,1.17,0.00,25.26
10.69,11.28,0.62,1.37,0.69,1.22,0.00,25.26
10.70,11.27,0.46,1.49,0.69,1.28,0.00,25.26
10.70,11.28,0.40,0.94,0.70,1.28,0.00,25.25
10.64,11.26,0.35,0.88,0.70,1.28,0.00,25.25
10.62,11.28,-0.05,0.56,0.64,1.26,0.00,25.25
10.62,11.26,-0.05,0.77,0.62,1.28,0.00,25.25
10.60,11.26,0.11,0.59,0.62,1.26,0.00,25.25
10.58,11.27,0.03,0.71,0.58,1.27,0.00,25.25
10.54,11.28,-0.13,0.77,0.54,1.28,0.00,25.25
10.50,11.30,-0.19,0.79,0.54,1.28,0.00,25.25
10.48,11.36,-0.35,0.96,0.50,1.30,0.00,25.25
10.48,11.42,-0.21,1.35,0.48,1.36,0.00,25.26
10.48,11.43,0.08,1.36,0.48,1.43,0.00,25.25
10.45,11.42,0.05,0.90,0.45,1.42,0.00,25.25
10.43,11.43,-0.02,0.70,0.45,1.42,0.00,25.25
10.40,11.41,-0.00,0.78,0.43,1.43,0.00,25.25
10.38,11.39,-0.08,0.53,0.40,1.41,0.00,25.25
10.35,11.37,-0.18,0.48,0.35,1.37,0.00,25.25
10.33,11.37,-0.28,0.63,0.33,1.37,0.00,25.25
10.32,11.36,-0.28,0.72,0.33,1.37,0.00,25.25
10.31,11.34,-0.15,0.70,0.32,1.36,0.00,25.25
10.29,11.32,-0.07,0.53,0.31,1.34,0.00,25.25
10.25,11.31,-0.21,0.42,0.25,1.31,0.00,25.25
10.21,11.31,-0.37,0.50,0.21,1.31,0.00,25.25
10.22,11.29,-0.40,0.57,0.21,1.31,0.00,25.25
10.23,11.30,-0.16,0.48,0.22,1.29,0.00,25.25
10.23,11.32,0.11,0.64,0.23,1.30,0.00,25.25
10.20,11.32,-0.06,0.86,0.20,1.32,0.00,25.25
10.20,11.33,-0.15,0.91,0.20,1.33,0.00,25.25
10.20,11.35,-0.07,0.96,0.20,1.33,0.00,25.25
10.20,11.36,0.01,0.94,0.20,1.35,0.00,25.25
10.21,11.40,3.03,3.88,10.20,11.36,0.00,25.51
10.19,11.41,4.88,5.97,10.19,11.41,0.00,25.51
10.19,11.40,5.25,6.12,10.19,11.40,0.00,25.50
10.19,11.39,5.34,6.06,10.19,11.40,0.00,25.50
10.20,11.35,5.41,5.95,10.19,11.39,0.00,25.49
10.16,11.27,5.50,5.72,10.20,11.35,0.00,25.48
10.05,11.13,4.66,4.57,10.05,11.13,0.00,25.38
9.94,11.01,3.94,3.93,9.94,11.01,0.00,25.35
9.89,10.97,3.77,3.83,9.94,11.01,0.00,25.35
9.83,10.96,4.15,4.57,9.89,10.97,0.00,25.43
9.62,10.92,4.26,5.18,9.83,10.96,0.00,25.44
9.41,10.87,2.41,5.07,9.41,10.87,0.00,25.36
9.24,10.83,2.12,5.09,9.24,10.83,0.00,25.37
9.04,10.75,2.19,5.19,9.24,10.83,0.00,25.37
8.84,10.62,2.01,4.82,9.04,10.75,0.00,25.34
8.67,10.44,1.87,4.06,8.84,10.62,0.00,25.30
8.49,10.27,1.94,2.97,8.49,10.27,0.00,25.29
8.27,10.07,1.68,2.41,8.27,10.07,0.00,25.27
8.03,9.86,1.52,2.16,8.27,10.07,0.00,25.27
7.79,9.61,1.06,1.99,8.03,9.86,0.00,25.26
7.50,9.32,0.74,1.51,7.79,9.61,0.00,25.25
7.22,9.05,-0.23,0.66,7.22,9.05,0.00,25.25
6.97,8.71,-0.37,0.00,6.97,8.71,0.00,25.25
6.74,8.36,-0.29,-0.35,6.97,8.71,0.00,25.25
6.52,8.04,-0.06,-0.78,6.74,8.36,0.00,25.25
6.29,7.68,0.05,-0.81,6.52,8.04,0.00,25.25
6.29,7.68,-0.22,-1.51,6.29,7.68,0.00,25.26
6.04,7.32,-0.30,-1.91,6.04,7.32,0.00,25.26
5.61,6.54,-0.32,-2.16,5.81,6.94,0.00,25.27
5.42,6.12,-0.21,-2.56,5.61,6.54,0.00,25.28
5.23,5.66,-0.11,-3.03,5.42,6.12,0.00,25.29
5.06,5.22,-0.11,-4.01,5.06,5.22,0.00,25.32
4.92,4.80,0.09,-4.15,4.92,4.80,0.00,25.31
4.75,4.44,0.25,-4.13,4.92,4.80,0.00,25.31
4.58,4.07,0.13,-3.77,4.75,4.44,0.00,25.29
4.46,3.71,-0.07,-3.79,4.58,4.07,0.00,25.30
4.36,3.38,0.44,-3.70,4.36,3.38,0.00,25.30
4.30,3.07,0.91,-3.52,4.30,3.07,0.00,25.30
4.24,2.77,1.13,-3.43,4.30,3.07,0.00,25.30
4.17,2.51,1.27,-3.32,4.24,2.77,0.00,25.29
4.11,2.27,1.20,-3.08,4.17,2.51,0.00,25.28
4.06,2.03,1.28,-2.80,4.06,2.03,0.00,25.28
4.00,1.80,1.25,-2.70,4.00,1.80,0.00,25.28
3.96,1.61,1.20,-2.66,4.00,1.80,0.00,25.28
3.91,1.46,1.36,-2.42,3.96,1.61,0.00,25.28
3.86,1.34,1.39,-1.99,3.91,1.46,0.00,25.27
3.86,1.34,1.26,-1.25,3.86,1.34,0.00,25.26
3.80,1.24,1.13,-0.82,3.80,1.24,0.00,25.25
3.68,1.13,1.06,-0.66,3.74,1.18,0.00,25.25
3.64,1.05,1.08,-0.39,3.68,1.13,0.00,25.25
3.59,1.02,1.15,-0.52,3.64,1.05,0.00,25.25
3.59,1.02,0.99,0.20,3.59,1.02,0.00,25.25
3.43,1.00,0.69,0.26,3.43,1.00,0.00,25.25
3.37,0.97,0.62,0.10,3.43,1.00,0.00,25.25
3.28,1.00,0.70,0.15,3.37,0.97,0.00,25.25
3.18,1.09,0.46,0.65,3.28,1.00,0.00,25.25
3.18,1.09,0.20,1.68,3.18,1.09,0.00,25.26
3.08,1.18,0.01,1.88,3.08,1.18,0.00,25.26
2.85,1.35,-0.06,1.91,2.97,1.25,0.00,25.26
2.75,1.48,-0.22,2.05,2.85,1.35,0.00,25.27
2.63,1.55,-0.20,2.46,2.75,1.48,0.00,25.28
2.51,1.67,-0.44,2.43,2.51,1.67,0.00,25.27
2.38,1.75,-0.60,2.43,2.38,1.75,0.00,25.27
2.25,1.85,-0.68,2.30,2.38,1.75,0.00,25.27
2.12,1.94,-0.80,2.51,2.25,1.85,0.00,25.28
1.99,2.00,-0.93,2.44,2.12,1.94,0.00,25.27
1.84,2.03,-1.13,1.96,1.84,2.03,0.00,25.26
1.70,2.08,-1.32,1.82,1.70,2.08,0.00,25.27
1.57,2.11,-1.34,1.89,1.70,2.08,0.00,25.27
1.42,2.14,-1.25,1.78,1.57,2.11,0.00,25.26
1.30,2.19,-1.46,1.73,1.42,2.14,0.00,25.27
1.18,2.25,-1.34,1.96,1.18,2.25,0.00,25.27
1.06,2.31,-1.31,2.12,1.06,2.31,0.00,25.27
0.91,2.33,-1.32,2.16,1.06,2.31,0.00,25.27
0.79,2.34,-1.58,1.80,0.91,2.33,0.00,25.27
0.69,2.36,-1.49,1.60,0.79,2.34,0.00,25.26
0.61,2.32,-1.24,1.18,0.61,2.32,0.00,25.26
0.52,2.26,-1.16,0.62,0.52,2.26,0.00,25.25
0.44,2.22,-1.13,0.44,0.52,2.26,0.00,25.25
0.36,2.22,-1.12,0.53,0.44,2.22,0.00,25.25
0.32,2.19,-1.01,0.88,0.36,2.22,0.00,25.26
0.29,2.18,-0.57,0.89,0.29,2.18,0.00,25.25
0.26,2.11,-0.42,0.55,0.26,2.11,0.00,25.25
0.23,2.04,-0.44,0.27,0.26,2.11,0.00,25.25
0.20,1.99,-0.39,0.15,0.23,2.04,0.00,25.25
0.17,1.89,-0.38,0.17,0.20,1.99,0.00,25.25
0.16,1.82,-0.20,-0.22,0.16,1.82,0.00,25.25
0.19,1.77,0.12,-0.09,0.19,1.77,0.00,25.25
0.21,1.67,0.31,0.03,0.19,1.77,0.00,25.25
0.23,1.60,0.42,-0.39,0.21,1.67,0.00,25.25
0.23,1.55,0.37,-0.37,0.23,1.60,0.00,25.25
0.28,1.52,0.52,0.09,0.28,1.52,0.00,25.25
0.33,1.49,0.86,0.30,0.33,1.49,0.00,25.25
0.40,1.44,0.97,0.31,0.33,1.49,0.00,25.25
0.46,1.39,1.11,0.17,0.40,1.44,0.00,25.25
0.53,1.37,1.15,0.01,0.46,1.39,0.00,25.25
0.60,1.34,1.34,0.27,0.60,1.34,0.00,25.26
0.66,1.29,1.39,0.11,0.66,1.29,0.00,25.26
0.72,1.28,1.39,-0.03,0.66,1.29,0.00,25.25
0.78,1.28,1.38,0.24,0.72,1.28,0.00,25.26
0.82,1.29,1.33,0.45,0.78,1.28,0.00,25.26
0.90,1.35,1.40,1.09,0.90,1.35,0.00,25.26
0.95,1.35,1.50,1.18,0.95,1.35,0.00,25.26
1.01,1.40,1.46,1.02,0.95,1.35,0.00,25.26
1.04,1.44,1.43,1.23,1.01,1.40,0.00,25.26
1.10,1.51,1.26,1.39,1.04,1.44,0.00,25.26
1.13,1.58,1.26,1.75,1.13,1.58,0.00,25.27
1.16,1.64,1.20,1.88,1.16,1.64,0.00,25.27
1.20,1.68,1.20,1.92,1.16,1.64,0.00,25.27
1.21,1.70,1.12,1.68,1.20,1.68,0.00,25.26
1.22,1.76,1.04,1.44,1.21,1.70,0.00,25.26
1.22,1.76,0.93,1.93,1.22,1.76,0.00,25.27
1.25,1.85,0.75,2.31,1.25,1.85,0.00,25.27
1.19,2.03,0.59,2.42,1.23,1.94,0.00,25.27
1.17,2.11,0.31,2.46,1.19,2.03,0.00,25.27
1.14,2.18,0.26,2.46,1.17,2.11,0.00,25.27
1.14,2.18,0.13,2.04,1.14,2.18,0.00,25.26
1.10,2.21,0.14,1.74,1.10,2.21,0.00,25.26
1.02,2.30,0.18,1.70,1.08,2.24,0.00,25.26
0.93,2.33,-0.12,1.91,1.02,2.30,0.00,25.26
0.87,2.38,-0.49,1.85,0.93,2.33,0.00,25.26
0.80,2.40,-0.57,1.83,0.80,2.40,0.00,25.26
0.76,2.36,-0.50,1.32,0.76,2.36,0.00,25.25
0.70,2.37,-0.45,1.03,0.76,2.36,0.00,25.25
0.64,2.35,-0.48,1.21,0.70,2.37,0.00,25.26
0.59,2.31,-0.54,1.11,0.64,2.35,0.00,25.25
0.56,2.31,-0.36,0.92,0.56,2.31,0.00,25.25
0.53,2.29,-0.27,1.03,0.53,2.29,0.00,25.25
0.49,2.25,-0.26,1.05,0.53,2.29,0.00,25.25
0.45,2.25,-0.33,0.75,0.49,2.25,0.00,25.25
0.41,2.20,-0.35,0.98,0.45,2.25,0.00,25.25
0.37,2.16,-0.40,0.62,0.37,2.16,0.00,25.25
0.31,2.08,-0.56,0.27,0.31,2.08,0.00,25.25
0.25,1.99,-0.68,0.09,0.31,2.08,0.00,25.25
0.22,1.91,-0.75,-0.15,0.25,1.99,0.00,25.25
0.21,1.82,-0.52,-0.19,0.22,1.91,0.00,25.25
0.20,1.77,-0.22,-0.16,0.20,1.77,0.00,25.25
0.17,1.71,-0.20,-0.03,0.17,1.71,0.00,25.25
0.19,1.69,-0.20,-0.03,0.17,1.71,0.00,25.25
0.19,1.67,0.00,0.30,0.19,1.69,0.00,25.25
0.19,1.64,0.12,0.40,0.19,1.67,0.00,25.25
0.19,1.61,0.10,0.40,0.19,1.61,0.00,25.25
0.18,1.58,0.04,0.36,0.18,1.58,0.00,25.25
0.18,1.57,0.01,0.35,0.18,1.58,0.00,25.25
0.19,1.55,0.04,0.54,0.18,1.57,0.00,25.25
0.19,1.51,0.12,0.56,0.19,1.55,0.00,25.25
0.19,1.49,0.15,0.35,0.19,1.49,0.00,25.25
0.22,1.45,0.34,0.34,0.22,1.45,0.00,25.25
0.25,1.43,0.48,0.32,0.22,1.45,0.00,25.25
0.28,1.41,0.58,0.35,0.25,1.43,0.00,25.25
0.34,1.44,0.62,0.46,0.28,1.41,0.00,25.25
0.34,1.47,0.61,1.08,0.34,1.47,0.00,25.26
0.36,1.48,0.44,1.09,0.36,1.48,0.00,25.25
0.40,1.50,0.45,0.95,0.36,1.48,0.00,25.25
0.43,1.53,0.75,1.11,0.40,1.50,0.00,25.26
0.45,1.58,0.69,1.18,0.43,1.53,0.00,25.25
0.47,1.57,0.61,1.17,0.47,1.57,0.00,25.25
0.50,1.57,0.63,0.92,0.50,1.57,0.00,25.25
0.53,1.62,0.67,0.89,0.50,1.57,0.00,25.25
0.57,1.64,0.78,1.23,0.53,1.62,0.00,25.26
0.57,1.65,0.82,1.22,0.57,1.64,0.00,25.26
0.57,1.69,0.42,1.31,0.57,1.69,0.00,25.26
0.59,1.76,0.42,1.65,0.59,1.76,0.00,25.26
0.59,1.81,0.51,1.80,0.59,1.76,0.00,25.26
0.61,1.85,0.42,1.81,0.59,1.81,0.00,25.26
0.61,1.87,0.50,1.68,0.61,1.85,0.00,25.26
0.63,1.91,0.51,1.59,0.63,1.91,0.00,25.26
0.64,1.97,0.57,1.76,0.64,1.97,0.00,25.26
0.65,2.01,0.54,1.83,0.64,1.97,0.00,25.26
0.66,2.07,0.53,1.79,0.65,2.01,0.00,25.26
0.63,2.10,0.42,1.92,0.66,2.07,0.00,25.26
0.63,2.17,0.21,1.96,0.63,2.17,0.00,25.27
0.62,2.20,0.16,2.00,0.62,2.20,0.00,25.26
0.57,2.20,0.11,1.85,0.62,2.20,0.00,25.26
0.53,2.21,-0.09,1.50,0.57,2.20,0.00,25.25
0.51,2.22,-0.22,1.39,0.53,2.21,0.00,25.25
0.49,2.23,-0.13,1.30,0.49,2.23,0.00,25.25
0.46,2.21,-0.18,1.15,0.46,2.21,0.00,25.25
0.43,2.24,-0.23,1.10,0.46,2.21,0.00,25.25
0.41,2.24,-0.20,1.39,0.43,2.24,0.00,25.26
0.38,2.22,-0.19,1.35,0.41,2.24,0.00,25.25
0.37,2.21,-0.14,1.04,0.37,2.21,0.00,25.25
0.33,2.17,-0.20,0.77,0.33,2.17,0.00,25.25
0.30,2.10,-0.28,0.60,0.33,2.17,0.00,25.25
0.27,2.04,-0.31,0.29,0.30,2.10,0.00,25.25
0.22,1.95,-0.36,0.23,0.27,2.04,0.00,25.25
0.18,1.87,-0.49,-0.21,0.18,1.87,0.00,25.25
0.15,1.77,-0.44,-0.36,0.15,1.77,0.00,25.25
0.15,1.70,-0.42,-0.42,0.15,1.77,0.00,25.25
0.17,1.59,-0.12,-0.43,0.15,1.70,0.00,25.25
0.16,1.52,0.12,-0.62,0.17,1.59,0.00,25.25
0.17,1.48,0.10,-0.20,0.17,1.48,0.00,25.25
0.19,1.42,0.30,-0.03,0.19,1.42,0.00,25.25
0.22,1.37,0.42,-0.04,0.19,1.42,0.00,25.25
0.23,1.31,0.49,-0.14,0.22,1.37,0.00,25.25
0.25,1.25,0.37,-0.17,0.23,1.31,0.00,25.25
0.28,1.21,0.51,-0.18,0.28,1.21,0.00,25.25
0.28,1.16,0.48,-0.14,0.28,1.16,0.00,25.25
0.31,1.12,0.37,-0.14,0.28,1.16,0.00,25.25
0.33,1.10,0.47,-0.05,0.31,1.12,0.00,25.25
0.34,1.10,0.51,0.12,0.33,1.10,0.00,25.25
0.34,1.10,0.51,0.62,0.34,1.10,0.00,25.25
0.38,1.12,0.65,0.89,0.38,1.12,0.00,25.25
0.44,1.17,0.69,0.91,0.41,1.14,0.00,25.25
0.47,1.18,0.78,0.98,0.44,1.17,0.00,25.25
0.48,1.21,0.71,0.94,0.47,1.18,0.00,25.25
0.48,1.21,0.56,1.31,0.48,1.21,0.00,25.26
0.50,1.28,0.65,1.57,0.50,1.28,0.00,25.26
0.56,1.37,0.71,1.60,0.53,1.34,0.00,25.26
0.58,1.42,0.68,1.43,0.56,1.37,0.00,25.26
0.59,1.49,0.67,1.44,0.58,1.42,0.00,25.26
0.59,1.53,0.45,1.66,0.59,1.53,0.00,25.26
0.57,1.64,0.17,1.99,0.57,1.64,0.00,25.27
0.55,1.73,0.06,2.26,0.57,1.64,0.00,25.27
0.54,1.79,0.05,2.35,0.55,1.73,0.00,25.27
0.53,1.84,0.10,2.13,0.54,1.79,0.00,25.26
0.52,1.84,0.13,1.56,0.52,1.84,0.00,25.25
0.50,1.87,0.14,1.33,0.52,1.84,0.00,25.25
0.48,1.93,0.04,1.37,0.50,1.87,0.00,25.25
0.44,1.97,-0.07,1.64,0.48,1.93,0.00,25.26
0.44,2.00,-0.18,1.71,0.44,1.97,0.00,25.26
0.43,2.05,0.01,1.72,0.43,2.05,0.00,25.26
0.41,2.09,0.02,1.77,0.41,2.09,0.00,25.26
0.40,2.14,0.01,1.74,0.41,2.09,0.00,25.26
0.36,2.18,-0.02,1.88,0.40,2.14,0.00,25.26
0.34,2.19,-0.20,1.89,0.36,2.18,0.00,25.26
0.32,2.18,-0.13,1.34,0.32,2.18,0.00,25.25
0.32,2.21,-0.08,1.36,0.32,2.21,0.00,25.26
0.33,2.19,-0.02,1.50,0.32,2.21,0.00,25.26
0.34,2.14,0.19,1.19,0.33,2.19,0.00,25.25
0.36,2.11,0.27,0.78,0.34,2.14,0.00,25.25
0.36,2.10,0.32,0.74,0.36,2.10,0.00,25.25
0.33,2.07,0.05,0.77,0.33,2.07,0.00,25.25
0.34,2.02,-0.08,0.74,0.33,2.07,0.00,25.25
0.34,1.98,0.11,0.51,0.34,2.02,0.00,25.25
0.36,2.00,0.19,0.46,0.34,1.98,0.00,25.25
0.36,1.93,0.29,0.57,0.36,1.93,0.00,25.25
0.35,1.93,0.16,0.57,0.35,1.93,0.00,25.25
0.35,1.93,0.09,0.75,0.35,1.93,0.00,25.25
0.37,1.91,0.10,0.94,0.35,1.93,0.00,25.25
0.36,1.85,0.26,0.82,0.37,1.91,0.00,25.25
0.38,1.81,0.35,0.35,0.38,1.81,0.00,25.25
0.43,1.81,0.67,0.54,0.43,1.81,0.00,25.25
0.47,1.80,0.82,0.68,0.43,1.81,0.00,25.25
0.50,1.77,0.85,0.81,0.47,1.80,0.00,25.25
0.50,1.75,0.73,0.66,0.50,1.77,0.00,25.25
0.55,1.74,0.72,0.64,0.55,1.74,0.00,25.25
0.59,1.70,0.92,0.57,0.59,1.70,0.00,25.25
0.64,1.71,0.96,0.49,0.59,1.70,0.00,25.25
0.67,1.72,1.07,0.71,0.64,1.71,0.00,25.26
0.68,1.74,0.83,1.02,0.67,1.72,0.00,25.25
0.72,1.77,0.86,1.28,0.72,1.77,0.00,25.26
0.77,1.82,0.99,1.50,0.77,1.82,0.00,25.26
0.79,1.86,0.99,1.63,0.77,1.82,0.00,25.26
0.81,1.90,0.90,1.65,0.79,1.86,0.00,25.26
0.84,1.95,0.79,1.64,0.81,1.90,0.00,25.26
0.86,1.97,0.86,1.63,0.86,1.97,0.00,25.26
0.89,2.03,0.87,1.70,0.89,2.03,0.00,25.26
0.92,2.05,0.90,1.83,0.89,2.03,0.00,25.27
0.94,2.04,0.89,1.59,0.92,2.05,0.00,25.26
0.95,2.12,0.89,1.37,0.94,2.04,0.00,25.26
0.95,2.18,0.69,2.00,0.95,2.18,0.00,25.27
0.95,2.23,0.58,2.05,0.95,2.23,0.00,25.26
0.96,2.27,0.56,2.05,0.95,2.23,0.00,25.26
0.96,2.32,0.58,1.93,0.96,2.27,0.00,25.26
0.96,2.30,0.56,1.96,0.96,2.32,0.00,25.26
0.97,2.30,0.61,1.36,0.97,2.30,0.00,25.25
0.97,2.31,0.66,1.23,0.97,2.30,0.00,25.25
0.96,2.31,0.55,1.32,0.97,2.31,0.00,25.26
0.97,2.34,0.47,1.26,0.96,2.31,0.00,25.25
0.98,2.39,0.54,1.52,0.97,2.34,0.00,25.26
0.97,2.36,0.51,1.45,0.97,2.36,0.00,25.25
0.95,2.37,0.32,1.19,0.95,2.37,0.00,25.25
0.95,2.37,0.25,1.21,0.95,2.37,0.00,25.25
0.94,2.34,0.35,1.22,0.95,2.37,0.00,25.25
0.92,2.33,0.34,1.07,0.94,2.34,0.00,25.25
0.92,2.33,0.31,1.11,0.92,2.33,0.00,25.25
0.92,2.28,0.39,1.12,0.92,2.33,0.00,25.25
0.92,2.24,0.60,0.67,0.92,2.28,0.00,25.25
0.93,2.20,0.52,0.62,0.92,2.24,0.00,25.25
0.92,2.14,0.47,0.60,0.93,2.20,0.00,25.25
0.91,2.09,0.38,0.34,0.91,2.09,0.00,25.25
0.89,2.03,0.33,0.31,0.89,2.03,0.00,25.25
0.89,1.99,0.31,0.26,0.89,2.03,0.00,25.25
0.91,1.99,0.42,0.31,0.89,1.99,0.00,25.25
0.91,1.98,0.55,0.66,0.91,1.99,0.00,25.25
0.90,1.95,0.45,0.75,0.90,1.95,0.00,25.25
0.92,1.92,0.58,0.65,0.92,1.92,0.00,25.25
0.92,1.92,0.71,0.62,0.92,1.92,0.00,25.25
0.93,1.92,0.61,0.81,0.92,1.92,0.00,25.25
0.94,1.90,0.60,0.93,0.93,1.92,0.00,25.25
0.95,1.84,0.65,0.46,0.95,1.84,0.00,25.25
0.96,1.86,0.66,0.67,0.96,1.86,0.00,25.25
0.99,1.89,0.69,0.98,0.96,1.86,0.00,25.26
1.01,1.87,0.85,1.20,0.99,1.89,0.00,25.26
1.01,1.85,0.85,1.00,1.01,1.87,0.00,25.25
1.00,1.85,0.57,0.86,1.00,1.85,0.00,25.25
0.99,1.85,0.49,0.89,1.00,1.85,0.00,25.25
