0.51,0.49,0.15,0.22,0.51,0.49,0.00,25.25
0.51,0.49,0.22,0.35,0.51,0.49,0.00,25.25
0.51,0.51,0.27,0.42,0.51,0.51,0.00,25.25
0.51,0.51,0.28,0.43,0.51,0.51,0.00,25.25
0.51,0.52,0.27,0.39,0.51,0.51,0.00,25.25
0.51,0.53,0.28,0.38,0.51,0.52,0.00,25.25
0.50,0.52,0.28,0.41,0.51,0.53,0.00,25.25
0.50,0.52,0.21,0.33,0.50,0.52,0.00,25.25
0.49,0.53,0.18,0.32,0.50,0.52,0.00,25.25
0.48,0.52,0.17,0.30,0.49,0.53,0.00,25.25
0.45,0.54,0.14,0.27,0.48,0.52,0.00,25.25
0.44,0.56,0.05,0.35,0.45,0.54,0.00,25.25
0.42,0.57,0.01,0.50,0.42,0.57,0.00,25.25
0.41,0.59,-0.01,0.54,0.41,0.59,0.00,25.25
0.39,0.61,-0.02,0.52,0.41,0.59,0.00,25.25
0.38,0.63,-0.02,0.59,0.39,0.61,0.00,25.25
0.36,0.63,-0.04,0.61,0.38,0.63,0.00,25.25
0.35,0.63,-0.02,0.48,0.35,0.63,0.00,25.25
0.33,0.63,0.01,0.44,0.35,0.63,0.00,25.25
0.31,0.63,-0.02,0.39,0.33,0.63,0.00,25.25
0.29,0.64,-0.08,0.37,0.31,0.63,0.00,25.25
0.27,0.63,-0.10,0.44,0.29,0.64,0.00,25.25
0.26,0.62,-0.14,0.27,0.26,0.62,0.00,25.25
0.26,0.62,-0.15,0.23,0.26,0.62,0.00,25.25
0.21,0.59,-0.14,0.24,0.23,0.62,0.00,25.25
0.19,0.58,-0.18,0.08,0.21,0.59,0.00,25.25
0.16,0.58,-0.21,0.10,0.19,0.58,0.00,25.25
0.15,0.58,-0.22,0.23,0.15,0.58,0.00,25.25
0.13,0.58,-0.20,0.32,0.13,0.58,0.00,25.25
0.11,0.58,-0.21,0.32,0.13,0.58,0.00,25.25
0.08,0.55,-0.23,0.28,0.11,0.58,0.00,25.25
0.05,0.54,-0.29,0.15,0.08,0.55,0.00,25.25
0.02,0.52,-0.34,0.08,0.02,0.52,0.00,25.25
0.01,0.50,-0.33,0.01,0.01,0.50,0.00,25.25
-0.01,0.49,-0.31,-0.04,0.01,0.50,0.00,25.25
-0.03,0.48,-0.33,0.02,-0.01,0.49,0.00,25.25
-0.05,0.48,-0.30,0.09,-0.03,0.48,0.00,25.25
-0.07,0.46,-0.34,0.14,-0.07,0.46,0.00,25.25
-0.10,0.44,-0.36,0.06,-0.10,0.44,0.00,25.25
-0.11,0.46,-0.35,0.02,-0.10,0.44,0.00,25.25
-0.13,0.46,-0.31,0.20,-0.11,0.46,0.00,25.25
-0.14,0.44,-0.32,0.20,-0.13,0.46,0.00,25.25
-0.15,0.42,-0.29,0.06,-0.15,0.42,0.00,25.25
-0.16,0.39,-0.26,-0.03,-0.16,0.39,0.00,25.25
-0.16,0.39,-0.25,-0.07,-0.16,0.39,0.00,25.25
-0.17,0.40,-0.18,-0.03,-0.16,0.39,0.00,25.25
-0.18,0.38,-0.20,0.11,-0.17,0.40,0.00,25.25
-0.18,0.38,-0.21,0.10,-0.18,0.38,0.00,25.25
-0.18,0.40,-0.12,0.10,-0.18,0.38,0.00,25.25
-0.18,0.44,-0.08,0.25,-0.18,0.40,0.00,25.25
-0.18,0.46,-0.07,0.47,-0.18,0.44,0.00,25.25
-0.17,0.49,-0.06,0.61,-0.18,0.46,0.00,25.25
-0.16,0.54,0.01,0.74,-0.16,0.54,0.00,25.25
-0.15,0.54,0.05,0.73,-0.15,0.54,0.00,25.25
-0.14,0.56,0.07,0.61,-0.15,0.54,0.00,25.25
-0.13,0.57,0.11,0.53,-0.14,0.56,0.00,25.25
-0.13,0.57,0.09,0.55,-0.13,0.57,0.00,25.25
-0.12,0.58,0.01,0.39,-0.12,0.58,0.00,25.25
-0.11,0.60,0.02,0.37,-0.12,0.58,0.00,25.25
-0.08,0.63,0.04,0.48,-0.11,0.60,0.00,25.25
-0.07,0.66,0.17,0.61,-0.08,0.63,0.00,25.25
-0.07,0.66,0.15,0.72,-0.07,0.66,0.00,25.25
-0.06,0.65,0.04,0.45,-0.06,0.65,0.00,25.25
-0.05,0.66,0.04,0.34,-0.06,0.65,0.00,25.25
-0.03,0.67,0.10,0.39,-0.05,0.66,0.00,25.25
-0.03,0.67,0.15,0.44,-0.03,0.67,0.00,25.25
-0.02,0.68,0.13,0.41,-0.03,0.67,0.00,25.25
-0.01,0.70,0.15,0.49,-0.01,0.70,0.00,25.25
0.01,0.74,0.21,0.70,0.01,0.74,0.00,25.25
0.02,0.79,0.23,0.81,0.01,0.74,0.00,25.25
0.03,0.82,0.19,0.92,0.02,0.79,0.00,25.25
0.03,0.86,0.17,0.91,0.03,0.82,0.00,25.25
0.03,0.86,0.11,0.92,0.03,0.86,0.00,25.25
0.04,0.87,0.17,0.82,0.04,0.87,0.00,25.25
0.09,0.94,0.22,0.85,0.06,0.90,0.00,25.25
0.11,0.99,0.37,1.01,0.09,0.94,0.00,25.25
0.13,1.03,0.42,1.06,0.11,0.99,0.00,25.25
0.13,1.06,0.29,1.09,0.13,1.06,0.00,25.25
0.14,1.09,0.22,1.08,0.14,1.09,0.00,25.25
0.15,1.17,0.20,1.11,0.14,1.09,0.00,25.25
0.16,1.24,0.20,1.35,0.15,1.17,0.00,25.26
0.17,1.29,0.20,1.48,0.16,1.24,0.00,25.26
0.18,1.34,0.24,1.48,0.18,1.34,0.00,25.26
0.18,1.37,0.23,1.40,0.18,1.37,0.00,25.25
0.20,1.43,0.19,1.34,0.18,1.37,0.00,25.25
0.19,1.48,0.22,1.41,0.20,1.43,0.00,25.26
0.19,1.54,0.21,1.50,0.19,1.48,0.00,25.26
0.20,1.59,0.17,1.61,0.20,1.59,0.00,25.26
0.21,1.61,0.20,1.48,0.21,1.61,0.00,25.25
0.20,1.63,0.22,1.36,0.21,1.61,0.00,25.25
0.19,1.69,0.13,1.29,0.20,1.63,0.00,25.25
0.19,1.73,0.02,1.52,0.19,1.69,0.00,25.26
0.18,1.77,0.01,1.53,0.18,1.77,0.00,25.26
0.16,1.79,-0.05,1.48,0.16,1.79,0.00,25.26
0.17,1.78,-0.07,1.41,0.16,1.79,0.00,25.25
0.16,1.75,-0.05,1.16,0.17,1.78,0.00,25.25
0.16,1.74,-0.04,0.92,0.16,1.75,0.00,25.25
0.15,1.72,0.01,0.75,0.15,1.72,0.00,25.25
0.14,1.74,-0.03,0.79,0.14,1.74,0.00,25.25
0.12,1.74,-0.05,0.90,0.14,1.74,0.00,25.25
0.09,1.75,-0.13,0.89,0.12,1.74,0.00,25.25
0.09,1.74,-0.19,0.99,0.09,1.75,0.00,25.25
0.06,1.70,-0.20,0.77,0.06,1.70,0.00,25.25
0.03,1.65,-0.31,0.50,0.03,1.65,0.00,25.25
0.01,1.61,-0.36,0.36,0.03,1.65,0.00,25.25
-0.02,1.58,-0.37,0.31,0.01,1.61,0.00,25.25
-0.02,1.56,-0.35,0.35,-0.02,1.58,0.00,25.25
-0.02,1.56,-0.19,0.63,-0.02,1.56,0.00,25.25
-0.02,1.60,-0.13,0.96,-0.02,1.60,0.00,25.25
-0.04,1.62,-0.12,0.98,-0.02,1.61,0.00,25.25
-0.03,1.68,-0.14,1.01,-0.04,1.62,0.00,25.25
-0.02,1.66,-0.09,1.32,-0.03,1.68,0.00,25.26
-0.01,1.65,0.08,0.90,-0.01,1.65,0.00,25.25
-0.01,1.65,0.09,0.80,-0.01,1.65,0.00,25.25
0.01,1.62,0.06,0.82,-0.01,1.65,0.00,25.25
0.03,1.59,0.14,0.73,0.01,1.62,0.00,25.25
0.05,1.55,0.21,0.60,0.03,1.59,0.00,25.25
0.07,1.53,0.28,0.40,0.07,1.53,0.00,25.25
0.08,1.52,0.29,0.46,0.08,1.52,0.00,25.25
0.08,1.52,0.28,0.54,0.08,1.52,0.00,25.25
0.09,1.56,0.21,0.62,0.08,1.52,0.00,25.25
0.08,1.58,0.21,0.92,0.09,1.56,0.00,25.25
0.11,1.58,0.17,1.02,0.11,1.58,0.00,25.25
0.14,1.60,0.32,1.01,0.14,1.60,0.00,25.25
0.15,1.64,0.34,1.07,0.14,1.60,0.00,25.25
0.18,1.67,0.34,1.25,0.15,1.64,0.00,25.25
0.19,1.66,0.38,1.30,0.18,1.67,0.00,25.26
0.19,1.63,0.30,0.90,0.19,1.63,0.00,25.25
0.19,1.63,0.21,0.77,0.19,1.63,0.00,25.25
0.21,1.65,0.19,0.82,0.19,1.63,0.00,25.25
0.22,1.65,0.26,0.93,0.21,1.65,0.00,25.25
0.22,1.63,0.28,0.91,0.22,1.65,0.00,25.25
0.21,1.64,0.14,0.82,0.21,1.64,0.00,25.25
0.21,1.65,0.07,0.87,0.21,1.64,0.00,25.25
0.22,1.66,0.06,0.98,0.21,1.65,0.00,25.25
0.23,1.70,0.15,1.01,0.22,1.66,0.00,25.25
0.24,1.68,0.20,1.14,0.23,1.70,0.00,25.25
0.26,1.68,0.27,0.89,0.26,1.68,0.00,25.25
0.25,1.66,0.22,0.81,0.25,1.66,0.00,25.25
0.24,1.66,0.14,0.75,0.25,1.66,0.00,25.25
0.23,1.65,0.08,0.78,0.24,1.66,0.00,25.25
0.23,1.68,0.03,0.75,0.23,1.65,0.00,25.25
0.24,1.70,0.15,1.05,0.24,1.70,0.00,25.25
0.23,1.74,0.15,1.26,0.23,1.74,0.00,25.26
0.23,1.73,0.14,1.40,0.23,1.74,0.00,25.26
0.21,1.75,0.08,1.17,0.23,1.73,0.00,25.25
0.22,1.81,0.00,1.13,0.21,1.75,0.00,25.25
0.23,1.84,0.14,1.44,0.23,1.84,0.00,25.26
0.22,1.85,0.13,1.38,0.22,1.85,0.00,25.25
0.21,1.86,0.06,1.29,0.22,1.85,0.00,25.25
0.20,1.84,0.01,1.25,0.21,1.86,0.00,25.25
0.18,1.83,-0.01,1.02,0.20,1.84,0.00,25.25
0.16,1.87,-0.09,1.06,0.16,1.87,0.00,25.25
0.16,1.92,-0.09,1.36,0.16,1.92,0.00,25.26
0.14,1.94,-0.09,1.50,0.16,1.92,0.00,25.26
0.13,1.94,-0.12,1.47,0.14,1.94,0.00,25.26
0.12,1.96,-0.11,1.33,0.13,1.94,0.00,25.25
0.09,1.96,-0.16,1.26,0.09,1.96,0.00,25.25
0.08,2.00,-0.23,1.30,0.08,2.00,0.00,25.26
0.07,2.02,-0.22,1.41,0.08,2.00,0.00,25.26
0.05,2.00,-0.19,1.44,0.07,2.02,0.00,25.26
0.03,1.93,-0.22,1.20,0.05,2.00,0.00,25.25
-0.00,1.90,-0.28,0.55,-0.00,1.90,0.00,25.25
-0.01,1.89,-0.30,0.59,-0.01,1.89,0.00,25.25
0.02,1.87,-0.26,0.66,-0.01,1.89,0.00,25.25
0.01,1.82,-0.03,0.67,0.02,1.87,0.00,25.25
0.02,1.79,0.01,0.51,0.01,1.82,0.00,25.25
0.02,1.78,0.03,0.57,0.02,1.78,0.00,25.25
0.03,1.79,0.07,0.63,0.02,1.78,0.00,25.25
0.07,1.79,0.11,0.85,0.03,1.79,0.00,25.25
0.08,1.72,0.29,0.90,0.07,1.79,0.00,25.25
0.08,1.66,0.27,0.51,0.08,1.72,0.00,25.25
0.09,1.62,0.17,0.22,0.09,1.62,0.00,25.25
0.12,1.61,0.25,0.32,0.12,1.61,0.00,25.25
0.13,1.56,0.31,0.44,0.12,1.61,0.00,25.25
0.15,1.55,0.28,0.33,0.13,1.56,0.00,25.25
0.16,1.49,0.35,0.44,0.15,1.55,0.00,25.25
0.17,1.44,0.26,0.17,0.17,1.44,0.00,25.25
0.20,1.46,0.37,0.35,0.20,1.46,0.00,25.25
0.22,1.50,0.42,0.59,0.20,1.46,0.00,25.25
0.25,1.52,0.41,0.89,0.22,1.50,0.00,25.25
0.27,1.53,0.43,0.98,0.25,1.52,0.00,25.25
0.27,1.53,0.48,1.00,0.27,1.53,0.00,25.25
0.29,1.54,0.49,0.94,0.29,1.54,0.00,25.25
0.34,1.52,0.46,0.85,0.31,1.53,0.00,25.25
0.34,1.47,0.49,0.75,0.34,1.52,0.00,25.25
0.33,1.49,0.37,0.42,0.34,1.47,0.00,25.25
0.33,1.49,0.18,0.72,0.33,1.49,0.00,25.25
0.32,1.51,0.16,0.91,0.32,1.51,0.00,25.25
0.32,1.51,0.20,0.90,0.32,1.51,0.00,25.25
0.33,1.55,0.21,0.85,0.32,1.51,0.00,25.25
0.32,1.56,0.22,1.05,0.33,1.55,0.00,25.25
0.33,1.55,0.17,0.94,0.33,1.55,0.00,25.25
0.33,1.58,0.16,0.85,0.33,1.55,0.00,25.25
0.34,1.59,0.16,1.00,0.33,1.58,0.00,25.25
0.35,1.56,0.22,1.07,0.34,1.59,0.00,25.25
0.34,1.52,0.28,0.79,0.35,1.56,0.00,25.25
0.33,1.53,0.14,0.60,0.33,1.53,0.00,25.25
0.33,1.52,0.09,0.67,0.33,1.53,0.00,25.25
0.33,1.55,0.11,0.68,0.33,1.52,0.00,25.25
0.33,1.60,0.13,0.92,0.33,1.55,0.00,25.25
0.34,1.60,0.20,1.20,0.33,1.60,0.00,25.26
0.33,1.57,0.15,0.85,0.33,1.57,0.00,25.25
0.33,1.62,0.12,0.88,0.33,1.62,0.00,25.25
0.31,1.66,0.12,1.10,0.33,1.62,0.00,25.25
0.31,1.66,0.07,1.28,0.31,1.66,0.00,25.26
0.30,1.68,0.06,1.19,0.31,1.66,0.00,25.25
0.28,1.71,-0.02,1.22,0.28,1.71,0.00,25.25
0.27,1.75,-0.04,1.30,0.27,1.75,0.00,25.25
0.26,1.73,-0.02,1.34,0.27,1.75,0.00,25.25
0.25,1.75,-0.03,1.12,0.26,1.73,0.00,25.25
0.24,1.77,-0.01,1.13,0.25,1.75,0.00,25.25
0.20,1.76,-0.16,1.08,0.20,1.76,0.00,25.25
0.18,1.77,-0.25,1.01,0.18,1.77,0.00,25.25
0.16,1.77,-0.23,1.03,0.18,1.77,0.00,25.25
0.16,1.80,-0.25,1.03,0.16,1.77,0.00,25.25
0.15,1.81,-0.10,1.14,0.16,1.80,0.00,25.25
0.14,1.87,-0.06,1.35,0.14,1.87,0.00,25.26
0.11,1.91,-0.19,1.60,0.11,1.91,0.00,25.26
0.09,1.91,-0.28,1.60,0.11,1.91,0.00,25.26
0.11,1.92,-0.27,1.37,0.09,1.91,0.00,25.25
0.12,1.97,-0.07,1.27,0.11,1.92,0.00,25.25
0.12,1.97,0.14,1.35,0.12,1.97,0.00,25.25
0.12,1.95,0.16,1.04,0.12,1.95,0.00,25.25
0.11,1.91,0.15,0.94,0.12,1.94,0.00,25.25
0.11,1.90,0.06,0.79,0.11,1.91,0.00,25.25
0.11,1.90,0.04,0.81,0.11,1.90,0.00,25.25
0.10,1.94,0.03,1.07,0.10,1.94,0.00,25.25
0.11,1.96,0.00,1.31,0.11,1.96,0.00,25.26
0.10,1.95,0.00,1.35,0.11,1.96,0.00,25.26
0.11,1.96,-0.00,1.20,0.10,1.95,0.00,25.25
0.13,1.95,0.08,1.19,0.11,1.96,0.00,25.25
0.15,1.99,0.26,1.19,0.15,1.99,0.00,25.25
0.17,2.01,0.34,1.38,0.17,2.01,0.00,25.26
0.17,2.04,0.32,1.40,0.17,2.01,0.00,25.26
0.18,2.03,0.25,1.48,0.17,2.04,0.00,25.26
0.20,2.03,0.25,1.31,0.18,2.03,0.00,25.25
0.21,2.05,0.29,1.18,0.21,2.05,0.00,25.25
0.23,2.08,0.32,1.31,0.23,2.08,0.00,25.26
0.24,2.10,0.32,1.37,0.23,2.08,0.00,25.26
0.25,2.10,0.32,1.44,0.24,2.10,0.00,25.26
0.28,2.08,0.32,1.36,0.25,2.10,0.00,25.25
0.28,2.08,0.38,1.04,0.28,2.08,0.00,25.25
0.29,2.03,0.35,0.99,0.28,2.08,0.00,25.25
0.28,1.97,0.26,0.77,0.29,2.03,0.00,25.25
0.29,1.98,0.17,0.56,0.28,1.97,0.00,25.25
0.30,1.94,0.24,0.71,0.29,1.98,0.00,25.25
0.30,1.94,0.19,0.78,0.30,1.94,0.00,25.25
0.28,1.93,0.07,0.83,0.28,1.93,0.00,25.25
0.31,1.92,0.07,0.78,0.28,1.93,0.00,25.25
0.30,1.93,0.21,0.86,0.31,1.92,0.00,25.25
0.31,1.92,0.21,1.02,0.30,1.93,0.00,25.25
0.31,1.92,0.14,0.70,0.31,1.92,0.00,25.25
0.30,1.85,0.20,0.50,0.30,1.85,0.00,25.25
0.33,1.84,0.31,0.56,0.33,1.84,0.00,25.25
0.35,1.79,0.32,0.72,0.33,1.84,0.00,25.25
0.34,1.78,0.34,0.55,0.35,1.79,0.00,25.25
0.35,1.81,0.26,0.84,0.35,1.81,0.00,25.25
0.35,1.81,0.24,1.04,0.35,1.81,0.00,25.25
0.35,1.76,0.21,1.01,0.35,1.81,0.00,25.25
0.36,1.77,0.21,0.67,0.35,1.76,0.00,25.25
0.37,1.77,0.26,0.72,0.36,1.77,0.00,25.25
0.37,1.76,0.28,0.86,0.37,1.76,0.00,25.25
0.37,1.75,0.27,0.91,0.37,1.76,0.00,25.25
0.37,1.76,0.22,0.84,0.37,1.75,0.00,25.25
0.37,1.79,0.20,0.90,0.37,1.76,0.00,25.25
0.39,1.81,0.18,1.09,0.37,1.79,0.00,25.25
0.40,1.81,0.34,1.15,0.40,1.81,0.00,25.25
0.42,1.83,0.40,1.10,0.42,1.83,0.00,25.25
0.39,1.84,0.41,1.13,0.42,1.83,0.00,25.25
0.38,1.82,0.20,1.14,0.39,1.84,0.00,25.25
0.39,1.81,0.11,0.96,0.38,1.82,0.00,25.25
0.37,1.79,0.14,0.82,0.37,1.79,0.00,25.25
0.38,1.77,0.10,0.74,0.38,1.77,0.00,25.25
0.37,1.76,0.11,0.72,0.38,1.77,0.00,25.25
0.36,1.75,0.12,0.71,0.37,1.76,0.00,25.25
0.35,1.77,0.07,0.77,0.36,1.75,0.00,25.25
0.36,1.83,0.14,1.20,0.36,1.83,0.00,25.26
0.38,1.87,0.30,1.53,0.38,1.87,0.00,25.26
0.38,1.92,0.35,1.58,0.38,1.87,0.00,25.26
0.37,1.94,0.29,1.64,0.38,1.92,0.00,25.26
0.33,1.95,0.17,1.52,0.37,1.94,0.00,25.25
0.33,1.98,-0.03,1.36,0.33,1.98,0.00,25.25
0.33,2.00,0.02,1.39,0.33,2.00,0.00,25.26
0.33,2.02,0.08,1.41,0.33,2.00,0.00,25.26
0.31,1.95,0.12,1.41,0.33,2.02,0.00,25.26
0.28,1.97,0.05,0.90,0.31,1.95,0.00,25.25
0.26,2.01,-0.12,1.21,0.26,2.01,0.00,25.26
0.25,2.00,-0.13,1.27,0.25,2.00,0.00,25.25
0.24,1.99,-0.14,1.16,0.25,2.00,0.00,25.25
0.24,1.99,-0.04,1.06,0.24,1.99,0.00,25.25
0.24,1.98,0.02,1.03,0.24,1.99,0.00,25.25
0.21,1.94,-0.05,0.84,0.21,1.94,0.00,25.25
0.19,1.94,-0.19,0.76,0.19,1.94,0.00,25.25
0.18,1.95,-0.22,0.80,0.19,1.94,0.00,25.25
0.19,1.98,-0.15,0.92,0.18,1.95,0.00,25.25
0.19,2.00,0.05,1.27,0.19,1.98,0.00,25.26
0.17,1.96,0.05,1.12,0.17,1.96,0.00,25.25
0.18,1.95,0.02,0.84,0.18,1.95,0.00,25.25
0.17,1.89,0.06,0.82,0.18,1.95,0.00,25.25
0.17,1.85,0.07,0.55,0.17,1.89,0.00,25.25
0.18,1.82,0.04,0.49,0.17,1.85,0.00,25.25
0.17,1.78,0.12,0.43,0.17,1.78,0.00,25.25
0.17,1.81,0.05,0.69,0.17,1.81,0.00,25.25
0.17,1.81,0.04,0.98,0.17,1.81,0.00,25.25
0.19,1.82,0.06,1.00,0.17,1.81,0.00,25.25
0.21,1.83,0.13,1.04,0.19,1.82,0.00,25.25
0.24,1.81,0.36,0.96,0.24,1.81,0.00,25.25
0.23,1.79,0.32,0.80,0.23,1.79,0.00,25.25
0.26,1.79,0.21,0.73,0.23,1.79,0.00,25.25
0.29,1.77,0.30,0.79,0.26,1.79,0.00,25.25
0.31,1.77,0.47,0.75,0.29,1.77,0.00,25.25
0.32,1.73,0.42,0.76,0.32,1.73,0.00,25.25
0.32,1.68,0.33,0.50,0.32,1.68,0.00,25.25
0.30,1.65,0.25,0.36,0.32,1.68,0.00,25.25
0.31,1.62,0.10,0.35,0.30,1.65,0.00,25.25
0.31,1.60,0.13,0.37,0.31,1.62,0.00,25.25
0.32,1.62,0.22,0.66,0.32,1.62,0.00,25.25
0.34,1.64,0.37,0.96,0.34,1.64,0.00,25.25
0.37,1.64,0.44,1.00,0.34,1.64,0.00,25.25
0.39,1.64,0.46,0.94,0.37,1.64,0.00,25.25
0.40,1.65,0.48,0.89,0.39,1.64,0.00,25.25
0.38,1.68,0.31,1.07,0.38,1.68,0.00,25.25
0.38,1.69,0.18,1.14,0.38,1.69,0.00,25.25
0.38,1.69,0.16,1.10,0.38,1.69,0.00,25.25
0.39,1.70,0.16,1.04,0.38,1.69,0.00,25.25
0.38,1.71,0.18,1.02,0.39,1.70,0.00,25.25
0.38,1.77,0.21,1.26,0.38,1.77,0.00,25.26
0.38,1.87,0.20,1.76,0.38,1.87,0.00,25.26
0.38,1.91,0.16,1.99,0.38,1.87,0.00,25.27
0.39,1.91,0.16,1.89,0.38,1.91,0.00,25.26
0.39,1.94,0.22,1.56,0.39,1.91,0.00,25.25
0.37,1.98,0.19,1.55,0.37,1.98,0.00,25.26
0.36,1.99,0.06,1.53,0.36,1.99,0.00,25.26
0.36,1.99,0.03,1.43,0.36,1.99,0.00,25.25
0.36,1.95,0.07,1.26,0.36,1.99,0.00,25.25
0.34,1.94,0.13,0.93,0.36,1.95,0.00,25.25
0.34,1.94,-0.05,0.95,0.34,1.94,0.00,25.25
0.28,1.95,-0.20,1.05,0.28,1.95,0.00,25.25
0.24,1.98,-0.22,1.01,0.28,1.95,0.00,25.25
0.23,2.00,-0.30,1.17,0.24,1.98,0.00,25.26
0.21,2.01,-0.24,1.26,0.23,2.00,0.00,25.25
0.20,1.99,-0.14,1.14,0.20,1.99,0.00,25.25
0.20,2.03,-0.06,1.16,0.20,2.03,0.00,25.25
0.20,2.03,-0.01,1.31,0.20,2.03,0.00,25.26
0.19,2.03,0.02,1.24,0.20,2.03,0.00,25.25
0.19,2.01,-0.01,1.20,0.19,2.03,0.00,25.25
0.19,1.99,0.08,0.90,0.19,1.99,0.00,25.25
0.18,1.97,0.07,0.83,0.18,1.97,0.00,25.25
0.19,1.97,0.05,0.83,0.18,1.97,0.00,25.25
0.18,1.97,0.13,0.93,0.19,1.97,0.00,25.25
0.16,1.96,0.07,1.00,0.18,1.97,0.00,25.25
0.12,1.94,-0.20,0.92,0.12,1.94,0.00,25.25
0.12,1.93,-0.26,0.83,0.12,1.93,0.00,25.25
0.11,1.95,-0.19,0.84,0.12,1.93,0.00,25.25
0.11,1.96,-0.09,0.98,0.11,1.95,0.00,25.25
0.11,1.97,-0.06,1.11,0.11,1.96,0.00,25.25
0.12,1.97,0.02,1.13,0.12,1.97,0.00,25.25
0.12,1.91,0.08,1.12,0.12,1.97,0.00,25.25
0.14,1.90,0.06,0.78,0.12,1.91,0.00,25.25
0.14,1.91,0.14,0.77,0.14,1.90,0.00,25.25
0.16,1.89,0.19,0.84,0.14,1.91,0.00,25.25
0.17,1.88,0.27,0.81,0.17,1.88,0.00,25.25
0.18,1.85,0.26,0.75,0.18,1.85,0.00,25.25
0.19,1.80,0.22,0.69,0.18,1.85,0.00,25.25
0.19,1.74,0.23,0.45,0.19,1.80,0.00,25.25
0.19,1.74,0.16,0.30,0.19,1.74,0.00,25.25
0.19,1.75,0.12,0.59,0.19,1.74,0.00,25.25
0.19,1.79,0.14,0.77,0.19,1.75,0.00,25.25
0.20,1.78,0.14,1.15,0.19,1.79,0.00,25.25
0.22,1.77,0.20,1.12,0.20,1.78,0.00,25.25
0.25,1.77,0.27,0.96,0.22,1.77,0.00,25.25
0.26,1.74,0.40,0.82,0.26,1.74,0.00,25.25
0.26,1.75,0.32,0.77,0.26,1.75,0.00,25.25
0.26,1.77,0.28,0.87,0.26,1.75,0.00,25.25
0.27,1.72,0.23,1.02,0.26,1.77,0.00,25.25
0.29,1.73,0.28,0.76,0.27,1.72,0.00,25.25
0.31,1.74,0.37,0.90,0.31,1.74,0.00,25.25
0.33,1.73,0.44,0.93,0.33,1.73,0.00,25.25
0.32,1.73,0.46,0.89,0.33,1.73,0.00,25.25
0.33,1.75,0.28,0.89,0.32,1.73,0.00,25.25
0.36,1.78,0.25,1.02,0.33,1.75,0.00,25.25
0.34,1.78,0.34,1.11,0.34,1.78,0.00,25.25
0.34,1.78,0.15,0.99,0.34,1.78,0.00,25.25
0.35,1.76,0.12,0.96,0.34,1.78,0.00,25.25
0.39,1.75,0.21,0.85,0.35,1.76,0.00,25.25
0.40,1.74,0.40,0.79,0.39,1.75,0.00,25.25
0.40,1.77,0.38,0.95,0.40,1.77,0.00,25.25
0.40,1.83,0.33,1.35,0.40,1.83,0.00,25.26
0.41,1.86,0.32,1.55,0.40,1.83,0.00,25.26
0.42,1.86,0.35,1.49,0.41,1.86,0.00,25.26
0.44,1.89,0.28,1.25,0.42,1.86,0.00,25.25
0.44,1.92,0.38,1.36,0.44,1.92,0.00,25.26
0.42,1.93,0.26,1.36,0.42,1.93,0.00,25.25
0.42,1.91,0.15,1.33,0.42,1.93,0.00,25.25
0.44,1.88,0.15,1.12,0.42,1.91,0.00,25.25
0.44,1.87,0.25,0.88,0.44,1.88,0.00,25.25
0.45,1.83,0.31,0.71,0.45,1.83,0.00,25.25
0.44,1.85,0.28,0.77,0.44,1.85,0.00,25.25
0.44,1.86,0.24,0.91,0.44,1.85,0.00,25.25
0.44,1.85,0.22,1.00,0.44,1.86,0.00,25.25
0.44,1.82,0.25,0.95,0.44,1.85,0.00,25.25
0.44,1.81,0.19,0.76,0.44,1.81,0.00,25.25
0.42,1.75,0.11,0.60,0.42,1.75,0.00,25.25
0.41,1.76,0.06,0.47,0.42,1.75,0.00,25.25
0.41,1.79,0.07,0.65,0.41,1.76,0.00,25.25
0.40,1.80,0.14,0.95,0.41,1.79,0.00,25.25
0.38,1.81,0.08,1.08,0.38,1.81,0.00,25.25
0.38,1.81,0.06,1.09,0.38,1.81,0.00,25.25
0.38,1.84,0.04,1.06,0.38,1.81,0.00,25.25
0.39,1.88,0.08,1.19,0.38,1.84,0.00,25.25
0.40,1.89,0.24,1.37,0.39,1.88,0.00,25.26
0.40,1.84,0.29,1.06,0.40,1.84,0.00,25.25
0.39,1.81,0.22,0.67,0.39,1.81,0.00,25.25
0.39,1.85,0.17,0.57,0.39,1.81,0.00,25.25
0.38,1.86,0.17,0.90,0.39,1.85,0.00,25.25
0.36,1.88,0.12,1.16,0.38,1.86,0.00,25.25
0.36,1.89,0.04,1.23,0.36,1.88,0.00,25.25
0.36,1.89,0.05,1.21,0.36,1.89,0.00,25.25
0.35,1.91,0.07,1.14,0.36,1.89,0.00,25.25
0.35,1.91,0.10,1.17,0.35,1.91,0.00,25.25
0.35,1.93,0.11,1.09,0.35,1.91,0.00,25.25
0.32,1.90,0.01,1.03,0.32,1.90,0.00,25.25
0.33,1.91,0.01,0.95,0.33,1.91,0.00,25.25
0.32,1.93,0.09,1.01,0.33,1.91,0.00,25.25
0.30,1.93,0.08,1.17,0.32,1.93,0.00,25.25
0.29,1.97,-0.00,1.11,0.30,1.93,0.00,25.25
0.30,2.00,0.08,1.36,0.30,2.00,0.00,25.26
0.32,2.02,0.24,1.46,0.32,2.02,0.00,25.26
0.32,2.02,0.32,1.49,0.32,2.02,0.00,25.26
0.31,2.05,0.25,1.35,0.32,2.02,0.00,25.25
0.32,2.04,0.17,1.37,0.31,2.05,0.00,25.25
0.32,2.04,0.21,1.17,0.32,2.04,0.00,25.25
0.32,2.06,0.24,1.16,0.32,2.04,0.00,25.25
0.32,2.04,0.24,1.22,0.32,2.06,0.00,25.25
0.31,2.06,0.19,1.08,0.32,2.04,0.00,25.25
0.32,2.03,0.13,1.13,0.31,2.06,0.00,25.25
0.32,2.03,0.21,0.95,0.32,2.03,0.00,25.25
0.34,2.04,0.35,0.89,0.34,2.04,0.00,25.25
0.37,1.99,0.37,0.69,0.36,1.99,0.00,25.25
0.39,1.98,0.42,0.77,0.37,1.99,0.00,25.25
0.38,1.94,0.41,0.83,0.39,1.98,0.00,25.25
0.38,1.94,0.24,0.50,0.38,1.94,0.00,25.25
0.38,1.87,0.27,0.30,0.38,1.87,0.00,25.25
0.42,1.81,0.32,0.34,0.40,1.84,0.00,25.25
0.45,1.82,0.43,0.44,0.42,1.81,0.00,25.25
0.46,1.81,0.54,0.64,0.45,1.82,0.00,25.25
0.50,1.81,0.57,0.85,0.50,1.81,0.00,25.25
0.50,1.81,0.70,1.02,0.50,1.81,0.00,25.25
0.57,1.81,0.76,1.05,0.54,1.83,0.00,25.25
0.59,1.81,0.79,0.93,0.57,1.81,0.00,25.25
0.61,1.81,0.70,0.94,0.59,1.81,0.00,25.25
0.62,1.79,0.61,0.86,0.62,1.79,0.00,25.25
0.62,1.77,0.52,0.74,0.62,1.77,0.00,25.25
0.64,1.78,0.49,0.71,0.62,1.77,0.00,25.25
0.67,1.80,0.51,0.85,0.64,1.78,0.00,25.25
0.70,1.83,0.64,1.03,0.67,1.80,0.00,25.26
0.72,1.91,0.72,1.45,0.72,1.91,0.00,25.26
0.73,1.95,0.68,1.76,0.73,1.95,0.00,25.26
0.76,1.93,0.63,1.74,0.73,1.95,0.00,25.26
0.77,1.94,0.70,1.38,0.76,1.93,0.00,25.25
0.80,1.97,0.66,1.22,0.77,1.94,0.00,25.25
0.81,1.94,0.68,1.29,0.80,1.97,0.00,25.26
0.81,1.97,0.63,1.10,0.81,1.97,0.00,25.25
0.80,2.00,0.59,1.22,0.81,1.97,0.00,25.26
0.81,2.01,0.54,1.36,0.80,2.00,0.00,25.26
0.80,2.01,0.57,1.32,0.81,2.01,0.00,25.26
0.78,2.03,0.30,1.21,0.78,2.03,0.00,25.25
0.77,2.07,0.18,1.37,0.77,2.07,0.00,25.26
0.75,2.09,0.18,1.47,0.77,2.07,0.00,25.26
0.71,2.10,0.16,1.53,0.75,2.09,0.00,25.26
0.70,2.10,0.01,1.36,0.71,2.10,0.00,25.25
0.68,2.08,0.06,1.16,0.68,2.08,0.00,25.25
0.65,2.10,0.04,1.06,0.65,2.10,0.00,25.25
0.64,2.11,0.04,1.13,0.65,2.10,0.00,25.25
0.63,2.08,0.04,1.21,0.64,2.11,0.00,25.25
0.62,2.07,0.15,1.06,0.63,2.08,0.00,25.25
0.62,2.07,0.16,1.06,0.62,2.07,0.00,25.25
0.61,2.09,0.11,1.18,0.61,2.09,0.00,25.25
0.58,2.08,0.09,1.18,0.59,2.09,0.00,25.25
0.58,2.08,0.08,1.10,0.58,2.08,0.00,25.25
0.56,2.03,0.20,1.10,0.58,2.08,0.00,25.25
0.56,2.03,0.00,0.65,0.56,2.03,0.00,25.25
0.52,1.98,-0.12,0.55,0.52,1.98,0.00,25.25
0.49,1.92,-0.12,0.60,0.49,1.96,0.00,25.25
0.47,1.88,-0.04,0.55,0.49,1.92,0.00,25.25
0.44,1.88,-0.02,0.51,0.47,1.88,0.00,25.25
0.44,1.88,-0.07,0.65,0.44,1.88,0.00,25.25
0.42,1.86,-0.08,0.55,0.42,1.86,0.00,25.25
0.38,1.80,-0.10,0.43,0.40,1.81,0.00,25.25
0.35,1.76,-0.10,0.55,0.38,1.80,0.00,25.25
0.31,1.75,-0.17,0.52,0.35,1.76,0.00,25.25
0.27,1.72,-0.33,0.56,0.27,1.72,0.00,25.25
0.25,1.72,-0.35,0.62,0.25,1.72,0.00,25.25
0.25,1.72,-0.29,0.69,0.25,1.72,0.00,25.25
0.26,1.70,-0.06,0.81,0.25,1.72,0.00,25.25
0.25,1.70,0.12,0.75,0.26,1.70,0.00,25.25
0.25,1.71,0.07,0.86,0.25,1.71,0.00,25.25
0.26,1.72,0.13,0.99,0.26,1.72,0.00,25.25
0.26,1.72,0.19,1.02,0.26,1.72,0.00,25.25
0.25,1.71,2.54,1.00,10.26,1.72,0.00,25.36
0.23,1.72,4.46,0.90,10.25,1.71,0.00,25.36
0.23,1.72,5.03,0.95,10.23,1.72,0.00,25.36
0.24,1.74,5.30,1.01,10.24,1.74,0.00,25.37
0.22,1.75,5.39,1.06,10.24,1.74,0.00,25.37
0.21,1.73,5.36,1.07,10.22,1.75,0.00,25.36
0.11,1.73,5.27,0.92,10.21,1.73,0.00,25.35
0.04,1.85,4.57,1.36,10.04,1.85,0.00,25.33
-0.02,1.95,4.43,2.10,9.98,1.95,0.00,25.34
-0.11,2.05,4.41,2.27,9.98,1.95,0.00,25.34
-0.23,2.14,4.14,2.52,9.89,2.05,0.00,25.34
-0.41,2.18,3.83,2.53,9.77,2.14,0.00,25.32
-0.57,2.23,2.99,2.10,9.43,2.23,0.00,25.29
-0.72,2.28,2.73,1.98,9.28,2.28,0.00,25.29
-0.86,2.30,2.70,1.95,9.28,2.28,0.00,25.29
-1.04,2.31,2.70,1.81,9.14,2.30,0.00,25.29
-1.24,2.33,2.53,1.63,8.96,2.31,0.00,25.28
-1.24,2.33,1.80,1.74,8.76,2.33,0.00,25.27
-1.69,2.49,1.35,2.14,8.31,2.49,0.00,25.27
-1.96,2.52,1.28,2.31,8.31,2.49,0.00,25.28
-2.24,2.53,0.91,2.14,8.04,2.52,0.00,25.26
-2.53,2.50,0.49,1.93,7.76,2.53,0.00,25.26
-2.53,2.50,-0.07,1.37,7.47,2.50,0.00,25.25
-2.82,2.49,-0.44,1.15,7.18,2.49,0.00,25.25
-3.45,2.43,-0.65,1.03,6.87,2.46,0.00,25.25
-3.80,2.35,-0.97,0.93,6.55,2.43,0.00,25.26
-4.17,2.31,-1.37,0.61,6.20,2.35,0.00,25.26
-4.53,2.26,-2.06,0.57,5.47,2.26,0.00,25.27
-4.83,2.18,-2.20,0.39,5.17,2.18,0.00,25.27
-5.15,2.10,-2.11,0.26,5.17,2.18,0.00,25.26
-5.48,1.99,-2.11,0.10,4.85,2.10,0.00,25.26
-5.78,1.90,-2.24,-0.13,4.52,1.99,0.00,25.27
-6.09,1.79,-2.43,-0.45,3.91,1.79,0.00,25.27
-6.41,1.64,-2.60,-0.74,3.59,1.64,0.00,25.28
-6.71,1.50,-2.64,-0.90,3.59,1.64,0.00,25.28
-6.99,1.34,-2.74,-1.19,3.29,1.50,0.00,25.28
-7.25,1.20,-2.72,-1.37,3.01,1.34,0.00,25.28
-7.48,1.10,-2.44,-1.34,2.52,1.10,0.00,25.27
-7.70,1.00,-2.25,-1.10,2.30,1.00,0.00,25.27
-7.95,0.83,-2.20,-1.04,2.30,1.00,0.00,25.27
-8.16,0.70,-2.38,-1.45,2.05,0.83,0.00,25.29
-8.35,0.58,-2.34,-1.54,1.84,0.70,0.00,25.28
-8.54,0.44,-2.19,-1.66,1.46,0.44,0.00,25.28
-8.72,0.30,-2.11,-1.84,1.28,0.30,0.00,25.28
-8.87,0.20,-2.08,-1.92,1.28,0.30,0.00,25.28
-9.01,0.11,-1.90,-1.75,1.13,0.20,0.00,25.27
-9.14,0.04,-1.67,-1.49,0.99,0.11,0.00,25.26
-9.25,-0.01,-1.50,-1.10,0.75,-0.01,0.00,25.26
-9.37,-0.06,-1.40,-0.91,0.63,-0.06,0.00,25.26
-9.44,-0.07,-1.38,-0.85,0.63,-0.06,0.00,25.26
-9.50,-0.08,-1.21,-0.60,0.56,-0.07,0.00,25.25
-9.53,-0.09,-0.94,-0.48,0.50,-0.08,0.00,25.25
-9.58,-0.11,-0.57,-0.37,0.42,-0.11,0.00,25.25
-9.63,-0.15,-0.52,-0.40,0.37,-0.15,0.00,25.25
-9.65,-0.15,-0.51,-0.44,0.37,-0.15,0.00,25.25
-9.68,-0.12,-0.40,-0.30,0.35,-0.15,0.00,25.25
-9.68,-0.03,-0.29,0.06,0.32,-0.12,0.00,25.25
-9.68,-0.03,0.03,0.88,0.32,-0.03,0.00,25.25
-9.67,0.06,0.20,1.36,0.33,0.06,0.00,25.26
-9.66,0.30,0.23,1.56,0.34,0.18,0.00,25.26
-9.63,0.48,0.24,1.70,0.34,0.30,0.00,25.26
-9.63,0.64,0.41,2.16,0.37,0.48,0.00,25.28
-9.62,0.77,0.35,2.53,0.38,0.77,0.00,25.27
-9.61,0.93,0.37,2.63,0.39,0.93,0.00,25.28
-9.59,1.09,0.39,2.75,0.39,0.93,0.00,25.28
-9.57,1.22,0.45,2.80,0.41,1.09,0.00,25.28
-9.57,1.37,0.44,2.80,0.43,1.22,0.00,25.28
-9.56,1.52,0.33,2.94,0.44,1.52,0.00,25.28
-9.54,1.67,0.41,3.06,0.46,1.67,0.00,25.29
-9.57,1.83,0.45,3.11,0.46,1.67,0.00,25.29
-9.61,1.98,0.25,3.23,0.43,1.83,0.00,25.29
-9.63,2.10,-0.02,3.26,0.39,1.98,0.00,25.29
-9.66,2.22,-0.14,3.08,0.34,2.22,0.00,25.28
-9.69,2.32,-0.19,2.97,0.31,2.32,0.00,25.28
-9.72,2.43,-0.21,2.90,0.31,2.32,0.00,25.28
-9.74,2.49,-0.25,2.89,0.28,2.43,0.00,25.28
-9.78,2.56,-0.21,2.57,0.26,2.49,0.00,25.27
-9.81,2.66,-0.32,2.61,0.19,2.66,0.00,25.28
-9.86,2.72,-0.41,2.63,0.14,2.72,0.00,25.27
-9.92,2.77,-0.50,2.57,0.14,2.72,0.00,25.27
-9.96,2.81,-0.64,2.38,0.08,2.77,0.00,25.27
-10.00,2.87,-0.64,2.32,0.04,2.81,0.00,25.27
-10.04,2.90,-0.61,2.21,-0.04,2.90,0.00,25.27
-10.09,2.91,-0.64,2.03,-0.09,2.91,0.00,25.26
-10.15,2.92,-0.70,1.94,-0.09,2.91,0.00,25.26
-10.20,2.93,-0.78,1.84,-0.15,2.92,0.00,25.26
-10.27,2.90,-0.90,1.76,-0.20,2.93,0.00,25.26
-10.30,2.82,-0.90,1.16,-0.30,2.82,0.00,25.25
-10.33,2.81,-0.78,0.91,-0.33,2.81,0.00,25.25
-10.37,2.77,-0.76,1.00,-0.33,2.81,0.00,25.25
-10.39,2.71,-0.73,1.01,-0.37,2.77,0.00,25.25
-10.43,2.63,-0.66,0.83,-0.39,2.71,0.00,25.25
-10.44,2.56,-0.61,0.43,-0.44,2.56,0.00,25.25
-10.45,2.48,-0.51,0.25,-0.45,2.48,0.00,25.25
-10.47,2.39,-0.48,0.20,-0.45,2.48,0.00,25.25
-10.46,2.30,-0.50,0.11,-0.47,2.39,0.00,25.25
-10.45,2.19,-0.40,-0.03,-0.46,2.30,0.00,25.25
-10.45,2.10,-0.18,-0.25,-0.45,2.10,0.00,25.25
-10.43,2.05,-0.12,-0.13,-0.43,2.05,0.00,25.25
-10.41,1.97,-0.07,-0.01,-0.43,2.05,0.00,25.25
-10.39,1.92,-0.03,-0.04,-0.41,1.97,0.00,25.25
-10.34,1.87,0.05,0.07,-0.39,1.92,0.00,25.25
-10.29,1.83,0.35,0.17,-0.29,1.83,0.00,25.25
-10.24,1.80,0.51,0.31,-0.24,1.80,0.00,25.25
-10.19,1.76,0.54,0.42,-0.24,1.80,0.00,25.25
-10.13,1.74,0.59,0.36,-0.19,1.76,0.00,25.25
-10.08,1.70,0.70,0.45,-0.13,1.74,0.00,25.25
-10.05,1.65,0.68,0.36,-0.05,1.65,0.00,25.25
-9.99,1.63,0.64,0.32,0.01,1.63,0.00,25.25
-9.93,1.63,0.69,0.36,0.01,1.63,0.00,25.25
-9.88,1.63,0.78,0.52,0.07,1.63,0.00,25.25
-9.84,1.65,0.79,0.69,0.12,1.63,0.00,25.25
-9.79,1.68,0.76,1.03,0.21,1.68,0.00,25.26
-9.76,1.71,0.78,1.22,0.24,1.71,0.00,25.26
-9.72,1.73,0.76,1.27,0.24,1.71,0.00,25.26
-9.69,1.78,0.73,1.28,0.28,1.73,0.00,25.26
-9.65,1.86,0.69,1.42,0.31,1.78,0.00,25.26
-9.63,1.91,0.65,1.81,0.37,1.91,0.00,25.26
-9.63,1.91,0.60,1.77,0.37,1.91,0.00,25.26
-9.56,2.03,0.64,1.74,0.40,1.95,0.00,25.26
-9.52,2.12,0.72,1.90,0.44,2.03,0.00,25.27
-9.52,2.20,0.77,2.25,0.48,2.12,0.00,25.27
-9.53,2.22,0.46,2.12,0.47,2.22,0.00,25.26
-9.52,2.27,0.31,1.87,0.48,2.27,0.00,25.26
-9.52,2.31,0.31,1.90,0.48,2.27,0.00,25.26
-9.54,2.38,0.27,1.83,0.48,2.31,0.00,25.26
-9.56,2.41,0.08,2.07,0.46,2.38,0.00,25.27
-9.61,2.44,-0.11,1.89,0.39,2.44,0.00,25.26
-9.63,2.51,-0.24,2.00,0.37,2.51,0.00,25.27
-9.66,2.59,-0.19,2.16,0.37,2.51,0.00,25.27
-9.71,2.67,-0.23,2.32,0.34,2.59,0.00,25.27
-9.75,2.73,-0.37,2.41,0.29,2.67,0.00,25.27
-9.80,2.79,-0.50,2.43,0.20,2.79,0.00,25.27
-9.84,2.84,-0.55,2.36,0.16,2.84,0.00,25.27
-9.89,2.87,-0.52,2.33,0.16,2.84,0.00,25.27
-9.93,2.89,-0.55,2.16,0.11,2.87,0.00,25.26
-10.01,2.90,-0.58,2.06,0.07,2.89,0.00,25.26
-10.07,2.87,-0.89,1.72,-0.07,2.87,0.00,25.26
-10.11,2.84,-0.86,1.38,-0.11,2.84,0.00,25.26
-10.15,2.86,-0.77,1.27,-0.11,2.84,0.00,25.25
-10.21,2.89,-0.74,1.38,-0.15,2.86,0.00,25.26
-10.27,2.92,-0.83,1.65,-0.21,2.89,0.00,25.27
-10.32,2.92,-0.94,1.74,-0.32,2.92,0.00,25.26
-10.36,2.85,-0.92,1.34,-0.36,2.85,0.00,25.25
-10.41,2.84,-0.92,1.04,-0.36,2.85,0.00,25.25
-10.48,2.78,-0.93,1.10,-0.41,2.84,0.00,25.26
-10.51,2.73,-1.05,0.91,-0.48,2.78,0.00,25.25
-10.54,2.69,-0.84,0.83,-0.54,2.69,0.00,25.25
-10.53,2.65,-0.66,0.83,-0.53,2.65,0.00,25.25
-10.54,2.57,-0.54,0.79,-0.53,2.65,0.00,25.25
-10.57,2.49,-0.49,0.54,-0.54,2.57,0.00,25.25
-10.55,2.46,-0.54,0.37,-0.57,2.49,0.00,25.25
-10.57,2.42,-0.36,0.55,-0.55,2.46,0.00,25.25
-10.59,2.37,-0.45,0.54,-0.59,2.37,0.00,25.25
-10.57,2.32,-0.50,0.53,-0.59,2.37,0.00,25.25
-10.56,2.27,-0.40,0.51,-0.57,2.32,0.00,25.25
-10.54,2.23,-0.28,0.50,-0.56,2.27,0.00,25.25
-10.51,2.21,-0.04,0.60,-0.51,2.21,0.00,25.25
-10.51,2.21,0.14,0.66,-0.51,2.21,0.00,25.25
-10.42,2.16,0.25,0.66,-0.47,2.17,0.00,25.25
-10.39,2.16,0.32,0.79,-0.42,2.16,0.00,25.25
-10.34,2.14,0.30,0.89,-0.39,2.16,0.00,25.25
-10.30,2.13,0.42,0.88,-0.30,2.13,0.00,25.25
-10.30,2.13,0.46,0.87,-0.30,2.13,0.00,25.25
-10.21,2.10,0.48,0.84,-0.26,2.10,0.00,25.25
-10.18,2.07,0.50,0.92,-0.21,2.10,0.00,25.25
-10.13,2.05,0.49,0.82,-0.18,2.07,0.00,25.25
-10.09,2.03,0.58,0.81,-0.09,2.03,0.00,25.25
-10.03,2.03,0.64,0.85,-0.03,2.03,0.00,25.25
-9.98,2.02,0.66,0.89,-0.03,2.03,0.00,25.25
-9.95,2.03,0.74,0.91,0.02,2.02,0.00,25.25
-9.90,2.06,0.68,1.04,0.05,2.03,0.00,25.25
-9.86,2.10,0.69,1.38,0.14,2.10,0.00,25.26
-9.84,2.10,0.64,1.46,0.16,2.10,0.00,25.26
-9.82,2.06,0.55,1.38,0.16,2.10,0.00,25.25
-9.78,2.08,0.52,1.09,0.18,2.06,0.00,25.25
-9.75,2.10,0.56,1.13,0.22,2.08,0.00,25.25
-9.73,2.12,0.55,1.36,0.27,2.12,0.00,25.26
-9.73,2.12,0.44,1.33,0.27,2.12,0.00,25.25
-9.71,2.16,0.32,1.26,0.27,2.12,0.00,25.25
-9.71,2.24,0.31,1.41,0.29,2.16,0.00,25.26
-9.70,2.34,0.29,1.75,0.29,2.24,0.00,25.27
-9.71,2.41,0.22,2.33,0.29,2.41,0.00,25.27
-9.71,2.47,0.20,2.37,0.29,2.47,0.00,25.27
-9.71,2.54,0.18,2.29,0.29,2.47,0.00,25.27
-9.72,2.59,0.15,2.34,0.29,2.54,0.00,25.27
-9.73,2.65,0.08,2.32,0.28,2.59,0.00,25.27
-9.73,2.65,0.03,2.18,0.27,2.65,0.00,25.26
-9.73,2.68,-0.01,1.87,0.27,2.68,0.00,25.26
-9.79,2.65,-0.07,1.70,0.25,2.68,0.00,25.26
-9.82,2.66,-0.20,1.43,0.21,2.65,0.00,25.25
-9.85,2.65,-0.29,1.38,0.18,2.66,0.00,25.25
-9.85,2.65,-0.47,1.42,0.15,2.65,0.00,25.26
-9.91,2.67,-0.70,1.47,0.09,2.67,0.00,25.26
-10.02,2.64,-0.78,1.36,0.02,2.66,0.00,25.26
-10.06,2.62,-0.76,1.28,-0.02,2.64,0.00,25.25
-10.09,2.63,-0.70,1.21,-0.06,2.62,0.00,25.25
-10.12,2.63,-0.58,1.36,-0.12,2.63,0.00,25.26
-10.12,2.63,-0.58,1.49,-0.12,2.63,0.00,25.26
-10.20,2.62,-0.61,1.61,-0.16,2.66,0.00,25.26
-10.24,2.60,-0.63,1.34,-0.20,2.62,0.00,25.25
-10.27,2.58,-0.68,1.22,-0.24,2.60,0.00,25.25
-10.29,2.53,-0.68,1.05,-0.27,2.58,0.00,25.25
-10.33,2.45,-0.59,0.64,-0.33,2.45,0.00,25.25
-10.34,2.36,-0.60,0.41,-0.33,2.45,0.00,25.25
-10.37,2.33,-0.57,0.21,-0.34,2.36,0.00,25.25
-10.39,2.31,-0.57,0.40,-0.37,2.33,0.00,25.25
-10.40,2.28,-0.50,0.67,-0.40,2.28,0.00,25.25
-10.39,2.28,-0.38,0.87,-0.39,2.28,0.00,25.25
-10.39,2.26,-0.26,0.99,-0.39,2.28,0.00,25.25
-10.38,2.28,-0.17,1.03,-0.39,2.26,0.00,25.25
-10.36,2.26,-0.09,1.16,-0.38,2.28,0.00,25.25
-10.36,2.29,-0.10,1.25,-0.36,2.29,0.00,25.25
-10.36,2.27,-0.18,1.29,-0.36,2.27,0.00,25.25
-10.35,2.27,-0.18,1.19,-0.36,2.27,0.00,25.25
-10.32,2.27,-0.10,1.13,-0.35,2.27,0.00,25.25
-10.31,2.26,0.02,1.16,-0.32,2.27,0.00,25.25
-10.31,2.26,0.01,1.19,-0.31,2.26,0.00,25.25
-10.29,2.24,-0.01,1.19,-0.31,2.26,0.00,25.25
-10.28,2.24,-0.02,1.05,-0.29,2.24,0.00,25.25
-10.25,2.24,0.02,1.07,-0.28,2.24,0.00,25.25
-10.26,2.23,0.15,1.12,-0.25,2.24,0.00,25.25
-10.25,2.24,-0.02,1.14,-0.25,2.24,0.00,25.25
-10.23,2.24,-0.02,1.17,-0.25,2.24,0.00,25.25
-10.23,2.21,0.09,1.28,-0.23,2.24,0.00,25.25
-10.23,2.21,0.03,1.08,-0.23,2.21,0.00,25.25
-10.21,2.23,-0.02,1.11,-0.23,2.21,0.00,25.25
-10.17,2.26,0.18,1.35,-0.17,2.26,0.00,25.26
-10.15,2.26,0.32,1.41,-0.15,2.26,0.00,25.26
-10.13,2.29,0.32,1.36,-0.15,2.26,0.00,25.25
-10.11,2.32,0.25,1.45,-0.13,2.29,0.00,25.26
-10.12,2.34,0.21,1.63,-0.11,2.32,0.00,25.26
-10.12,2.37,0.03,1.63,-0.12,2.37,0.00,25.26
-10.11,2.39,-0.02,1.62,-0.11,2.39,0.00,25.26
-10.09,2.43,0.04,1.61,-0.11,2.39,0.00,25.26
-10.09,2.45,0.07,1.73,-0.09,2.43,0.00,25.26
-10.10,2.50,0.04,1.70,-0.09,2.45,0.00,25.26
-10.07,2.55,0.03,1.95,-0.07,2.55,0.00,25.26
-10.07,2.58,0.08,1.99,-0.07,2.58,0.00,25.26
-10.07,2.59,0.05,1.93,-0.07,2.58,0.00,25.26
-10.07,2.59,0.05,1.72,-0.07,2.59,0.00,25.26
-10.09,2.58,0.01,1.61,-0.07,2.59,0.00,25.26
-10.08,2.58,-0.10,1.44,-0.09,2.58,0.00,25.25
-10.11,2.59,-0.10,1.40,-0.08,2.58,0.00,25.26
-10.13,2.61,-0.21,1.47,-0.11,2.59,0.00,25.26
-10.14,2.57,-0.31,1.53,-0.13,2.61,0.00,25.26
-10.13,2.62,-0.26,1.30,-0.14,2.57,0.00,25.25
-10.15,2.65,-0.16,1.68,-0.15,2.65,0.00,25.26
-10.16,2.64,-0.21,1.65,-0.16,2.64,0.00,25.26
-10.17,2.60,-0.24,1.50,-0.16,2.64,0.00,25.25
-10.18,2.60,-0.24,1.20,-0.17,2.60,0.00,25.25
-10.20,2.60,-0.28,1.26,-0.18,2.60,0.00,25.25
-10.22,2.57,-0.35,1.25,-0.22,2.57,0.00,25.25
-10.25,2.51,-0.47,0.95,-0.25,2.51,0.00,25.25
-10.29,2.45,-0.51,0.78,-0.25,2.51,0.00,25.25
-10.33,2.44,-0.62,0.61,-0.29,2.45,0.00,25.25
-10.34,2.41,-0.69,0.86,-0.33,2.44,0.00,25.25
-10.36,2.40,-0.56,0.88,-0.36,2.40,0.00,25.25
-10.40,2.37,-0.59,0.93,-0.40,2.37,0.00,25.25
-10.42,2.35,-0.64,0.89,-0.40,2.37,0.00,25.25
-10.44,2.32,-0.61,0.86,-0.42,2.35,0.00,25.25
-10.45,2.32,-0.56,0.87,-0.44,2.32,0.00,25.25
-10.45,2.32,-0.42,1.08,-0.45,2.32,0.00,25.25
-10.44,2.28,-0.36,1.12,-0.45,2.32,0.00,25.25
-10.43,2.23,-0.23,0.99,-0.44,2.28,0.00,25.25
-10.44,2.19,-0.20,0.77,-0.43,2.23,0.00,25.25
-10.43,2.17,-0.23,0.65,-0.44,2.19,0.00,25.25
-10.43,2.17,-0.29,0.63,-0.43,2.17,0.00,25.25
-10.45,2.12,-0.33,0.77,-0.45,2.12,0.00,25.25
-10.44,2.17,-0.31,1.02,-0.45,2.15,0.00,25.25
-10.43,2.19,-0.24,1.29,-0.44,2.17,0.00,25.26
-10.42,2.17,-0.09,1.38,-0.43,2.19,0.00,25.26
-10.42,2.17,-0.16,1.04,-0.42,2.17,0.00,25.25
-10.43,2.14,-0.27,1.07,-0.43,2.14,0.00,25.25
-10.44,2.19,-0.30,1.31,-0.44,2.18,0.00,25.26
-10.42,2.18,-0.29,1.33,-0.44,2.19,0.00,25.25
-10.41,2.14,-0.18,1.20,-0.42,2.18,0.00,25.25
-10.39,2.17,-0.04,1.01,-0.39,2.17,0.00,25.25
-10.37,2.16,0.04,1.18,-0.37,2.16,0.00,25.25
-10.35,2.18,0.05,1.17,-0.37,2.16,0.00,25.25
-10.35,2.19,0.07,1.24,-0.35,2.18,0.00,25.25
-10.36,2.20,-0.03,1.28,-0.35,2.19,0.00,25.25
-10.34,2.22,-0.12,1.34,-0.34,2.22,0.00,25.26
-10.34,2.22,-0.11,1.37,-0.34,2.22,0.00,25.25
-10.36,2.21,-0.15,1.32,-0.34,2.22,0.00,25.25
-10.36,2.23,-0.25,1.20,-0.36,2.21,0.00,25.25
-10.35,2.27,-0.23,1.26,-0.36,2.23,0.00,25.25
-10.36,2.29,-0.22,1.56,-0.36,2.29,0.00,25.26
-10.35,2.32,-0.19,1.58,-0.35,2.32,0.00,25.26
-10.32,2.35,-0.11,1.58,-0.35,2.32,0.00,25.26
-10.31,2.39,0.03,1.60,-0.32,2.35,0.00,25.26
-10.29,2.45,0.01,1.75,-0.31,2.39,0.00,25.26
-10.27,2.51,0.12,2.03,-0.27,2.51,0.00,25.27
-10.27,2.55,0.11,2.10,-0.27,2.55,0.00,25.26
-10.29,2.55,0.03,2.09,-0.27,2.55,0.00,25.26
-10.28,2.56,-0.17,1.83,-0.29,2.55,0.00,25.26
-10.29,2.58,-0.14,1.68,-0.28,2.56,0.00,25.26
-10.30,2.56,-0.20,1.52,-0.30,2.56,0.00,25.25
-10.31,2.53,-2.70,-1.20,-10.31,-7.47,0.00,25.44
-10.32,2.53,-4.03,-2.67,-10.31,-7.47,0.00,25.45
-10.33,2.56,-4.75,-3.29,-10.32,-7.47,0.00,25.43
-10.34,2.56,-5.13,-3.45,-10.33,-7.44,0.00,25.42
-10.34,2.56,-5.47,-3.78,-10.34,-7.44,0.00,25.43
-10.31,2.60,-5.53,-3.83,-10.34,-7.44,0.00,25.43
-10.27,2.73,-5.39,-3.64,-10.31,-7.40,0.00,25.40
-10.23,2.87,-5.17,-3.01,-10.27,-7.27,0.00,25.36
-10.13,3.03,-4.97,-2.46,-10.23,-7.13,0.00,25.35
-10.13,3.03,-4.55,-2.08,-10.13,-6.97,0.00,25.34
-10.09,3.08,-4.38,-2.56,-10.09,-6.92,0.00,25.34
-9.80,3.23,-4.17,-2.73,-9.98,-6.87,0.00,25.34
-9.64,3.31,-3.55,-2.54,-9.80,-6.77,0.00,25.30
-9.43,3.47,-3.19,-2.43,-9.64,-6.69,0.00,25.30
-9.26,3.63,-2.39,-1.55,-9.26,-6.37,0.00,25.27
-9.09,3.83,-2.30,-0.97,-9.09,-6.17,0.00,25.27
-8.93,4.04,-2.29,-0.69,-9.09,-6.17,0.00,25.27
-8.71,4.28,-2.30,-0.44,-8.93,-5.96,0.00,25.27
-8.45,4.54,-2.00,-0.08,-8.71,-5.72,0.00,25.26
-8.22,4.78,-1.18,0.55,-8.22,-5.22,0.00,25.25
-7.97,5.06,-0.87,0.95,-7.97,-4.94,0.00,25.25
-7.71,5.38,-0.72,1.10,-7.97,-4.94,0.00,25.26
-7.46,5.69,-0.50,1.61,-7.71,-4.62,0.00,25.27
-7.18,6.07,-0.35,1.98,-7.46,-4.31,0.00,25.27
-6.91,6.42,0.17,2.97,-6.91,-3.58,0.00,25.29
-6.67,6.80,0.28,3.41,-6.67,-3.20,0.00,25.30
-6.40,7.17,0.24,3.60,-6.67,-3.20,0.00,25.30
-6.10,7.58,0.37,3.79,-6.40,-2.83,0.00,25.31
-5.82,7.98,0.69,4.18,-6.10,-2.42,0.00,25.33
-5.58,8.40,0.87,4.79,-5.58,-1.60,0.00,25.35
-5.36,8.81,0.73,5.22,-5.36,-1.19,0.00,25.36
-5.16,9.23,0.63,5.34,-5.36,-1.19,0.00,25.36
-4.95,9.58,0.54,5.57,-5.16,-0.77,0.00,25.38
-4.73,9.95,0.50,5.36,-4.95,-0.42,0.00,25.35
-4.52,10.35,0.70,5.65,-4.52,0.35,0.00,25.38
-4.33,10.74,0.68,5.97,-4.33,0.74,0.00,25.39
-4.17,11.14,0.62,6.03,-4.33,0.74,0.00,25.39
-3.99,11.50,0.46,6.23,-4.17,1.14,0.00,25.41
-3.81,11.84,0.44,6.27,-3.99,1.50,0.00,25.40
-3.64,12.14,0.54,6.04,-3.64,2.14,0.00,25.38
-3.46,12.40,0.62,5.68,-3.46,2.40,0.00,25.36
-3.30,12.68,0.66,5.51,-3.46,2.40,0.00,25.36
-3.18,12.91,0.64,5.50,-3.30,2.68,0.00,25.36
-3.07,13.11,0.50,5.34,-3.18,2.91,0.00,25.35
-3.07,13.11,0.20,4.82,-3.07,3.11,0.00,25.33
-2.95,13.29,0.16,4.65,-2.95,3.29,0.00,25.33
-2.70,13.66,0.20,4.68,-2.82,3.49,0.00,25.33
-2.61,13.79,0.20,4.61,-2.70,3.66,0.00,25.33
-2.53,13.92,0.11,4.37,-2.61,3.79,0.00,25.31
-2.46,13.98,-0.11,3.90,-2.46,3.98,0.00,25.29
-2.38,14.03,-0.14,3.33,-2.38,4.03,0.00,25.28
-2.31,14.05,-0.13,3.11,-2.38,4.03,0.00,25.28
-2.27,14.03,-0.17,2.87,-2.31,4.05,0.00,25.27
-2.20,13.98,-0.33,2.44,-2.27,4.03,0.00,25.26
-2.13,13.93,-0.24,1.77,-2.13,3.93,0.00,25.26
-2.04,13.87,-0.12,1.45,-2.04,3.87,0.00,25.25
-1.96,13.79,-0.06,1.35,-2.04,3.87,0.00,25.25
-1.91,13.71,-0.02,1.12,-1.96,3.79,0.00,25.25
-1.86,13.55,-0.13,0.96,-1.91,3.71,0.00,25.25
-1.78,13.36,-0.18,-0.10,-1.78,3.36,0.00,25.25
-1.70,13.20,0.03,-0.64,-1.70,3.20,0.00,25.25
-1.61,13.05,0.15,-0.66,-1.70,3.20,0.00,25.25
-1.51,12.93,0.24,-0.65,-1.61,3.05,0.00,25.25
-1.40,12.76,0.41,-0.55,-1.51,2.93,0.00,25.25
-1.30,12.58,0.64,-0.91,-1.30,2.58,0.00,25.25
-1.20,12.42,0.68,-1.16,-1.20,2.42,0.00,25.26
-1.10,12.25,0.71,-1.20,-1.20,2.42,0.00,25.26
-1.00,12.07,0.78,-1.20,-1.10,2.25,0.00,25.26
-0.91,11.89,0.79,-1.35,-1.00,2.07,0.00,25.26
-0.80,11.74,0.89,-1.50,-0.80,1.74,0.00,25.26
-0.68,11.60,1.07,-1.45,-0.68,1.60,0.00,25.26
-0.59,11.46,1.14,-1.40,-0.68,1.60,0.00,25.26
-0.50,11.34,1.09,-1.35,-0.59,1.46,0.00,25.26
-0.40,11.22,1.08,-1.26,-0.50,1.34,0.00,25.26
-0.32,11.12,1.13,-1.12,-0.32,1.12,0.00,25.26
-0.23,11.07,1.06,-0.82,-0.23,1.07,0.00,25.25
-0.11,11.03,1.03,-0.61,-0.23,1.07,0.00,25.25
-0.02,10.99,1.33,-0.28,-0.11,1.03,0.00,25.26
0.06,10.99,1.37,-0.20,-0.02,0.99,0.00,25.26
0.15,11.02,1.32,0.36,0.15,1.02,0.00,25.26
0.20,11.01,1.23,0.59,0.20,1.01,0.00,25.25
0.26,11.04,1.12,0.56,0.20,1.01,0.00,25.25
0.29,11.04,0.98,0.71,0.26,1.04,0.00,25.25
0.33,11.10,0.84,0.65,0.29,1.04,0.00,25.25
0.37,11.12,0.77,1.05,0.37,1.12,0.00,25.25
0.40,11.17,0.71,1.14,0.40,1.17,0.00,25.26
0.41,11.27,0.67,1.21,0.40,1.17,0.00,25.26
0.42,11.36,0.56,1.53,0.41,1.27,0.00,25.26
0.40,11.44,0.46,1.93,0.42,1.36,0.00,25.27
0.37,11.51,0.08,1.91,0.37,1.51,0.00,25.26
0.35,11.61,-0.07,2.06,0.35,1.61,0.00,25.27
0.33,11.75,-0.06,2.18,0.35,1.61,0.00,25.27
0.30,11.88,-0.10,2.48,0.33,1.75,0.00,25.28
0.25,11.99,-0.15,2.69,0.30,1.88,0.00,25.28
0.20,12.09,-0.47,2.67,0.20,2.09,0.00,25.28
0.14,12.17,-0.62,2.58,0.14,2.17,0.00,25.27
0.07,12.26,-0.66,2.49,0.14,2.17,0.00,25.27
-0.01,12.37,-0.74,2.52,0.07,2.26,0.00,25.28
-0.10,12.44,-0.88,2.66,-0.01,2.37,0.00,25.28
-0.21,12.53,-1.28,2.58,-0.21,2.53,0.00,25.28
-0.32,12.62,-1.55,2.67,-0.32,2.62,0.00,25.29
-0.43,12.67,-1.62,2.70,-0.32,2.62,0.00,25.29
-0.52,12.71,-1.67,2.52,-0.43,2.67,0.00,25.28
-0.63,12.72,-1.67,2.32,-0.52,2.71,0.00,25.27
-0.63,12.72,-1.84,1.78,-0.63,2.72,0.00,25.27
-0.75,12.72,-1.95,1.41,-0.75,2.72,0.00,25.27
-0.95,12.65,-1.98,1.23,-0.86,2.68,0.00,25.27
-1.05,12.60,-1.90,1.10,-0.95,2.65,0.00,25.26
-1.13,12.51,-1.96,0.91,-1.05,2.60,0.00,25.27
-1.13,12.51,-1.89,0.35,-1.13,2.51,0.00,25.26
-1.22,12.42,-1.78,0.18,-1.22,2.42,0.00,25.26
-1.34,12.28,-1.67,0.22,-1.28,2.36,0.00,25.26
-1.42,12.17,-1.64,0.19,-1.34,2.28,0.00,25.26
-1.49,12.08,-1.75,-0.09,-1.42,2.17,0.00,25.26
-1.53,11.98,-1.69,-0.27,-1.53,1.98,0.00,25.26
-1.55,11.88,-1.48,-0.39,-1.55,1.88,0.00,25.25
-1.57,11.80,-1.36,-0.42,-1.55,1.88,0.00,25.25
-1.57,11.71,-1.25,-0.35,-1.57,1.80,0.00,25.25
-1.56,11.62,-0.98,-0.43,-1.57,1.71,0.00,25.25
-1.54,11.53,-0.76,-0.47,-1.54,1.53,0.00,25.25
-1.54,11.41,-0.71,-0.68,-1.54,1.41,0.00,25.25
-1.51,11.31,-0.73,-0.82,-1.54,1.41,0.00,25.25
-1.46,11.26,-0.67,-0.77,-1.51,1.31,0.00,25.25
-1.37,11.18,-0.40,-0.54,-1.46,1.26,0.00,25.25
-1.30,11.14,0.13,-0.40,-1.30,1.14,0.00,25.25
-1.23,11.09,0.35,-0.22,-1.23,1.09,0.00,25.25
-1.15,11.07,0.38,-0.17,-1.23,1.09,0.00,25.25
-1.07,11.06,0.46,0.05,-1.15,1.07,0.00,25.25
-0.98,11.05,0.50,0.19,-1.07,1.06,0.00,25.25
-0.89,11.04,0.70,0.33,-0.89,1.04,0.00,25.25
-0.79,11.05,0.80,0.45,-0.79,1.05,0.00,25.25
-0.73,11.06,0.85,0.53,-0.79,1.05,0.00,25.25
-0.68,11.09,0.70,0.63,-0.73,1.06,0.00,25.25
-0.59,11.18,0.61,0.78,-0.68,1.09,0.00,25.25
-0.53,11.24,0.74,1.41,-0.53,1.24,0.00,25.26
-0.45,11.32,0.76,1.62,-0.45,1.32,0.00,25.26
-0.38,11.40,0.77,1.69,-0.45,1.32,0.00,25.26
-0.31,11.46,0.80,1.76,-0.38,1.40,0.00,25.26
-0.25,11.53,0.81,1.79,-0.31,1.46,0.00,25.26
-0.25,11.53,0.70,1.85,-0.25,1.53,0.00,25.26
-0.16,11.64,0.60,1.75,-0.16,1.64,0.00,25.26
-0.12,11.70,0.58,1.61,-0.16,1.64,0.00,25.26
-0.10,11.78,0.53,1.69,-0.12,1.70,0.00,25.26
-0.10,11.85,0.42,1.90,-0.10,1.78,0.00,25.27
-0.10,11.85,0.12,2.09,-0.10,1.85,0.00,25.27
-0.10,11.96,-0.01,2.39,-0.10,1.96,0.00,25.27
-0.10,12.16,-0.03,2.50,-0.10,2.06,0.00,25.27
-0.09,12.25,-0.05,2.53,-0.10,2.16,0.00,25.27
-0.12,12.29,-0.04,2.57,-0.09,2.25,0.00,25.27
-0.12,12.29,-0.27,2.26,-0.12,2.29,0.00,25.27
-0.14,12.37,-0.32,2.29,-0.14,2.37,0.00,25.27
-0.17,12.47,-0.30,2.35,-0.15,2.45,0.00,25.27
-0.21,12.49,-0.31,2.13,-0.17,2.47,0.00,25.26
-0.24,12.49,-0.49,1.79,-0.21,2.49,0.00,25.26
-0.27,12.47,-0.53,1.45,-0.27,2.47,0.00,25.25
-0.32,12.46,-0.65,1.23,-0.32,2.46,0.00,25.25
-0.35,12.48,-0.73,1.17,-0.32,2.46,0.00,25.25
-0.38,12.45,-0.71,1.33,-0.35,2.48,0.00,25.26
-0.42,12.47,-0.71,1.19,-0.38,2.45,0.00,25.25
-0.46,12.49,-0.80,1.41,-0.46,2.49,0.00,25.26
-0.50,12.47,-0.83,1.39,-0.50,2.47,0.00,25.26
-0.54,12.45,-0.86,1.27,-0.50,2.47,0.00,25.26
-0.60,12.40,-0.85,1.18,-0.54,2.45,0.00,25.25
-0.62,12.36,-0.90,0.95,-0.60,2.40,0.00,25.25
-0.62,12.36,-0.79,0.66,-0.62,2.36,0.00,25.25
-0.65,12.30,-0.66,0.46,-0.65,2.30,0.00,25.25
-0.67,12.16,-0.61,0.39,-0.66,2.24,0.00,25.25
-0.68,12.09,-0.56,0.25,-0.67,2.16,0.00,25.25
-0.71,12.04,-0.60,0.18,-0.68,2.09,0.00,25.25
-0.72,11.97,-0.69,0.16,-0.72,1.97,0.00,25.25
-0.76,11.93,-0.75,0.17,-0.76,1.93,0.00,25.25
-0.81,11.89,-0.82,0.24,-0.76,1.93,0.00,25.25
-0.82,11.86,-0.90,0.38,-0.81,1.89,0.00,25.25
-0.82,11.82,-0.83,0.42,-0.82,1.86,0.00,25.25
-0.84,11.78,-0.61,0.41,-0.84,1.78,0.00,25.25
-0.84,11.72,-0.59,0.30,-0.84,1.72,0.00,25.25
-0.84,11.64,-0.59,0.16,-0.84,1.72,0.00,25.25
-0.83,11.63,-0.55,0.02,-0.84,1.64,0.00,25.25
-0.83,11.60,-0.45,0.22,-0.83,1.63,0.00,25.25
-0.81,11.59,-0.31,0.43,-0.81,1.59,0.00,25.25
-0.80,11.58,-0.23,0.57,-0.80,1.58,0.00,25.25
-0.79,11.57,-0.24,0.60,-0.80,1.58,0.00,25.25
-0.77,11.56,-0.24,0.65,-0.79,1.57,0.00,25.25
-0.77,11.56,-0.21,0.66,-0.77,1.56,0.00,25.25
-0.77,11.59,-0.30,0.89,-0.77,1.59,0.00,25.25
-0.74,11.61,-0.25,1.11,-0.74,1.61,0.00,25.25
-0.71,11.64,-0.19,1.16,-0.74,1.61,0.00,25.25
-0.70,11.66,-0.08,1.21,-0.71,1.64,0.00,25.25
-0.71,11.71,-0.15,1.19,-0.70,1.66,0.00,25.25
-0.69,11.78,-0.23,1.57,-0.69,1.78,0.00,25.26
-0.69,11.81,-0.18,1.70,-0.69,1.81,0.00,25.26
-0.68,11.85,-0.21,1.64,-0.69,1.81,0.00,25.26
-0.68,11.88,-0.23,1.60,-0.68,1.85,0.00,25.26
-0.68,11.90,-0.30,1.49,-0.68,1.88,0.00,25.26
-0.70,11.92,-0.43,1.43,-0.70,1.92,0.00,25.26
-0.70,11.98,-0.48,1.53,-0.70,1.98,0.00,25.26
-0.70,12.00,-0.48,1.63,-0.70,1.98,0.00,25.26
-0.72,12.07,-0.45,1.56,-0.70,2.00,0.00,25.26
-0.75,12.16,-0.55,1.73,-0.72,2.07,0.00,25.26
-0.77,12.19,-0.66,1.99,-0.77,2.19,0.00,25.26
-0.80,12.24,-0.76,1.88,-0.80,2.24,0.00,25.26
-0.83,12.32,-0.82,1.88,-0.80,2.24,0.00,25.26
-0.83,12.35,-0.81,2.08,-0.83,2.32,0.00,25.27
-0.86,12.38,-0.70,2.02,-0.83,2.35,0.00,25.26
-0.88,12.38,-0.79,1.67,-0.88,2.38,0.00,25.26
-0.91,12.37,-0.85,1.35,-0.91,2.37,0.00,25.26
-0.95,12.39,-0.86,1.27,-0.91,2.37,0.00,25.26
-0.98,12.39,-0.93,1.37,-0.95,2.39,0.00,25.26
-1.01,12.44,-0.94,1.37,-0.98,2.39,0.00,25.26
-1.01,12.44,-0.98,1.64,-1.01,2.44,0.00,25.26
-1.04,12.45,-0.99,1.43,-1.04,2.45,0.00,25.26
-1.06,12.43,-1.02,1.27,-1.07,2.43,0.00,25.26
-1.09,12.43,-0.81,1.26,-1.06,2.43,0.00,25.25
-1.10,12.45,-0.83,1.25,-1.09,2.43,0.00,25.26
-1.11,12.46,-0.78,1.40,-1.11,2.46,0.00,25.26
-1.11,12.44,-0.70,1.44,-1.11,2.46,0.00,25.26
-1.11,12.43,-0.64,1.30,-1.11,2.44,0.00,25.25
-1.11,12.41,-0.66,1.22,-1.11,2.43,0.00,25.25
-1.11,12.37,-0.66,1.13,-1.11,2.41,0.00,25.25
-1.11,12.31,-0.58,0.79,-1.11,2.31,0.00,25.25
-1.12,12.29,-0.60,0.65,-1.12,2.29,0.00,25.25
-1.12,12.25,-0.67,0.67,-1.12,2.29,0.00,25.25
-1.12,12.23,-0.67,0.69,-1.12,2.25,0.00,25.25
-1.12,12.18,-0.67,0.74,-1.12,2.23,0.00,25.25
-1.10,12.18,-0.59,0.74,-1.10,2.18,0.00,25.25
-1.08,12.20,-0.45,1.06,-1.08,2.20,0.00,25.25
-1.08,12.16,-0.39,1.19,-1.08,2.20,0.00,25.25
-1.04,12.14,-0.40,1.01,-1.08,2.16,0.00,25.25
-1.00,12.12,-0.29,0.94,-1.04,2.14,0.00,25.25
-0.96,12.07,-0.05,0.72,-0.96,2.07,0.00,25.25
-0.91,12.01,0.03,0.46,-0.91,2.01,0.00,25.25
-0.86,11.96,0.05,0.39,-0.91,2.01,0.00,25.25
-0.83,11.94,0.16,0.30,-0.86,1.96,0.00,25.25
-0.78,11.91,0.16,0.52,-0.83,1.94,0.00,25.25
-0.73,11.91,0.26,0.66,-0.73,1.91,0.00,25.25
-0.69,11.88,0.25,0.73,-0.69,1.88,0.00,25.25
-0.64,11.84,0.23,0.68,-0.69,1.88,0.00,25.25
-0.61,11.85,0.28,0.58,-0.64,1.84,0.00,25.25
-0.58,11.83,0.18,0.75,-0.61,1.85,0.00,25.25
-0.58,11.83,0.20,0.73,-0.58,1.83,0.00,25.25
-0.54,11.81,0.28,0.80,-0.54,1.81,0.00,25.25
-0.45,11.82,0.33,0.90,-0.49,1.82,0.00,25.25
-0.43,11.81,0.33,0.93,-0.45,1.82,0.00,25.25
-0.40,11.81,0.20,0.91,-0.43,1.81,0.00,25.25
-0.40,11.81,0.22,0.98,-0.40,1.81,0.00,25.25
-0.37,11.83,0.29,1.29,-0.37,1.83,0.00,25.26
-0.33,11.93,0.31,1.46,-0.33,1.88,0.00,25.26
-0.32,11.99,0.11,1.58,-0.33,1.93,0.00,25.26
-0.34,12.05,0.05,1.76,-0.32,1.99,0.00,25.26
-0.32,12.09,-0.16,1.84,-0.32,2.09,0.00,25.26
-0.32,12.09,-0.13,1.66,-0.32,2.09,0.00,25.26
-0.32,12.13,-0.15,1.50,-0.32,2.09,0.00,25.25
-0.34,12.17,-0.12,1.56,-0.32,2.13,0.00,25.26
-0.36,12.19,-0.26,1.61,-0.34,2.17,0.00,25.26
-0.36,12.22,-0.33,1.59,-0.36,2.22,0.00,25.26
-0.38,12.27,-0.28,1.69,-0.38,2.27,0.00,25.26
-0.41,12.29,-0.30,1.77,-0.38,2.27,0.00,25.26
-0.45,12.30,-0.46,1.71,-0.41,2.29,0.00,25.26
-0.48,12.34,-0.60,1.60,-0.45,2.30,0.00,25.26
-0.54,12.38,-0.78,1.70,-0.54,2.38,0.00,25.26
-0.57,12.41,-0.90,1.77,-0.57,2.41,0.00,25.26
-0.61,12.41,-0.89,1.75,-0.57,2.41,0.00,25.26
-0.66,12.39,-0.88,1.61,-0.61,2.41,0.00,25.26
-0.70,12.40,-0.93,1.30,-0.66,2.39,0.00,25.26
-0.77,12.37,-1.07,1.22,-0.77,2.37,0.00,25.26
-0.82,12.36,-1.17,1.10,-0.82,2.36,0.00,25.26
-0.85,12.36,-1.16,1.07,-0.82,2.36,0.00,25.26
-0.88,12.36,-1.11,1.15,-0.85,2.36,0.00,25.26
-0.94,12.34,-1.04,1.21,-0.88,2.36,0.00,25.26
-0.98,12.33,-1.12,1.08,-0.98,2.33,0.00,25.26
-1.00,12.31,-1.05,1.03,-1.00,2.31,0.00,25.25
-1.02,12.31,-0.98,0.98,-1.00,2.31,0.00,25.25
-1.07,12.28,-0.92,1.10,-1.02,2.31,0.00,25.26
-1.13,12.22,-1.02,1.00,-1.07,2.28,0.00,25.26
-1.15,12.19,-1.19,0.68,-1.15,2.19,0.00,25.25
-1.18,12.19,-1.12,0.77,-1.18,2.19,0.00,25.25
-1.20,12.18,-1.09,0.87,-1.18,2.19,0.00,25.26
-1.21,12.17,-1.05,0.95,-1.20,2.18,0.00,25.26
-1.22,12.15,-0.95,0.96,-1.21,2.17,0.00,25.25
-1.21,12.11,-0.75,0.81,-1.21,2.11,0.00,25.25
-1.21,12.10,-0.65,0.76,-1.21,2.10,0.00,25.25
-1.20,12.08,-0.65,0.82,-1.21,2.10,0.00,25.25
-1.21,12.07,-0.67,0.85,-1.20,2.08,0.00,25.25
-1.18,12.03,-0.66,0.85,-1.21,2.07,0.00,25.25
-1.14,12.02,-0.34,0.77,-1.14,2.02,0.00,25.25
-1.08,12.00,-0.10,0.80,-1.08,2.00,0.00,25.25
-1.04,12.00,0.01,0.78,-1.08,2.00,0.00,25.25
-1.02,12.00,0.04,0.87,-1.04,2.00,0.00,25.25
-0.99,12.00,-0.03,0.97,-1.02,2.00,0.00,25.25
-0.93,12.01,0.03,1.07,-0.93,2.01,0.00,25.25
-0.89,12.01,0.14,1.14,-0.89,2.01,0.00,25.25
-0.84,12.03,0.14,1.14,-0.89,2.01,0.00,25.25
-0.79,12.05,0.17,1.24,-0.84,2.03,0.00,25.25
-0.74,12.10,0.20,1.27,-0.79,2.05,0.00,25.25
-0.68,12.13,0.34,1.54,-0.68,2.13,0.00,25.26
-0.64,12.15,0.40,1.56,-0.64,2.15,0.00,25.26
-0.61,12.18,0.37,1.56,-0.64,2.15,0.00,25.26
-0.58,12.22,0.24,1.56,-0.61,2.18,0.00,25.26
-0.54,12.25,0.22,1.66,-0.58,2.22,0.00,25.26
-0.49,12.26,-2.12,1.58,-10.49,2.26,0.00,25.35
-0.44,12.27,-4.08,1.47,-10.44,2.27,0.00,25.35
-0.41,12.32,-4.46,1.48,-10.44,2.27,0.00,25.35
-0.36,12.31,-4.69,1.61,-10.41,2.32,0.00,25.35
-0.34,12.37,-4.79,1.46,-10.36,2.31,0.00,25.35
-0.31,12.44,-4.98,1.86,-10.31,2.44,0.00,25.36
-0.29,12.47,-5.07,2.02,-10.29,2.47,0.00,25.36
-0.26,12.52,-5.12,1.97,-10.29,2.47,0.00,25.36
-0.12,12.54,-5.07,1.99,-10.26,2.52,0.00,25.36
-0.05,12.54,-4.52,1.90,-10.12,2.54,0.00,25.32
-0.05,12.54,-4.50,1.15,-10.05,2.54,0.00,25.33
-0.00,12.44,-4.39,0.45,-10.00,2.44,0.00,25.31
0.25,12.29,-4.16,0.29,-9.89,2.36,0.00,25.31
0.42,12.23,-3.75,0.26,-9.75,2.29,0.00,25.29
0.56,12.17,-3.28,0.21,-9.58,2.23,0.00,25.28
0.70,12.13,-2.99,0.31,-9.30,2.13,0.00,25.28
0.85,12.08,-2.89,0.37,-9.15,2.08,0.00,25.28
1.04,12.05,-2.86,0.39,-9.15,2.08,0.00,25.28
1.29,11.99,-2.51,0.60,-8.96,2.05,0.00,25.27
1.57,11.96,-2.00,0.45,-8.71,1.99,0.00,25.25
1.83,11.88,-1.03,0.29,-8.17,1.88,0.00,25.25
2.10,11.82,-0.60,0.09,-7.90,1.82,0.00,25.25
2.37,11.79,-0.47,0.11,-7.90,1.82,0.00,25.25
2.69,11.72,-0.25,0.25,-7.63,1.79,0.00,25.25
3.00,11.68,0.12,0.14,-7.31,1.72,0.00,25.25
3.34,11.68,0.72,0.35,-6.66,1.68,0.00,25.25
3.68,11.70,1.10,0.80,-6.32,1.70,0.00,25.26
4.07,11.75,1.21,1.03,-6.32,1.70,0.00,25.26
4.42,11.80,1.61,1.33,-5.93,1.75,0.00,25.28
4.79,11.86,1.86,1.47,-5.58,1.80,0.00,25.28
5.12,11.94,2.23,1.91,-4.88,1.94,0.00,25.29
5.46,12.01,2.32,2.09,-4.54,2.01,0.00,25.29
5.77,12.06,2.36,2.13,-4.54,2.01,0.00,25.29
6.13,12.14,2.36,2.02,-4.23,2.06,0.00,25.28
6.51,12.26,2.66,2.17,-3.87,2.14,0.00,25.30
6.82,12.34,3.22,2.67,-3.49,2.26,0.00,25.33
7.14,12.41,3.01,2.63,-2.86,2.41,0.00,25.31
7.46,12.49,3.00,2.60,-2.86,2.41,0.00,25.31
7.75,12.62,3.04,2.66,-2.54,2.49,0.00,25.31
8.02,12.74,3.00,2.95,-2.25,2.62,0.00,25.32
8.30,12.81,2.91,3.09,-1.70,2.81,0.00,25.31
8.52,12.89,2.78,2.90,-1.48,2.89,0.00,25.30
8.72,12.99,2.64,2.85,-1.48,2.89,0.00,25.30
8.92,13.08,2.53,2.98,-1.28,2.99,0.00,25.31
9.10,13.16,2.41,3.01,-1.08,3.08,0.00,25.30
9.28,13.23,2.22,2.94,-0.72,3.23,0.00,25.30
9.44,13.29,2.10,2.90,-0.56,3.29,0.00,25.29
9.59,13.39,1.98,2.90,-0.56,3.29,0.00,25.29
9.72,13.46,1.91,3.08,-0.41,3.39,0.00,25.30
9.85,13.52,1.76,3.08,-0.28,3.46,0.00,25.29
9.94,13.55,1.64,2.86,-0.06,3.55,0.00,25.28
10.04,13.59,1.49,2.60,0.04,3.59,0.00,25.28
10.09,13.62,1.44,2.52,0.04,3.59,0.00,25.28
10.13,13.63,1.20,2.48,0.09,3.62,0.00,25.27
10.15,13.59,1.01,2.31,0.13,3.63,0.00,25.27
10.14,13.52,0.49,1.56,0.14,3.52,0.00,25.25
10.16,13.47,0.23,1.21,0.16,3.47,0.00,25.25
10.17,13.43,0.25,1.20,0.16,3.47,0.00,25.25
10.15,13.39,0.18,1.21,0.17,3.43,0.00,25.25
10.14,13.34,0.08,1.23,0.15,3.39,0.00,25.25
10.10,13.28,-0.12,1.04,0.10,3.28,0.00,25.25
10.10,13.28,-0.34,0.86,0.10,3.28,0.00,25.25
10.00,13.13,-0.41,0.73,0.06,3.21,0.00,25.25
9.96,13.01,-0.50,0.61,0.00,3.13,0.00,25.25
9.91,12.89,-0.58,0.32,-0.04,3.01,0.00,25.25
9.89,12.77,-0.52,-0.14,-0.11,2.77,0.00,25.25
9.86,12.68,-0.47,-0.14,-0.14,2.68,0.00,25.25
9.84,12.57,-0.47,-0.04,-0.14,2.68,0.00,25.25
9.81,12.50,-0.43,-0.16,-0.16,2.57,0.00,25.25
9.78,12.42,-0.46,-0.02,-0.19,2.50,0.00,25.25
9.73,12.31,-0.53,-0.10,-0.27,2.31,0.00,25.25
9.70,12.18,-0.65,-0.38,-0.30,2.18,0.00,25.25
9.67,12.06,-0.65,-0.52,-0.30,2.18,0.00,25.25
9.66,11.94,-0.55,-0.68,-0.33,2.06,0.00,25.25
9.63,11.80,-0.45,-0.80,-0.34,1.94,0.00,25.25
9.62,11.67,-0.41,-1.01,-0.38,1.67,0.00,25.25
9.61,11.57,-0.32,-0.98,-0.39,1.57,0.00,25.25
9.59,11.50,-0.33,-0.90,-0.39,1.57,0.00,25.25
9.57,11.43,-0.38,-0.53,-0.41,1.50,0.00,25.25
9.59,11.35,-0.42,-0.45,-0.43,1.43,0.00,25.25
9.60,11.29,-0.21,-0.35,-0.40,1.29,0.00,25.25
9.62,11.21,-0.07,-0.34,-0.38,1.21,0.00,25.25
9.64,11.12,0.01,-0.42,-0.38,1.21,0.00,25.25
9.66,11.05,0.05,-0.53,-0.36,1.12,0.00,25.25
9.68,10.99,0.14,-0.58,-0.34,1.05,0.00,25.25
9.69,10.93,0.14,-0.49,-0.31,0.93,0.00,25.25
9.71,10.91,0.10,-0.26,-0.29,0.91,0.00,25.25
9.70,10.87,0.08,-0.13,-0.29,0.91,0.00,25.25
9.72,10.85,-0.05,-0.11,-0.30,0.87,0.00,25.25
9.74,10.85,-0.03,0.02,-0.28,0.85,0.00,25.25
9.74,10.84,0.01,0.23,-0.26,0.84,0.00,25.25
9.76,10.82,0.04,0.25,-0.24,0.82,0.00,25.25
9.77,10.82,0.09,0.25,-0.24,0.82,0.00,25.25
9.76,10.84,0.06,0.32,-0.23,0.82,0.00,25.25
9.76,10.84,0.02,0.43,-0.24,0.84,0.00,25.25
9.76,10.86,-0.11,0.57,-0.24,0.86,0.00,25.25
9.78,10.93,-0.04,0.86,-0.22,0.93,0.00,25.25
9.81,11.02,0.04,1.10,-0.22,0.93,0.00,25.25
9.81,11.05,0.13,1.39,-0.19,1.02,0.00,25.26
9.83,11.13,0.06,1.31,-0.19,1.05,0.00,25.25
9.82,11.23,-0.01,1.70,-0.18,1.23,0.00,25.26
9.83,11.30,-0.06,1.89,-0.17,1.30,0.00,25.26
9.83,11.36,-0.01,1.86,-0.17,1.30,0.00,25.26
9.81,11.43,-0.10,1.76,-0.17,1.36,0.00,25.26
9.78,11.48,-0.19,1.80,-0.19,1.43,0.00,25.26
9.78,11.48,-0.37,1.56,-0.22,1.48,0.00,25.26
9.77,11.52,-0.36,1.41,-0.23,1.52,0.00,25.25
9.73,11.63,-0.36,1.40,-0.25,1.55,0.00,25.26
9.72,11.68,-0.40,1.64,-0.27,1.63,0.00,25.26
9.68,11.74,-0.43,1.68,-0.28,1.68,0.00,25.26
9.64,11.78,-0.59,1.79,-0.32,1.74,0.00,25.26
9.62,11.83,-0.75,1.70,-0.36,1.78,0.00,25.26
9.60,11.87,-0.65,1.65,-0.38,1.83,0.00,25.26
9.57,11.89,-0.61,1.63,-0.40,1.87,0.00,25.26
9.54,11.89,-0.65,1.50,-0.43,1.89,0.00,25.26
9.52,11.90,-0.57,1.25,-0.48,1.90,0.00,25.25
9.51,11.91,-0.52,1.21,-0.48,1.90,0.00,25.25
9.48,11.90,-0.45,1.16,-0.49,1.91,0.00,25.25
9.46,11.89,-0.57,1.06,-0.52,1.90,0.00,25.25
9.46,11.89,-0.58,0.96,-0.54,1.89,0.00,25.25
9.47,11.90,-0.35,1.01,-0.53,1.90,0.00,25.25
9.48,11.88,-0.28,1.05,-0.53,1.90,0.00,25.25
9.48,11.83,-0.22,0.93,-0.52,1.88,0.00,25.25
9.46,11.79,-0.26,0.73,-0.52,1.83,0.00,25.25
9.42,11.71,-0.38,0.53,-0.54,1.79,0.00,25.25
9.43,11.68,-0.48,0.20,-0.57,1.68,0.00,25.25
9.43,11.68,-0.27,0.24,-0.57,1.68,0.00,25.25
9.49,11.58,-0.16,0.21,-0.55,1.63,0.00,25.25
9.51,11.54,-0.01,0.14,-0.51,1.58,0.00,25.25
9.53,11.52,0.04,0.18,-0.49,1.54,0.00,25.25
9.55,11.48,0.06,0.27,-0.45,1.48,0.00,25.25
9.56,11.43,0.04,0.19,-0.44,1.43,0.00,25.25
9.57,11.38,0.00,0.14,-0.44,1.43,0.00,25.25
9.58,11.34,-0.03,0.09,-0.43,1.38,0.00,25.25
9.62,11.30,-0.05,0.08,-0.42,1.34,0.00,25.25
9.64,11.27,0.16,0.15,-0.36,1.27,0.00,25.25
9.68,11.21,0.22,0.12,-0.32,1.21,0.00,25.25
9.72,11.19,0.27,0.00,-0.32,1.21,0.00,25.25
9.75,11.20,0.32,0.12,-0.28,1.19,0.00,25.25
9.79,11.18,0.36,0.38,-0.25,1.20,0.00,25.25
9.80,11.18,0.31,0.42,-0.20,1.18,0.00,25.25
9.83,11.21,0.20,0.64,-0.17,1.21,0.00,25.25
9.86,11.21,0.19,0.79,-0.17,1.21,0.00,25.25
9.91,11.21,0.27,0.83,-0.14,1.21,0.00,25.25
9.94,11.23,0.38,0.75,-0.09,1.21,0.00,25.25
10.00,11.26,0.54,0.89,-0.00,1.26,0.00,25.25
10.02,11.26,0.58,0.88,0.02,1.26,0.00,25.25
10.06,11.30,0.54,0.80,0.02,1.26,0.00,25.25
10.10,11.31,0.58,0.98,0.06,1.30,0.00,25.25
10.14,11.35,0.58,0.98,0.10,1.31,0.00,25.25
10.16,11.41,0.49,1.28,0.16,1.41,0.00,25.26
10.19,11.45,0.46,1.43,0.19,1.45,0.00,25.26
10.22,11.50,0.49,1.41,0.19,1.45,0.00,25.26
10.21,11.55,0.52,1.46,0.22,1.50,0.00,25.26
10.19,11.62,0.33,1.50,0.21,1.55,0.00,25.26
10.17,11.64,-0.05,1.60,0.17,1.64,0.00,25.26
10.15,11.66,-0.18,1.38,0.15,1.66,0.00,25.25
10.17,11.69,-0.16,1.26,0.15,1.66,0.00,25.25
10.16,11.72,-0.01,1.30,0.17,1.69,0.00,25.25
10.14,11.73,-0.00,1.33,0.16,1.72,0.00,25.25
10.13,11.73,-0.10,1.16,0.13,1.73,0.00,25.25
10.09,11.76,-0.21,1.14,0.09,1.76,0.00,25.25
10.07,11.77,-0.29,1.19,0.09,1.76,0.00,25.25
10.04,11.80,-0.32,1.15,0.07,1.77,0.00,25.25
10.02,11.80,-0.35,1.23,0.04,1.80,0.00,25.25
9.98,11.80,-0.40,1.11,-0.02,1.80,0.00,25.25
9.94,11.80,-0.52,1.01,-0.06,1.80,0.00,25.25
9.91,11.80,-0.56,0.95,-0.06,1.80,0.00,25.25
9.86,11.78,-0.53,0.92,-0.09,1.80,0.00,25.25
9.81,11.74,-0.61,0.81,-0.14,1.78,0.00,25.25
9.77,11.69,-0.73,0.49,-0.23,1.69,0.00,25.25
9.74,11.68,-0.70,0.40,-0.26,1.68,0.00,25.25
9.71,11.65,-0.67,0.49,-0.26,1.68,0.00,25.25
9.70,11.63,-0.63,0.51,-0.29,1.65,0.00,25.25
9.66,11.56,-0.53,0.51,-0.30,1.63,0.00,25.25
9.62,11.47,-0.64,-0.04,-0.38,1.47,0.00,25.25
9.59,11.40,-0.68,-0.31,-0.41,1.40,0.00,25.25
9.57,11.36,-0.64,-0.35,-0.41,1.40,0.00,25.25
9.54,11.33,-0.57,-0.15,-0.43,1.36,0.00,25.25
9.52,11.31,-0.62,-0.03,-0.46,1.33,0.00,25.25
9.53,11.28,-0.44,0.19,-0.47,1.28,0.00,25.25
9.54,11.25,-0.27,0.21,-0.46,1.25,0.00,25.25
9.54,11.21,-0.26,0.24,-0.46,1.25,0.00,25.25
9.53,11.16,-0.28,0.17,-0.46,1.21,0.00,25.25
9.52,11.16,-0.26,-0.00,-0.47,1.16,0.00,25.25
9.51,11.13,-0.34,0.25,-0.49,1.13,0.00,25.25
9.51,11.10,-0.32,0.22,-0.49,1.10,0.00,25.25
9.52,11.07,-0.29,0.19,-0.49,1.10,0.00,25.25
9.51,11.05,-0.24,0.16,-0.48,1.07,0.00,25.25
9.53,11.05,-0.30,0.17,-0.49,1.05,0.00,25.25
9.53,11.05,-0.12,0.50,-0.47,1.05,0.00,25.25
9.55,11.06,-0.04,0.71,-0.45,1.06,0.00,25.25
9.56,11.08,-0.05,0.77,-0.44,1.08,0.00,25.25
9.58,11.11,-0.12,0.70,-0.44,1.08,0.00,25.25
9.62,11.11,-0.07,0.80,-0.42,1.11,0.00,25.25
9.62,11.11,0.10,0.77,-0.38,1.11,0.00,25.25
9.64,11.12,0.07,0.73,-0.36,1.12,0.00,25.25
9.66,11.15,-0.01,0.70,-0.36,1.12,0.00,25.25
9.65,11.16,0.01,0.82,-0.34,1.15,0.00,25.25
9.65,11.17,-0.05,0.82,-0.35,1.16,0.00,25.25
9.66,11.19,-0.13,0.82,-0.34,1.19,0.00,25.25
9.65,11.23,-0.23,0.97,-0.35,1.23,0.00,25.25
9.65,11.27,-0.27,1.08,-0.35,1.23,0.00,25.25
9.67,11.32,-0.23,1.11,-0.35,1.27,0.00,25.25
9.68,11.35,-0.14,1.26,-0.33,1.32,0.00,25.26
9.68,11.39,-0.08,1.27,-0.32,1.39,0.00,25.25
9.68,11.40,-0.08,1.21,-0.32,1.40,0.00,25.25
9.69,11.41,-0.08,1.15,-0.32,1.40,0.00,25.25
9.67,11.42,-0.06,1.04,-0.31,1.41,0.00,25.25
9.67,11.46,-0.19,0.98,-0.33,1.42,0.00,25.25
9.66,11.52,-0.29,1.25,-0.34,1.52,0.00,25.26
9.65,11.54,-0.27,1.33,-0.35,1.54,0.00,25.25
9.66,11.58,-0.21,1.26,-0.35,1.54,0.00,25.25
9.64,11.62,-0.19,1.34,-0.34,1.58,0.00,25.26
9.63,11.64,-0.28,1.39,-0.36,1.62,0.00,25.26
9.63,11.67,-0.31,1.34,-0.37,1.67,0.00,25.25
9.61,11.71,-0.35,1.36,-0.39,1.71,0.00,25.26
9.58,11.73,-0.40,1.40,-0.39,1.71,0.00,25.26
9.57,11.71,-0.50,1.35,-0.42,1.73,0.00,25.26
9.57,11.75,-0.52,0.97,-0.43,1.71,0.00,25.25
9.57,11.78,-0.36,1.23,-0.43,1.78,0.00,25.25
9.57,11.81,-0.27,1.34,-0.43,1.81,0.00,25.26
9.54,11.81,-0.25,1.37,-0.43,1.81,0.00,25.26
9.53,11.83,-0.39,1.21,-0.46,1.81,0.00,25.25
9.52,11.86,-0.41,1.21,-0.47,1.83,0.00,25.25
9.52,11.86,-0.38,1.26,-0.48,1.86,0.00,25.25
9.52,11.87,-0.33,1.20,-0.48,1.86,0.00,25.25
9.51,11.86,-0.31,1.20,-0.48,1.87,0.00,25.25
9.52,11.85,-0.32,1.09,-0.49,1.86,0.00,25.25
9.52,11.82,-0.30,0.97,-0.48,1.85,0.00,25.25
9.52,11.82,-0.17,0.60,-0.48,1.82,0.00,25.25
9.53,11.77,-0.07,0.34,-0.47,1.77,0.00,25.25
9.55,11.71,-0.04,0.23,-0.45,1.71,0.00,25.25
9.55,11.71,-0.10,0.53,-0.45,1.71,0.00,25.25
9.56,11.69,-0.20,0.71,-0.45,1.71,0.00,25.25
9.59,11.68,-0.07,0.67,-0.41,1.68,0.00,25.25
9.60,11.65,0.01,0.64,-0.40,1.65,0.00,25.25
9.62,11.64,0.02,0.60,-0.40,1.65,0.00,25.25
9.64,11.63,0.08,0.60,-0.38,1.64,0.00,25.25
9.66,11.62,0.08,0.68,-0.36,1.63,0.00,25.25
9.69,11.60,0.14,0.65,-0.31,1.60,0.00,25.25
9.74,11.61,0.26,0.75,-0.26,1.61,0.00,25.25
9.78,11.61,0.32,0.88,-0.26,1.61,0.00,25.25
9.82,11.61,0.39,0.85,-0.22,1.61,0.00,25.25
9.82,11.62,0.41,0.84,-0.18,1.61,0.00,25.25
9.85,11.64,0.24,1.02,-0.15,1.64,0.00,25.25
9.87,11.65,0.22,1.07,-0.13,1.65,0.00,25.25
9.90,11.64,0.22,1.01,-0.13,1.65,0.00,25.25
9.92,11.59,0.28,0.96,-0.10,1.64,0.00,25.25
9.93,11.58,0.29,0.63,-0.08,1.59,0.00,25.25
9.94,11.53,0.18,0.45,-0.06,1.53,0.00,25.25
9.96,11.51,0.16,0.37,-0.04,1.51,0.00,25.25
10.00,11.53,0.18,0.46,-0.04,1.51,0.00,25.25
10.02,11.53,0.31,0.70,-0.00,1.53,0.00,25.25
10.04,11.53,0.33,0.76,0.02,1.53,0.00,25.25
10.04,11.53,0.35,0.80,0.04,1.53,0.00,25.25
10.06,11.55,0.39,0.96,0.06,1.55,0.00,25.25
10.13,11.57,0.48,1.01,0.11,1.56,0.00,25.25
10.15,11.58,0.52,1.00,0.13,1.57,0.00,25.25
10.19,11.55,0.45,0.99,0.15,1.58,0.00,25.25
10.21,11.52,0.51,0.62,0.21,1.52,0.00,25.25
10.21,11.52,0.41,0.56,0.21,1.52,0.00,25.25
10.21,11.50,0.32,0.62,0.21,1.52,0.00,25.25
10.21,11.51,0.21,0.61,0.21,1.50,0.00,25.25
10.23,11.52,0.18,0.74,0.21,1.51,0.00,25.25
10.23,11.52,0.25,0.87,0.23,1.52,0.00,25.25
10.21,11.55,0.22,0.87,0.23,1.52,0.00,25.25
10.19,11.54,0.06,1.02,0.21,1.55,0.00,25.25
10.19,11.54,-0.07,0.89,0.19,1.54,0.00,25.25
10.20,11.56,-0.04,0.86,0.19,1.54,0.00,25.25
10.20,11.54,0.10,0.86,0.20,1.54,0.00,25.25
10.18,11.52,0.05,0.69,0.18,1.52,0.00,25.25
10.16,11.53,-0.02,0.65,0.18,1.52,0.00,25.25
10.13,11.55,-0.10,0.68,0.16,1.53,0.00,25.25
10.09,11.56,-0.20,0.85,0.13,1.55,0.00,25.25
10.07,11.56,-0.35,0.93,0.07,1.56,0.00,25.25
10.05,11.53,-0.32,0.81,0.05,1.53,0.00,25.25
10.05,11.50,-0.31,0.69,0.05,1.53,0.00,25.25
10.02,11.44,-0.20,0.53,0.05,1.50,0.00,25.25
10.00,11.43,-0.22,0.28,0.02,1.44,0.00,25.25
10.00,11.43,-0.22,0.48,-0.00,1.43,0.00,25.25
9.98,11.46,-0.18,0.60,-0.00,1.43,0.00,25.25
9.98,11.47,-0.18,0.86,-0.02,1.46,0.00,25.25
9.97,11.45,-0.13,0.91,-0.02,1.47,0.00,25.25
9.95,11.43,-0.15,0.75,-0.03,1.45,0.00,25.25
9.95,11.43,-0.18,0.50,-0.05,1.43,0.00,25.25
9.95,11.40,-0.14,0.49,-0.05,1.40,0.00,25.25
9.93,11.38,-0.15,0.60,-0.06,1.40,0.00,25.25
9.90,11.32,-0.20,0.52,-0.07,1.38,0.00,25.25
9.86,11.31,-0.28,0.30,-0.10,1.32,0.00,25.25
9.85,11.27,-0.43,0.30,-0.15,1.27,0.00,25.25
9.83,11.28,-0.39,0.37,-0.17,1.28,0.00,25.25
9.83,11.31,-0.37,0.51,-0.17,1.28,0.00,25.25
9.82,11.27,-0.29,0.73,-0.17,1.31,0.00,25.25
9.79,11.25,-0.29,0.55,-0.18,1.27,0.00,25.25
9.80,11.27,-0.24,0.53,-0.20,1.27,0.00,25.25
9.78,11.26,-0.21,0.71,-0.22,1.26,0.00,25.25
9.77,11.25,-0.27,0.72,-0.22,1.26,0.00,25.25
9.76,11.25,-0.29,0.58,-0.23,1.25,0.00,25.25
9.75,11.27,-0.32,0.63,-0.24,1.25,0.00,25.25
9.75,11.27,-0.28,0.71,-0.25,1.27,0.00,25.25
9.75,11.29,-0.24,0.77,-0.25,1.27,0.00,25.25
9.76,11.31,-0.19,0.84,-0.25,1.29,0.00,25.25
9.77,11.33,-0.12,0.90,-0.24,1.31,0.00,25.25
9.77,11.33,-0.05,0.94,-0.23,1.33,0.00,25.25
9.79,11.35,-0.04,0.89,-0.21,1.35,0.00,25.25
9.79,11.35,-0.01,0.87,-0.21,1.35,0.00,25.25
9.80,11.35,-0.01,0.81,-0.21,1.35,0.00,25.25
9.82,11.36,0.02,0.82,-0.20,1.35,0.00,25.25
9.84,11.36,0.11,0.83,-0.18,1.36,0.00,25.25
9.84,11.36,0.07,0.74,-0.16,1.36,0.00,25.25
9.85,11.35,-0.00,0.71,-0.16,1.36,0.00,25.25
9.87,11.39,0.02,0.73,-0.15,1.35,0.00,25.25
9.87,11.40,0.10,0.92,-0.13,1.39,0.00,25.25
9.87,11.42,0.02,0.95,-0.13,1.40,0.00,25.25
9.86,11.43,-0.12,0.97,-0.14,1.43,0.00,25.25
9.88,11.49,-0.15,0.95,-0.14,1.43,0.00,25.25
9.88,11.56,-0.02,1.24,-0.12,1.49,0.00,25.26
9.88,11.61,-0.01,1.50,-0.12,1.56,0.00,25.26
9.90,11.62,-0.00,1.54,-0.12,1.61,0.00,25.26
9.93,11.62,0.15,1.17,-0.07,1.62,0.00,25.25
9.94,11.64,0.21,1.02,-0.06,1.64,0.00,25.25
9.96,11.67,0.19,1.05,-0.06,1.64,0.00,25.25
9.97,11.65,0.24,1.15,-0.04,1.67,0.00,25.25
9.99,11.64,0.19,1.00,-0.03,1.65,0.00,25.25
10.00,11.67,0.20,0.99,0.00,1.67,0.00,25.25
10.02,11.71,0.22,1.29,0.02,1.71,0.00,25.26
10.02,11.72,0.19,1.36,0.02,1.71,0.00,25.26
10.03,11.75,0.16,1.26,0.02,1.72,0.00,25.25
10.02,11.77,0.10,1.28,0.03,1.75,0.00,25.25
10.01,11.79,-0.06,1.27,0.01,1.79,0.00,25.25
10.01,11.82,-0.05,1.34,0.01,1.82,0.00,25.25
10.00,11.82,-0.00,1.34,0.01,1.82,0.00,25.25
9.99,11.77,-0.11,1.22,-0.00,1.82,0.00,25.25
9.98,11.73,-0.09,0.85,-0.01,1.77,0.00,25.25
9.99,11.73,-0.04,0.63,-0.01,1.73,0.00,25.25
9.99,11.73,0.03,0.71,-0.01,1.73,0.00,25.25
9.98,11.71,0.04,0.76,-0.01,1.73,0.00,25.25
9.98,11.68,-0.04,0.69,-0.02,1.71,0.00,25.25
9.98,11.72,-0.02,0.62,-0.02,1.68,0.00,25.25
9.97,11.74,-0.08,1.06,-0.03,1.74,0.00,25.25
9.96,11.72,-0.13,1.03,-0.04,1.72,0.00,25.25
9.95,11.73,-0.17,0.92,-0.04,1.72,0.00,25.25
9.96,11.70,-0.19,0.95,-0.05,1.73,0.00,25.25
9.95,11.71,-0.07,0.82,-0.04,1.70,0.00,25.25
9.95,11.71,-0.09,0.79,-0.05,1.71,0.00,25.25
9.95,11.69,-0.04,0.72,-0.05,1.69,0.00,25.25
9.98,11.64,0.02,0.68,-0.04,1.67,0.00,25.25
10.00,11.60,0.11,0.57,-0.02,1.64,0.00,25.25
10.01,11.61,0.18,0.45,-0.00,1.60,0.00,25.25
10.02,11.61,0.19,0.76,0.02,1.61,0.00,25.25
10.03,11.63,0.19,0.82,0.02,1.61,0.00,25.25
10.04,11.63,0.18,0.98,0.03,1.63,0.00,25.25
10.06,11.65,0.16,0.97,0.04,1.63,0.00,25.25
10.06,11.69,0.19,1.04,0.06,1.65,0.00,25.25
10.06,11.68,0.13,1.13,0.06,1.68,0.00,25.25
10.05,11.68,0.10,1.05,0.06,1.68,0.00,25.25
10.05,11.68,0.07,0.91,0.05,1.68,0.00,25.25
10.07,11.69,0.08,0.90,0.05,1.68,0.00,25.25
10.05,11.68,0.10,1.00,0.07,1.69,0.00,25.25
10.05,11.67,-0.03,0.85,0.05,1.67,0.00,25.25
10.05,11.66,0.01,0.80,0.05,1.67,0.00,25.25
10.05,11.67,0.04,0.76,0.05,1.66,0.00,25.25
10.05,11.70,0.02,0.88,0.05,1.67,0.00,25.25
10.05,11.71,0.02,1.06,0.05,1.70,0.00,25.25
10.07,11.70,0.07,0.99,0.07,1.70,0.00,25.25
10.07,11.70,0.15,0.93,0.07,1.70,0.00,25.25
10.09,11.68,0.17,0.95,0.07,1.70,0.00,25.25
10.10,11.70,0.17,0.77,0.09,1.68,0.00,25.25
10.10,11.67,0.22,0.89,0.10,1.70,0.00,25.25
10.11,11.70,0.13,0.88,0.11,1.70,0.00,25.25
10.11,11.71,0.10,1.10,0.11,1.71,0.00,25.25
10.12,11.71,0.06,1.10,0.11,1.71,0.00,25.25
10.12,11.73,0.10,0.97,0.12,1.71,0.00,25.25
10.12,11.73,0.11,1.03,0.12,1.73,0.00,25.25
10.12,11.74,0.08,0.99,0.12,1.74,0.00,25.25
10.13,11.77,0.12,1.13,0.13,1.77,0.00,25.25
10.15,11.74,0.18,1.21,0.13,1.77,0.00,25.25
10.14,11.75,0.25,1.00,0.15,1.74,0.00,25.25
10.14,11.74,0.16,0.92,0.14,1.75,0.00,25.25
10.13,11.72,-0.00,0.85,0.13,1.72,0.00,25.25
10.10,11.69,-0.13,0.66,0.10,1.69,0.00,25.25
10.10,11.69,-0.22,0.56,0.10,1.69,0.00,25.25
10.08,11.73,-0.14,0.75,0.10,1.69,0.00,25.25
10.04,11.70,-0.18,1.03,0.08,1.73,0.00,25.25
10.04,11.70,-0.21,0.86,0.04,1.70,0.00,25.25
10.06,11.72,-0.13,0.86,0.04,1.70,0.00,25.25
10.07,11.74,-0.01,1.01,0.06,1.72,0.00,25.25
10.05,11.74,0.10,1.12,0.07,1.74,0.00,25.25
10.04,11.71,-0.01,1.05,0.05,1.74,0.00,25.25
10.05,11.69,-0.02,0.72,0.05,1.69,0.00,25.25
10.04,11.66,0.02,0.59,0.04,1.66,0.00,25.25
10.04,11.62,0.01,0.53,0.04,1.66,0.00,25.25
10.04,11.61,-0.01,0.42,0.04,1.62,0.00,25.25
10.04,11.62,0.03,0.49,0.04,1.61,0.00,25.25
10.03,11.63,-0.04,0.80,0.03,1.63,0.00,25.25
10.02,11.62,-0.11,0.89,0.02,1.62,0.00,25.25
10.03,11.63,-0.11,0.89,0.02,1.62,0.00,25.25
10.03,11.63,0.01,0.86,0.03,1.63,0.00,25.25
10.03,11.63,-0.00,0.90,0.03,1.63,0.00,25.25
10.03,11.62,3.71,4.56,10.03,11.62,0.00,25.50
10.04,11.60,4.46,5.25,10.03,11.62,0.00,25.50
10.05,11.57,4.87,5.52,10.04,11.60,0.00,25.49
10.07,11.58,5.15,5.65,10.05,11.57,0.00,25.49
10.07,11.58,5.38,5.88,10.07,11.58,0.00,25.51
10.02,11.52,5.21,5.84,10.02,11.52,0.00,25.46
9.90,11.39,4.64,5.19,9.90,11.39,0.00,25.40
9.81,11.29,4.32,4.82,9.90,11.39,0.00,25.38
9.77,11.27,4.08,4.57,9.81,11.29,0.00,25.39
9.68,11.21,4.32,5.04,9.77,11.27,0.00,25.43
9.68,11.21,3.70,4.99,9.68,11.21,0.00,25.38
9.49,11.14,2.82,4.86,9.49,11.14,0.00,25.36
9.11,11.01,2.47,4.83,9.28,11.07,0.00,25.35
8.89,10.94,2.37,4.87,9.11,11.01,0.00,25.36
8.68,10.81,2.09,4.78,8.89,10.94,0.00,25.34
8.47,10.64,1.73,3.93,8.47,10.64,0.00,25.30
8.25,10.47,1.51,3.31,8.25,10.47,0.00,25.29
7.99,10.23,1.44,3.12,8.25,10.47,0.00,25.29
7.73,10.01,1.03,2.42,7.99,10.23,0.00,25.27
7.46,9.76,0.78,2.16,7.73,10.01,0.00,25.26
7.17,9.46,0.18,1.39,7.17,9.46,0.00,25.25
6.89,9.14,-0.24,0.73,6.89,9.14,0.00,25.25
6.60,8.81,-0.36,0.54,6.89,9.14,0.00,25.25
6.33,8.47,-0.45,0.13,6.60,8.81,0.00,25.25
6.04,8.12,-0.54,-0.21,6.33,8.47,0.00,25.25
5.76,7.79,-0.79,-0.73,5.76,7.79,0.00,25.25
5.49,7.39,-0.91,-1.23,5.49,7.39,0.00,25.26
5.22,6.99,-0.95,-1.53,5.49,7.39,0.00,25.27
4.99,6.58,-1.03,-1.85,5.22,6.99,0.00,25.27
4.75,6.16,-0.93,-2.15,4.99,6.58,0.00,25.27
4.75,6.16,-0.90,-2.70,4.75,6.16,0.00,25.28
4.29,5.35,-0.98,-3.02,4.29,5.35,0.00,25.29
4.09,4.96,-1.04,-3.09,4.29,5.35,0.00,25.29
3.89,4.56,-1.00,-3.13,4.09,4.96,0.00,25.29
3.72,4.17,-0.92,-3.28,3.89,4.56,0.00,25.30
3.72,4.17,-0.70,-3.54,3.72,4.17,0.00,25.30
3.55,3.78,-0.59,-3.55,3.55,3.78,0.00,25.29
3.28,3.10,-0.52,-3.51,3.40,3.44,0.00,25.29
3.17,2.79,-0.35,-3.47,3.28,3.10,0.00,25.29
3.06,2.48,-0.08,-3.31,3.17,2.79,0.00,25.29
3.06,2.48,0.10,-3.26,3.06,2.48,0.00,25.29
2.99,2.18,0.26,-3.28,2.99,2.18,0.00,25.29
2.83,1.63,0.30,-3.33,2.91,1.89,0.00,25.29
2.76,1.41,0.35,-3.21,2.83,1.63,0.00,25.28
2.69,1.23,0.36,-2.94,2.76,1.41,0.00,25.27
2.65,1.07,0.48,-2.38,2.65,1.07,0.00,25.26
2.58,0.92,0.57,-2.04,2.58,0.92,0.00,25.26
2.54,0.81,0.54,-1.94,2.58,0.92,0.00,25.26
2.52,0.69,0.59,-1.68,2.54,0.81,0.00,25.26
2.48,0.63,0.73,-1.52,2.52,0.69,0.00,25.26
2.42,0.56,0.69,-1.06,2.42,0.56,0.00,25.25
2.39,0.54,0.66,-0.65,2.39,0.54,0.00,25.25
2.37,0.54,0.70,-0.38,2.39,0.54,0.00,25.25
2.34,0.55,0.78,-0.17,2.37,0.54,0.00,25.25
2.31,0.61,0.81,0.10,2.34,0.55,0.00,25.25
2.29,0.70,0.80,0.94,2.29,0.70,0.00,25.26
2.25,0.77,0.79,1.32,2.25,0.77,0.00,25.26
2.21,0.85,0.73,1.36,2.25,0.77,0.00,25.26
2.16,1.00,0.62,1.54,2.21,0.85,0.00,25.26
2.10,1.12,0.58,2.01,2.16,1.00,0.00,25.27
2.10,1.12,0.26,2.33,2.10,1.12,0.00,25.27
1.96,1.38,0.11,2.54,1.96,1.38,0.00,25.27
1.90,1.54,0.12,2.59,1.96,1.38,0.00,25.27
1.80,1.71,0.08,2.79,1.90,1.54,0.00,25.28
1.69,1.88,-0.24,3.18,1.80,1.71,0.00,25.29
1.69,1.88,-0.51,3.43,1.69,1.88,0.00,25.30
1.59,2.05,-0.66,3.54,1.59,2.05,0.00,25.30
1.36,2.37,-0.74,3.60,1.47,2.21,0.00,25.30
1.27,2.55,-0.81,3.61,1.36,2.37,0.00,25.30
1.18,2.70,-0.80,3.77,1.27,2.55,0.00,25.31
1.18,2.70,-0.90,3.68,1.18,2.70,0.00,25.30
1.05,2.83,-1.07,3.42,1.05,2.83,0.00,25.29
0.81,3.03,-1.12,3.28,0.94,2.93,0.00,25.29
0.66,3.12,-1.25,3.21,0.81,3.03,0.00,25.29
0.52,3.19,-1.53,3.11,0.66,3.12,0.00,25.30
0.39,3.26,-1.73,2.91,0.39,3.26,0.00,25.29
0.26,3.32,-1.74,2.82,0.26,3.32,0.00,25.29
0.14,3.34,-1.71,2.78,0.26,3.32,0.00,25.29
0.03,3.37,-1.71,2.52,0.14,3.34,0.00,25.28
-0.06,3.37,-1.70,2.36,0.03,3.37,0.00,25.28
-0.15,3.35,-1.52,1.94,-0.15,3.35,0.00,25.27
-0.23,3.31,-1.40,1.56,-0.23,3.31,0.00,25.26
-0.32,3.27,-1.40,1.38,-0.23,3.31,0.00,25.26
-0.39,3.19,-1.42,1.29,-0.32,3.27,0.00,25.26
-0.45,3.13,-1.39,1.05,-0.39,3.19,0.00,25.26
-0.48,3.05,-1.11,0.73,-0.48,3.05,0.00,25.25
-0.48,3.05,-0.90,0.47,-0.48,3.05,0.00,25.25
-0.55,2.88,-0.87,0.33,-0.52,2.95,0.00,25.25
-0.57,2.78,-0.82,0.36,-0.55,2.88,0.00,25.25
-0.59,2.66,-0.76,0.23,-0.57,2.78,0.00,25.25
-0.57,2.56,-0.50,-0.11,-0.57,2.56,0.00,25.25
-0.54,2.44,-0.17,-0.26,-0.54,2.44,0.00,25.25
-0.50,2.35,-0.03,-0.35,-0.54,2.44,0.00,25.25
-0.46,2.23,0.08,-0.28,-0.50,2.35,0.00,25.25
-0.41,2.15,0.24,-0.35,-0.46,2.23,0.00,25.25
-0.36,2.07,0.45,-0.22,-0.36,2.07,0.00,25.25
-0.36,2.07,0.51,-0.21,-0.36,2.07,0.00,25.25
-0.26,1.86,0.49,-0.28,-0.32,1.97,0.00,25.25
-0.15,1.77,0.65,-0.52,-0.26,1.86,0.00,25.25
-0.04,1.69,1.06,-0.50,-0.15,1.77,0.00,25.25
0.06,1.64,1.39,-0.26,0.06,1.64,0.00,25.26
0.16,1.62,1.49,0.10,0.16,1.62,0.00,25.26
0.29,1.61,1.53,0.24,0.16,1.62,0.00,25.26
0.41,1.59,1.75,0.41,0.29,1.61,0.00,25.26
0.52,1.56,1.86,0.50,0.41,1.59,0.00,25.26
0.62,1.54,1.88,0.48,0.62,1.54,0.00,25.26
0.72,1.55,1.89,0.64,0.72,1.55,0.00,25.26
0.82,1.57,1.92,0.77,0.72,1.55,0.00,25.27
0.93,1.63,1.90,0.86,0.82,1.57,0.00,25.26
1.04,1.70,2.03,1.22,0.93,1.63,0.00,25.28
1.13,1.73,2.06,1.56,1.13,1.73,0.00,25.27
1.19,1.79,1.90,1.61,1.19,1.79,0.00,25.27
1.27,1.86,1.82,1.66,1.19,1.79,0.00,25.27
1.34,1.93,1.80,1.82,1.27,1.86,0.00,25.28
1.42,2.04,1.78,1.98,1.34,1.93,0.00,25.28
1.46,2.12,1.81,2.33,1.42,2.04,0.00,25.28
1.51,2.22,1.62,2.46,1.51,2.22,0.00,25.28
1.54,2.33,1.57,2.53,1.51,2.22,0.00,25.28
1.57,2.47,1.48,2.66,1.54,2.33,0.00,25.29
1.59,2.61,1.42,2.96,1.57,2.47,0.00,25.30
1.59,2.71,1.17,3.16,1.59,2.71,0.00,25.29
1.58,2.82,0.94,3.09,1.58,2.82,0.00,25.29
1.56,2.95,0.84,3.11,1.58,2.82,0.00,25.29
1.55,3.06,0.73,3.28,1.56,2.95,0.00,25.30
1.51,3.16,0.71,3.29,1.55,3.06,0.00,25.29
1.46,3.24,0.34,3.16,1.46,3.24,0.00,25.28
1.41,3.33,0.13,3.06,1.41,3.33,0.00,25.28
1.34,3.36,0.04,3.05,1.41,3.33,0.00,25.28
1.31,3.42,-0.11,2.71,1.34,3.36,0.00,25.27
1.24,3.40,-0.03,2.65,1.31,3.42,0.00,25.27
1.18,3.39,-0.20,2.00,1.18,3.39,0.00,25.26
1.10,3.40,-0.35,1.85,1.10,3.40,0.00,25.26
1.03,3.36,-0.43,1.91,1.10,3.40,0.00,25.26
0.94,3.32,-0.45,1.68,1.03,3.36,0.00,25.26
0.86,3.28,-0.59,1.44,0.94,3.32,0.00,25.25
0.79,3.24,-0.67,1.19,0.79,3.24,0.00,25.25
0.73,3.16,-0.65,0.93,0.73,3.16,0.00,25.25
0.67,3.07,-0.61,0.79,0.73,3.16,0.00,25.25
0.62,3.00,-0.57,0.64,0.67,3.07,0.00,25.25
0.55,2.91,-0.56,0.56,0.62,3.00,0.00,25.25
0.47,2.78,-0.67,0.16,0.47,2.78,0.00,25.25
0.44,2.72,-0.65,0.04,0.44,2.72,0.00,25.25
0.42,2.63,-0.56,0.13,0.44,2.72,0.00,25.25
0.39,2.54,-0.38,0.17,0.42,2.63,0.00,25.25
0.38,2.42,-0.28,0.06,0.39,2.54,0.00,25.25
0.35,2.33,-0.14,-0.17,0.35,2.33,0.00,25.25
0.35,2.33,-0.05,-0.27,0.35,2.33,0.00,25.25
0.34,2.11,0.04,-0.36,0.35,2.22,0.00,25.25
0.34,2.01,0.05,-0.43,0.34,2.11,0.00,25.25
0.37,1.91,0.12,-0.43,0.34,2.01,0.00,25.25
0.41,1.82,0.48,-0.42,0.41,1.82,0.00,25.25
0.45,1.77,0.67,-0.24,0.45,1.77,0.00,25.25
0.49,1.72,0.73,-0.14,0.45,1.77,0.00,25.25
0.52,1.65,0.76,-0.02,0.49,1.72,0.00,25.25
0.55,1.60,0.79,-0.02,0.52,1.65,0.00,25.25
0.58,1.54,0.77,-0.01,0.58,1.54,0.00,25.25
0.58,1.54,0.78,0.06,0.58,1.54,0.00,25.25
0.69,1.48,0.81,0.15,0.62,1.51,0.00,25.25
0.74,1.44,0.99,0.22,0.69,1.48,0.00,25.25
0.80,1.44,1.08,0.21,0.74,1.44,0.00,25.25
0.85,1.44,1.21,0.56,0.85,1.44,0.00,25.26
0.90,1.40,1.20,0.59,0.90,1.40,0.00,25.25
0.95,1.41,1.22,0.47,0.90,1.40,0.00,25.25
0.99,1.42,1.26,0.53,0.95,1.41,0.00,25.26
1.04,1.43,1.18,0.68,0.99,1.42,0.00,25.25
1.07,1.41,1.21,0.72,1.07,1.41,0.00,25.25
1.09,1.44,1.08,0.77,1.09,1.44,0.00,25.25
1.13,1.51,1.03,0.91,1.09,1.44,0.00,25.26
1.17,1.58,1.06,1.36,1.13,1.51,0.00,25.26
1.20,1.61,1.12,1.58,1.17,1.58,0.00,25.27
1.22,1.66,1.06,1.54,1.22,1.66,0.00,25.26
1.22,1.76,0.92,1.83,1.22,1.76,0.00,25.27
1.23,1.83,0.84,2.05,1.22,1.76,0.00,25.27
1.25,1.87,0.85,2.04,1.23,1.83,0.00,25.27
1.22,1.91,0.84,1.88,1.25,1.87,0.00,25.26
1.23,1.97,0.60,1.77,1.23,1.97,0.00,25.26
1.18,2.00,0.45,1.77,1.18,2.00,0.00,25.26
1.17,2.03,0.32,1.70,1.18,2.00,0.00,25.26
1.14,2.07,0.34,1.65,1.17,2.03,0.00,25.26
1.09,2.12,0.28,1.64,1.14,2.07,0.00,25.26
1.03,2.17,-0.05,1.79,1.03,2.17,0.00,25.26
0.98,2.19,-0.21,1.74,0.98,2.19,0.00,25.26
0.94,2.24,-0.22,1.67,0.98,2.19,0.00,25.26
0.88,2.28,-0.19,1.75,0.94,2.24,0.00,25.26
0.85,2.34,-0.24,1.78,0.88,2.28,0.00,25.26
0.82,2.38,-0.13,1.94,0.82,2.38,0.00,25.26
0.78,2.39,-0.14,1.77,0.78,2.39,0.00,25.26
0.73,2.38,-0.18,1.58,0.78,2.39,0.00,25.25
0.70,2.39,-0.21,1.38,0.73,2.38,0.00,25.25
0.67,2.37,-0.19,1.36,0.70,2.39,0.00,25.25
0.64,2.33,-0.15,1.00,0.64,2.33,0.00,25.25
0.59,2.29,-0.20,0.81,0.59,2.29,0.00,25.25
0.56,2.28,-0.23,0.77,0.59,2.29,0.00,25.25
0.52,2.24,-0.24,0.87,0.56,2.28,0.00,25.25
0.49,2.22,-0.25,0.76,0.52,2.24,0.00,25.25
0.46,2.20,-0.22,0.80,0.46,2.20,0.00,25.25
0.45,2.16,-0.17,0.75,0.45,2.16,0.00,25.25
0.44,2.15,-0.13,0.71,0.45,2.16,0.00,25.25
0.42,2.12,-0.02,0.82,0.44,2.15,0.00,25.25
0.42,2.09,0.00,0.76,0.42,2.12,0.00,25.25
0.42,2.07,0.07,0.74,0.42,2.07,0.00,25.25
0.42,2.03,0.13,0.70,0.42,2.03,0.00,25.25
0.42,1.97,0.14,0.64,0.42,2.03,0.00,25.25
0.42,1.91,0.18,0.43,0.42,1.97,0.00,25.25
0.45,1.87,0.17,0.31,0.42,1.91,0.00,25.25
0.45,1.87,0.39,0.41,0.45,1.87,0.00,25.25
0.47,1.83,0.40,0.53,0.47,1.83,0.00,25.25
0.47,1.81,0.42,0.60,0.47,1.83,0.00,25.25
0.50,1.80,0.41,0.69,0.47,1.81,0.00,25.25
0.53,1.79,0.48,0.74,0.50,1.80,0.00,25.25
0.56,1.78,0.64,0.74,0.56,1.78,0.00,25.25
0.56,1.78,0.68,0.79,0.56,1.78,0.00,25.25
0.62,1.77,0.71,0.80,0.59,1.77,0.00,25.25
0.66,1.78,0.79,0.84,0.62,1.77,0.00,25.25
0.70,1.80,0.85,0.91,0.66,1.78,0.00,25.25
0.70,1.80,0.81,1.15,0.70,1.80,0.00,25.26
0.72,1.82,0.75,1.32,0.72,1.82,0.00,25.26
0.74,1.85,0.74,1.37,0.74,1.86,0.00,25.26
0.77,1.87,0.62,1.20,0.74,1.85,0.00,25.25
0.78,1.90,0.67,1.21,0.77,1.87,0.00,25.26
0.80,1.92,0.70,1.34,0.80,1.92,0.00,25.26
0.81,1.95,0.69,1.41,0.81,1.95,0.00,25.26
0.84,2.02,0.64,1.46,0.81,1.95,0.00,25.26
0.85,2.05,0.71,1.68,0.84,2.02,0.00,25.26
0.83,2.13,0.67,1.64,0.85,2.05,0.00,25.26
0.81,2.20,0.34,2.04,0.81,2.20,0.00,25.27
0.79,2.24,0.23,2.04,0.79,2.24,0.00,25.26
0.79,2.24,0.22,1.98,0.79,2.24,0.00,25.26
0.78,2.24,0.25,1.67,0.79,2.24,0.00,25.25
0.77,2.25,0.28,1.45,0.78,2.24,0.00,25.25
0.74,2.26,0.18,1.36,0.74,2.26,0.00,25.25
0.73,2.29,0.12,1.42,0.73,2.29,0.00,25.26
0.71,2.28,0.15,1.47,0.73,2.29,0.00,25.26
0.71,2.31,0.15,1.34,0.71,2.28,0.00,25.25
0.70,2.30,0.21,1.39,0.71,2.31,0.00,25.26
0.68,2.28,0.18,1.18,0.68,2.28,0.00,25.25
0.65,2.26,0.05,1.05,0.65,2.26,0.00,25.25
0.62,2.26,-0.01,1.00,0.65,2.26,0.00,25.25
0.61,2.28,-0.08,1.11,0.62,2.26,0.00,25.25
0.61,2.29,-0.00,1.26,0.61,2.28,0.00,25.26
0.60,2.29,0.21,1.28,0.60,2.29,0.00,25.25
0.61,2.31,0.26,1.25,0.60,2.29,0.00,25.25
0.57,2.30,0.27,1.35,0.61,2.31,0.00,25.26
0.56,2.25,0.12,1.30,0.57,2.30,0.00,25.25
0.54,2.23,0.07,0.97,0.56,2.25,0.00,25.25
0.54,2.23,0.11,0.81,0.54,2.23,0.00,25.25
0.54,2.20,0.14,0.66,0.54,2.20,0.00,25.25
0.51,2.09,0.11,0.58,0.53,2.15,0.00,25.25
0.48,2.07,0.02,0.45,0.51,2.09,0.00,25.25
0.46,2.06,-0.05,0.59,0.48,2.07,0.00,25.25
0.44,2.05,-0.05,0.81,0.44,2.05,0.00,25.25
0.42,2.04,-0.04,0.85,0.42,2.04,0.00,25.25
0.43,2.02,-0.04,0.87,0.42,2.04,0.00,25.25
0.44,2.02,0.04,0.87,0.43,2.02,0.00,25.25
0.44,2.06,0.20,0.93,0.44,2.02,0.00,25.25
0.44,2.05,0.26,1.20,0.44,2.05,0.00,25.25
0.45,2.00,0.28,1.14,0.44,2.05,0.00,25.25
0.46,1.99,0.36,0.86,0.45,2.00,0.00,25.25
0.46,1.94,0.32,0.84,0.46,1.99,0.00,25.25
0.48,1.93,0.32,0.64,0.46,1.94,0.00,25.25
0.49,1.92,0.41,0.76,0.49,1.92,0.00,25.25
0.50,1.91,0.41,0.82,0.49,1.92,0.00,25.25
0.53,1.92,0.39,0.82,0.50,1.91,0.00,25.25
0.54,1.90,0.50,0.95,0.53,1.92,0.00,25.25
0.55,1.85,0.49,0.90,0.54,1.90,0.00,25.25
0.57,1.87,0.51,0.75,0.57,1.87,0.00,25.25
0.59,1.85,0.61,0.85,0.59,1.85,0.00,25.25
0.62,1.82,0.63,0.80,0.59,1.85,0.00,25.25
0.66,1.82,0.64,0.72,0.62,1.82,0.00,25.25
0.68,1.84,0.78,0.80,0.66,1.82,0.00,25.25
0.69,1.85,0.72,1.06,0.69,1.85,0.00,25.25
0.70,1.84,0.58,1.05,0.70,1.84,0.00,25.25
0.72,1.84,0.50,0.97,0.70,1.84,0.00,25.25
0.73,1.85,0.54,0.97,0.72,1.84,0.00,25.25
0.73,1.87,0.56,1.05,0.73,1.85,0.00,25.25
0.75,1.89,0.56,1.20,0.75,1.89,0.00,25.26
0.78,1.92,0.65,1.31,0.78,1.92,0.00,25.26
0.79,1.92,0.68,1.36,0.78,1.92,0.00,25.26
0.79,1.93,0.68,1.23,0.79,1.92,0.00,25.25
0.81,1.92,0.61,1.13,0.79,1.93,0.00,25.25
0.81,1.93,0.61,1.08,0.81,1.92,0.00,25.25
0.81,1.94,0.56,1.10,0.81,1.93,0.00,25.25
0.84,1.94,0.48,1.14,0.81,1.94,0.00,25.25
0.86,1.95,0.62,1.10,0.84,1.94,0.00,25.25
0.88,1.96,0.76,1.14,0.86,1.95,0.00,25.26
0.89,1.98,0.73,1.21,0.89,1.98,0.00,25.26
0.90,1.97,0.68,1.21,0.90,1.97,0.00,25.25
0.90,2.01,0.67,1.17,0.90,1.97,0.00,25.25
0.91,2.03,0.63,1.30,0.90,2.01,0.00,25.26
0.91,2.03,0.57,1.32,0.91,2.03,0.00,25.26
0.91,2.04,0.53,1.26,0.91,2.04,0.00,25.25
0.94,2.07,0.66,1.31,0.94,2.07,0.00,25.26
0.94,2.11,0.78,1.39,0.94,2.07,0.00,25.26
0.94,2.16,0.68,1.49,0.94,2.11,0.00,25.26
0.94,2.19,0.59,1.69,0.94,2.16,0.00,25.26
0.93,2.18,0.48,1.50,0.93,2.18,0.00,25.25
0.92,2.18,0.39,1.26,0.92,2.18,0.00,25.25
0.92,2.20,0.37,1.21,0.92,2.18,0.00,25.25
