0.35,0.45,  	0.13,0.19,  	0.35,0.45,0.00,25.25
0.36,0.50,  	0.23,0.97,  	0.36,0.50,0.00,25.25
0.36,0.56,  	0.26,1.04,  	0.36,0.56,0.00,25.25
0.35,0.53,  	0.01,-0.16,  	0.35,0.53,0.00,25.25
0.34,0.55,  	0.01,0.43,  	0.34,0.55,0.00,25.25
0.33,0.53,  	-0.01,-0.00,  	0.33,0.53,0.00,25.25
0.32,0.49,  	-0.05,-0.37,  	0.32,0.49,0.00,25.25
0.29,0.43,  	-0.30,-0.74,  	0.29,0.43,0.00,25.25
0.27,0.36,  	-0.24,-0.80,  	0.27,0.36,0.00,25.25
0.25,0.31,  	-0.12,-0.58,  	0.25,0.31,0.00,25.25
0.25,0.27,  	-0.02,-0.12,  	0.25,0.27,0.00,25.25
0.24,0.26,  	-0.07,0.14,  	0.24,0.26,0.00,25.25
0.23,0.26,  	-0.08,0.17,  	0.23,0.26,0.00,25.25
0.23,0.26,  	0.10,0.09,  	0.23,0.26,0.00,25.25
0.23,0.29,  	0.16,0.47,  	0.23,0.29,0.00,25.25
0.23,0.28,  	0.15,0.08,  	0.23,0.28,0.00,25.25
0.25,0.28,  	0.24,-0.43,  	0.25,0.28,0.00,25.25
0.26,0.24,  	0.39,-0.40,  	0.26,0.24,0.00,25.25
0.28,0.21,  	0.42,-0.39,  	0.28,0.21,0.00,25.25
0.29,0.21,  	0.35,0.03,  	0.29,0.21,0.00,25.25
0.27,0.20,  	-0.14,-0.09,  	0.27,0.20,0.00,25.25
0.25,0.20,  	-0.03,0.08,  	0.25,0.20,0.00,25.25
0.24,0.20,  	0.26,-0.04,  	0.24,0.20,0.00,25.25
0.26,0.18,  	0.07,-0.01,  	0.26,0.18,0.00,25.25
0.26,0.18,  	0.23,-0.03,  	0.26,0.18,0.00,25.25
0.27,0.17,  	0.44,0.39,  	0.27,0.17,0.00,25.25
0.29,0.20,  	0.15,-0.35,  	0.29,0.20,0.00,25.25
0.29,0.16,  	0.20,-0.05,  	0.29,0.16,0.00,25.25
0.30,0.16,  	0.21,0.02,  	0.30,0.16,0.00,25.25
0.29,0.19,  	0.04,0.41,  	0.29,0.19,0.00,25.25
0.28,0.21,  	0.09,0.28,  	0.28,0.21,0.00,25.25
0.28,0.22,  	-0.03,-0.00,  	0.28,0.22,0.00,25.25
0.27,0.21,  	-0.06,-0.05,  	0.27,0.21,0.00,25.25
0.23,0.19,  	-0.40,-0.21,  	0.23,0.19,0.00,25.25
0.20,0.12,  	-0.50,-0.84,  	0.20,0.12,0.00,25.25
0.17,0.10,  	-0.36,-0.31,  	0.17,0.10,0.00,25.25
0.15,0.08,  	-0.25,-0.33,  	0.15,0.08,0.00,25.25
0.15,0.08,  	0.05,0.10,  	0.15,0.08,0.00,25.25
0.13,0.10,  	-0.12,0.36,  	0.13,0.10,0.00,25.25
0.11,0.14,  	-0.22,0.63,  	0.11,0.14,0.00,25.25
0.11,0.16,  	-0.01,0.40,  	0.11,0.16,0.00,25.25
0.08,0.14,  	-0.53,-0.25,  	0.08,0.14,0.00,25.25
0.06,0.16,  	-0.29,0.37,  	0.06,0.16,0.00,25.25
0.03,0.16,  	-0.27,0.13,  	0.03,0.16,0.00,25.25
0.03,0.12,  	-0.10,-0.47,  	0.03,0.12,0.00,25.25
0.03,0.15,  	-0.06,0.40,  	0.03,0.15,0.00,25.25
0.03,0.17,  	-0.10,0.39,  	0.03,0.17,0.00,25.25
0.01,0.15,  	-0.15,-0.13,  	0.01,0.15,0.00,25.25
-0.01,0.14,  	-0.44,-0.10,  	-0.01,0.14,0.00,25.25
-0.05,0.15,  	-0.48,0.17,  	-0.05,0.15,0.00,25.25
-0.08,0.20,  	-0.44,0.72,  	-0.08,0.20,0.00,25.25
-0.10,0.23,  	-0.34,0.60,  	-0.10,0.23,0.00,25.25
-0.13,0.20,  	-0.57,-0.39,  	-0.13,0.20,0.00,25.25
-0.15,0.15,  	-0.42,-0.55,  	-0.15,0.15,0.00,25.25
-0.17,0.11,  	-0.37,-0.57,  	-0.17,0.11,0.00,25.25
-0.19,0.13,  	-0.28,0.31,  	-0.19,0.13,0.00,25.25
-0.22,0.08,  	-0.67,-0.69,  	-0.22,0.08,0.00,25.25
-0.24,0.10,  	-0.26,0.33,  	-0.24,0.10,0.00,25.25
-0.27,0.06,  	-0.46,-0.39,  	-0.27,0.06,0.00,25.25
-0.25,0.08,  	0.00,0.24,  	-0.25,0.08,0.00,25.25
-0.28,0.08,  	-0.48,-0.02,  	-0.28,0.08,0.00,25.25
-0.29,0.07,  	-0.32,-0.11,  	-0.29,0.07,0.00,25.25
-0.31,0.07,  	-0.31,-0.02,  	-0.31,0.07,0.00,25.25
-0.34,0.05,  	-0.43,0.10,  	-0.34,0.05,0.00,25.25
-0.35,0.05,  	-0.27,0.09,  	-0.35,0.05,0.00,25.25
-0.36,0.05,  	-0.25,0.08,  	-0.35,0.05,0.00,25.25
-0.34,0.19,  	-0.31,-0.01,  	-0.36,0.05,0.00,25.25
-0.35,0.19,  	0.18,2.07,  	-0.34,0.19,0.00,25.26
-0.35,0.21,  	-0.14,0.36,  	-0.35,0.21,0.00,25.25
-0.33,0.25,  	0.13,0.67,  	-0.33,0.25,0.00,25.25
-0.31,0.29,  	0.16,0.70,  	-0.33,0.25,0.00,25.25
-0.31,0.37,  	0.24,0.79,  	-0.31,0.29,0.00,25.25
-0.29,0.41,  	-0.06,1.23,  	-0.31,0.37,0.00,25.25
-0.32,0.40,  	-0.33,0.14,  	-0.32,0.40,0.00,25.25
-0.33,0.32,  	-0.34,-0.84,  	-0.33,0.32,0.00,25.25
-0.33,0.38,  	-0.34,-0.97,  	-0.33,0.32,0.00,25.25
-0.33,0.44,  	-0.09,0.99,  	-0.33,0.38,0.00,25.25
-0.37,0.44,  	-0.15,0.99,  	-0.33,0.44,0.00,25.25
-0.36,0.51,  	-0.15,1.08,  	-0.36,0.51,0.00,25.25
-0.39,0.57,  	-0.50,1.11,  	-0.39,0.57,0.00,25.25
-0.40,0.61,  	-0.57,1.09,  	-0.39,0.57,0.00,25.25
-0.40,0.61,  	-0.29,0.94,  	-0.40,0.61,0.00,25.25
-0.41,0.57,  	-0.11,0.29,  	-0.40,0.61,0.00,25.25
-0.41,0.50,  	-0.24,-0.70,  	-0.41,0.50,0.00,25.25
-0.41,0.49,  	-0.13,-0.10,  	-0.41,0.49,0.00,25.25
-0.41,0.42,  	-0.12,-0.01,  	-0.41,0.49,0.00,25.25
-0.43,0.29,  	-0.28,-0.81,  	-0.41,0.42,0.00,25.25
-0.41,0.32,  	-0.47,-1.64,  	-0.43,0.29,0.00,25.26
-0.39,0.36,  	0.12,0.66,  	-0.39,0.36,0.00,25.25
-0.37,0.36,  	0.17,0.16,  	-0.37,0.36,0.00,25.25
-0.38,0.32,  	0.18,0.09,  	-0.37,0.36,0.00,25.25
-0.43,0.22,  	-0.40,-0.37,  	-0.38,0.32,0.00,25.25
-0.42,0.22,  	-0.73,-1.42,  	-0.43,0.22,0.00,25.26
-0.42,0.17,  	-0.19,-0.49,  	-0.42,0.17,0.00,25.25
-0.41,0.17,  	0.06,-0.04,  	-0.41,0.17,0.00,25.25
-0.39,0.18,  	0.10,0.04,  	-0.41,0.17,0.00,25.25
-0.39,0.13,  	0.03,0.17,  	-0.39,0.18,0.00,25.25
-0.37,0.10,  	-0.19,-0.56,  	-0.39,0.13,0.00,25.25
-0.35,0.08,  	0.18,-0.23,  	-0.35,0.08,0.00,25.25
-0.34,0.07,  	0.02,-0.13,  	-0.34,0.07,0.00,25.25
-0.34,0.05,  	-0.00,-0.12,  	-0.34,0.07,0.00,25.25
-0.32,0.07,  	-0.05,-0.27,  	-0.34,0.05,0.00,25.25
-0.29,0.08,  	0.07,0.28,  	-0.32,0.07,0.00,25.25
-0.23,0.12,  	0.77,0.60,  	-0.23,0.12,0.00,25.25
-0.20,0.15,  	0.37,0.62,  	-0.20,0.15,0.00,25.25
-0.20,0.21,  	0.29,0.61,  	-0.20,0.15,0.00,25.25
-0.21,0.24,  	-0.06,0.85,  	-0.20,0.21,0.00,25.25
-0.23,0.24,  	-0.18,0.65,  	-0.21,0.24,0.00,25.25
-0.23,0.24,  	-0.14,0.56,  	-0.23,0.24,0.00,25.25
-0.20,0.40,  	0.22,1.77,  	-0.20,0.40,0.00,25.26
-0.19,0.48,  	0.27,1.94,  	-0.20,0.40,0.00,25.26
-0.16,0.52,  	0.18,1.32,  	-0.19,0.48,0.00,25.25
-0.16,0.55,  	0.32,0.88,  	-0.16,0.52,0.00,25.25
-0.19,0.55,  	-0.12,0.75,  	-0.16,0.55,0.00,25.25
-0.20,0.59,  	-0.52,0.28,  	-0.19,0.55,0.00,25.25
-0.22,0.65,  	-0.30,0.81,  	-0.20,0.59,0.00,25.25
-0.23,0.67,  	-0.32,1.06,  	-0.22,0.65,0.00,25.25
-0.22,0.71,  	-0.30,0.69,  	-0.23,0.67,0.00,25.25
-0.20,0.70,  	0.28,0.21,  	-0.20,0.70,0.00,25.25
-0.24,0.73,  	-0.56,0.64,  	-0.24,0.73,0.00,25.25
-0.24,0.80,  	-0.69,0.72,  	-0.24,0.73,0.00,25.25
-0.27,0.87,  	-0.07,1.29,  	-0.24,0.80,0.00,25.25
-0.29,0.91,  	-0.58,1.45,  	-0.27,0.87,0.00,25.26
-0.29,0.87,  	-0.03,0.08,  	-0.29,0.87,0.00,25.25
-0.27,0.82,  	0.16,-0.44,  	-0.27,0.82,0.00,25.25
-0.24,0.74,  	0.17,-0.50,  	-0.27,0.82,0.00,25.25
-0.27,0.66,  	0.31,-0.85,  	-0.24,0.74,0.00,25.25
-0.29,0.56,  	-0.50,-0.98,  	-0.27,0.66,0.00,25.25
-0.35,0.53,  	-0.85,-0.33,  	-0.35,0.53,0.00,25.25
-0.37,0.48,  	-0.59,-0.49,  	-0.37,0.48,0.00,25.25
-0.34,0.46,  	-0.55,-0.53,  	-0.37,0.48,0.00,25.25
-0.31,0.43,  	0.25,-0.17,  	-0.34,0.46,0.00,25.25
-0.34,0.38,  	0.27,-0.29,  	-0.31,0.43,0.00,25.25
-0.32,0.34,  	-0.05,-0.40,  	-0.32,0.34,0.00,25.25
-0.31,0.29,  	0.11,-0.69,  	-0.31,0.29,0.00,25.25
-0.27,0.31,  	0.12,-0.73,  	-0.31,0.29,0.00,25.25
-0.21,0.31,  	0.35,0.42,  	-0.27,0.31,0.00,25.25
-0.16,0.24,  	0.90,0.10,  	-0.21,0.31,0.00,25.25
-0.11,0.26,  	0.74,0.14,  	-0.11,0.26,0.00,25.25
-0.05,0.27,  	0.77,0.32,  	-0.05,0.27,0.00,25.25
-0.06,0.22,  	0.77,0.32,  	-0.05,0.27,0.00,25.25
-0.04,0.29,  	-0.17,-0.54,  	-0.06,0.22,0.00,25.25
-0.04,0.38,  	0.27,0.94,  	-0.04,0.29,0.00,25.25
-0.04,0.38,  	-0.09,-0.59,  	-0.04,0.38,0.00,25.25
-0.04,0.31,  	-0.10,-0.99,  	-0.04,0.31,0.00,25.25
-0.03,0.24,  	-0.10,-1.02,  	-0.04,0.24,0.00,25.25
-0.04,0.28,  	0.21,0.07,  	-0.03,0.24,0.00,25.25
-0.05,0.30,  	-0.11,0.69,  	-0.04,0.28,0.00,25.25
-0.06,0.30,  	-0.24,0.19,  	-0.06,0.30,0.00,25.25
-0.11,0.36,  	-0.59,0.89,  	-0.11,0.36,0.00,25.25
-0.06,0.41,  	-0.64,1.00,  	-0.11,0.36,0.00,25.25
-0.04,0.48,  	0.53,0.90,  	-0.06,0.41,0.00,25.25
-0.01,0.49,  	0.40,1.28,  	-0.04,0.48,0.00,25.25
-0.00,0.44,  	0.22,-0.44,  	-0.00,0.44,0.00,25.25
-0.04,0.44,  	-0.46,0.08,  	-0.04,0.44,0.00,25.25
-0.06,0.49,  	-0.56,0.18,  	-0.04,0.44,0.00,25.25
-0.10,0.50,  	-0.40,0.93,  	-0.06,0.49,0.00,25.25
-0.09,0.56,  	-0.52,0.39,  	-0.10,0.50,0.00,25.25
-0.10,0.57,  	-0.15,0.53,  	-0.10,0.57,0.00,25.25
-0.13,0.56,  	-0.47,0.12,  	-0.13,0.56,0.00,25.25
-0.18,0.52,  	-0.52,0.07,  	-0.13,0.56,0.00,25.25
-0.20,0.48,  	-0.78,-0.32,  	-0.18,0.52,0.00,25.25
-0.25,0.45,  	-0.45,-0.54,  	-0.20,0.48,0.00,25.25
-0.26,0.41,  	-0.34,-0.37,  	-0.26,0.41,0.00,25.25
-0.27,0.46,  	-0.23,0.75,  	-0.27,0.46,0.00,25.25
-0.25,0.47,  	-0.22,0.92,  	-0.27,0.46,0.00,25.25
-0.25,0.52,  	0.09,0.32,  	-0.25,0.47,0.00,25.25
-0.28,0.55,  	-0.12,0.89,  	-0.25,0.52,0.00,25.25
-0.31,0.51,  	-0.56,-0.26,  	-0.31,0.51,0.00,25.25
-0.35,0.45,  	-0.69,-0.72,  	-0.35,0.45,0.00,25.25
-0.38,0.38,  	-0.71,-0.76,  	-0.35,0.45,0.00,25.25
-0.38,0.34,  	-0.67,-0.69,  	-0.38,0.38,0.00,25.25
-0.37,0.29,  	-0.12,-0.59,  	-0.38,0.34,0.00,25.25
-0.36,0.22,  	-0.03,-0.67,  	-0.37,0.29,0.00,25.25
-0.36,0.24,  	-0.19,0.14,  	-0.36,0.24,0.00,25.25
-0.36,0.21,  	-0.21,0.27,  	-0.36,0.24,0.00,25.25
-0.38,0.25,  	0.00,-0.33,  	-0.36,0.21,0.00,25.25
-0.40,0.28,  	-0.44,0.69,  	-0.38,0.25,0.00,25.25
-0.40,0.28,  	-0.11,0.27,  	-0.40,0.28,0.00,25.25
-0.36,0.29,  	0.17,0.13,  	-0.36,0.29,0.00,25.25
-0.30,0.31,  	0.20,0.11,  	-0.36,0.29,0.00,25.25
-0.29,0.27,  	0.73,0.40,  	-0.30,0.31,0.00,25.25
-0.31,0.24,  	0.03,-0.33,  	-0.29,0.27,0.00,25.25
-0.31,0.15,  	-0.30,-1.07,  	-0.31,0.15,0.00,25.25
-0.31,0.13,  	-0.08,-0.37,  	-0.31,0.13,0.00,25.25
-0.31,0.10,  	-0.04,-0.25,  	-0.31,0.13,0.00,25.25
-0.32,0.04,  	-0.15,-0.45,  	-0.31,0.10,0.00,25.25
-0.32,0.03,  	-0.26,-0.80,  	-0.32,0.04,0.00,25.25
-0.31,-0.00,  	-0.05,-0.46,  	-0.31,-0.00,0.00,25.25
-0.29,-0.00,  	0.23,-0.14,  	-0.29,-0.00,0.00,25.25
-0.29,0.02,  	0.27,-0.08,  	-0.29,-0.00,0.00,25.25
-0.31,-0.03,  	-0.09,0.29,  	-0.29,0.02,0.00,25.25
-0.27,-0.04,  	-0.40,-0.65,  	-0.31,-0.03,0.00,25.25
-0.23,-0.08,  	0.51,-0.50,  	-0.23,-0.08,0.00,25.25
-0.23,-0.15,  	-0.00,-1.03,  	-0.23,-0.15,0.00,25.25
-0.22,-0.13,  	-0.09,-1.10,  	-0.23,-0.15,0.00,25.25
-0.22,-0.13,  	0.11,0.22,  	-0.22,-0.13,0.00,25.25
-0.23,-0.18,  	-0.04,-0.05,  	-0.22,-0.13,0.00,25.25
-0.22,-0.16,  	-0.33,-0.75,  	-0.23,-0.18,0.00,25.25
-0.24,-0.13,  	0.08,0.08,  	-0.22,-0.16,0.00,25.25
-0.27,-0.11,  	-0.31,0.38,  	-0.24,-0.13,0.00,25.25
-0.31,-0.08,  	-0.67,0.22,  	-0.27,-0.11,0.00,25.25
-0.31,-0.06,  	-0.58,0.48,  	-0.31,-0.08,0.00,25.25
-0.33,0.03,  	-0.30,1.21,  	-0.33,0.03,0.00,25.25
-0.34,0.06,  	-0.33,0.54,  	-0.34,0.06,0.00,25.25
-0.32,0.12,  	-0.33,0.42,  	-0.34,0.06,0.00,25.25
-0.32,0.18,  	0.07,0.84,  	-0.32,0.12,0.00,25.25
-0.31,0.23,  	-0.13,1.04,  	-0.32,0.18,0.00,25.25
-0.33,0.24,  	-0.29,0.43,  	-0.33,0.24,0.00,25.25
-0.37,0.25,  	-0.70,0.22,  	-0.37,0.25,0.00,25.25
-0.42,0.20,  	-0.75,0.20,  	-0.37,0.25,0.00,25.25
-0.41,0.20,  	-0.91,-0.71,  	-0.42,0.20,0.00,25.25
-0.41,0.27,  	-0.06,0.16,  	-0.41,0.20,0.00,25.25
-0.41,0.27,  	-0.41,0.42,  	-0.41,0.27,0.00,25.25
-0.43,0.29,  	-0.52,0.46,  	-0.43,0.29,0.00,25.25
-0.48,0.36,  	-0.54,0.49,  	-0.45,0.31,0.00,25.25
-0.48,0.42,  	-0.52,0.91,  	-0.48,0.36,0.00,25.25
-0.50,0.50,  	-0.35,1.03,  	-0.48,0.42,0.00,25.25
-0.52,0.54,  	-0.42,0.89,  	-0.52,0.54,0.00,25.25
-0.51,0.50,  	-0.11,-0.27,  	-0.51,0.50,0.00,25.25
-0.52,0.50,  	-0.07,-0.44,  	-0.51,0.50,0.00,25.25
-0.49,0.48,  	-0.32,0.09,  	-0.52,0.50,0.00,25.25
-0.53,0.48,  	0.20,-0.02,  	-0.49,0.48,0.00,25.25
-0.57,0.47,  	-0.90,0.20,  	-0.57,0.47,0.00,25.25
-0.62,0.52,  	-0.81,0.76,  	-0.62,0.52,0.00,25.25
-0.66,0.56,  	-0.79,0.84,  	-0.62,0.52,0.00,25.25
-0.65,0.50,  	-1.00,0.85,  	-0.66,0.56,0.00,25.25
-0.63,0.54,  	-0.18,-0.57,  	-0.65,0.50,0.00,25.25
-0.63,0.58,  	-0.16,0.86,  	-0.63,0.58,0.00,25.25
-0.65,0.57,  	-0.50,0.20,  	-0.65,0.57,0.00,25.25
-0.66,0.51,  	-0.54,0.10,  	-0.65,0.57,0.00,25.25
-0.66,0.49,  	-0.56,-0.69,  	-0.66,0.51,0.00,25.25
-0.64,0.49,  	-0.31,-0.07,  	-0.66,0.49,0.00,25.25
-0.65,0.45,  	-0.32,-0.25,  	-0.65,0.45,0.00,25.25
-0.64,0.45,  	-0.15,0.03,  	-0.64,0.45,0.00,25.25
-0.61,0.39,  	-0.12,0.09,  	-0.64,0.45,0.00,25.25
-0.59,0.38,  	0.19,-0.68,  	-0.61,0.39,0.00,25.25
-0.56,0.41,  	0.00,-0.03,  	-0.59,0.38,0.00,25.25
-0.52,0.45,  	0.42,0.79,  	-0.52,0.45,0.00,25.25
-0.48,0.46,  	0.36,0.40,  	-0.48,0.46,0.00,25.25
-0.42,0.43,  	0.34,0.34,  	-0.48,0.46,0.00,25.25
-0.38,0.36,  	0.65,-0.21,  	-0.42,0.43,0.00,25.25
-0.35,0.36,  	0.47,-0.89,  	-0.38,0.36,0.00,25.25
-0.31,0.43,  	0.43,0.99,  	-0.31,0.43,0.00,25.25
-0.32,0.43,  	-0.16,0.32,  	-0.32,0.43,0.00,25.25
-0.29,0.41,  	-0.25,0.19,  	-0.32,0.43,0.00,25.25
-0.29,0.38,  	0.31,-0.01,  	-0.29,0.41,0.00,25.25
-0.27,0.35,  	-0.01,-0.31,  	-0.29,0.38,0.00,25.25
-0.25,0.31,  	0.07,-0.41,  	-0.25,0.31,0.00,25.25
-0.22,0.34,  	0.33,0.35,  	-0.22,0.34,0.00,25.25
-0.19,0.39,  	0.37,0.47,  	-0.22,0.34,0.00,25.25
-0.15,0.41,  	0.42,0.94,  	-0.19,0.39,0.00,25.25
-0.11,0.48,  	0.39,0.44,  	-0.15,0.41,0.00,25.25
-0.05,0.54,  	0.77,1.11,  	-0.05,0.54,0.00,25.25
-0.01,0.59,  	0.68,1.08,  	-0.01,0.59,0.00,25.25
-0.01,0.63,  	0.67,1.08,  	-0.01,0.59,0.00,25.25
0.02,0.69,  	0.07,0.87,  	-0.01,0.63,0.00,25.25
0.01,0.64,  	0.36,1.07,  	0.02,0.69,0.00,25.25
-0.01,0.58,  	-0.31,-0.57,  	-0.01,0.58,0.00,25.25
-0.04,0.56,  	-0.38,-0.16,  	-0.04,0.56,0.00,25.25
-0.04,0.53,  	-0.38,-0.09,  	-0.04,0.56,0.00,25.25
-0.04,0.58,  	-0.08,-0.23,  	-0.04,0.53,0.00,25.25
-0.06,0.60,  	-0.07,0.89,  	-0.04,0.58,0.00,25.25
-0.09,0.63,  	-0.50,0.70,  	-0.09,0.63,0.00,25.25
-0.10,0.70,  	-0.27,1.19,  	-0.10,0.70,0.00,25.25
-0.12,0.74,  	-0.23,1.25,  	-0.10,0.70,0.00,25.25
-0.10,0.81,  	-0.28,0.95,  	-0.12,0.74,0.00,25.25
-0.11,0.87,  	0.22,1.36,  	-0.10,0.81,0.00,25.25
-0.13,0.83,  	-0.45,-0.04,  	-0.13,0.83,0.00,25.25
-0.15,0.79,  	-0.25,-0.15,  	-0.15,0.79,0.00,25.25
-0.17,0.71,  	-0.21,-0.14,  	-0.15,0.79,0.00,25.25
-0.19,0.69,  	-0.37,-0.86,  	-0.17,0.71,0.00,25.25
-0.22,0.65,  	-0.42,-0.12,  	-0.19,0.69,0.00,25.25
-0.25,0.71,  	-0.50,1.03,  	-0.25,0.71,0.00,25.25
-0.26,0.76,  	-0.32,0.93,  	-0.26,0.76,0.00,25.25
-0.29,0.77,  	-0.29,0.88,  	-0.26,0.76,0.00,25.25
-0.32,0.77,  	-0.53,0.54,  	-0.29,0.77,0.00,25.25
-0.35,0.72,  	-0.59,0.35,  	-0.32,0.77,0.00,25.25
-0.36,0.61,  	-0.36,-1.27,  	-0.36,0.61,0.00,25.25
-0.39,0.52,  	-0.49,-1.17,  	-0.39,0.52,0.00,25.25
-0.40,0.45,  	-0.52,-1.13,  	-0.39,0.52,0.00,25.25
-0.40,0.46,  	-0.32,-0.76,  	-0.40,0.45,0.00,25.25
-0.41,0.37,  	-0.14,0.23,  	-0.40,0.46,0.00,25.25
-0.43,0.31,  	-0.46,-0.78,  	-0.43,0.31,0.00,25.25
-0.43,0.35,  	-0.17,0.48,  	-0.43,0.35,0.00,25.25
-0.43,0.42,  	-0.12,0.66,  	-0.43,0.35,0.00,25.25
-0.44,0.45,  	-0.24,1.12,  	-0.43,0.42,0.00,25.25
-0.45,0.48,  	-0.34,0.59,  	-0.44,0.45,0.00,25.25
-0.41,0.54,  	0.41,1.05,  	-0.41,0.54,0.00,25.25
-0.39,0.47,  	0.11,-0.55,  	-0.39,0.47,0.00,25.25
-0.39,0.44,  	0.05,-0.79,  	-0.39,0.47,0.00,25.25
-0.39,0.39,  	-0.15,-0.33,  	-0.39,0.44,0.00,25.25
-0.41,0.33,  	-0.19,-0.53,  	-0.39,0.39,0.00,25.25
-0.39,0.38,  	0.14,0.62,  	-0.39,0.38,0.00,25.25
-0.36,0.42,  	0.18,0.78,  	-0.36,0.42,0.00,25.25
-0.35,0.43,  	0.17,0.77,  	-0.36,0.42,0.00,25.25
-0.34,0.45,  	0.03,0.31,  	-0.35,0.43,0.00,25.25
-0.36,0.42,  	0.09,0.53,  	-0.34,0.45,0.00,25.25
-0.38,0.43,  	-0.42,0.29,  	-0.38,0.43,0.00,25.25
-0.43,0.49,  	-0.81,0.95,  	-0.43,0.49,0.00,25.25
-0.45,0.47,  	-0.87,1.04,  	-0.43,0.49,0.00,25.25
-0.43,0.43,  	-0.52,-0.09,  	-0.45,0.47,0.00,25.25
-0.41,0.38,  	0.03,-0.25,  	-0.43,0.43,0.00,25.25
-0.38,0.33,  	0.27,-0.66,  	-0.38,0.33,0.00,25.25
-0.42,0.27,  	-0.60,-0.70,  	-0.42,0.27,0.00,25.25
-0.44,0.23,  	-0.73,-0.71,  	-0.42,0.27,0.00,25.25
-0.44,0.25,  	-0.48,-0.57,  	-0.44,0.23,0.00,25.25
-0.45,0.21,  	-0.25,0.40,  	-0.44,0.25,0.00,25.25
-0.43,0.14,  	-0.02,-0.93,  	-0.43,0.14,0.00,25.25
-0.44,0.09,  	-0.25,-0.74,  	-0.44,0.09,0.00,25.25
-0.44,0.05,  	-0.29,-0.70,  	-0.44,0.09,0.00,25.25
-0.44,0.03,  	-0.21,-0.56,  	-0.44,0.05,0.00,25.25
-0.46,0.04,  	-0.17,-0.30,  	-0.44,0.03,0.00,25.25
-0.46,0.04,  	-0.65,0.46,  	-0.46,0.04,0.00,25.25
-0.44,0.10,  	0.37,0.54,  	-0.44,0.10,0.00,25.25
-0.40,0.08,  	0.52,0.54,  	-0.44,0.10,0.00,25.25
-0.36,0.04,  	0.50,-0.33,  	-0.40,0.08,0.00,25.25
-0.34,0.05,  	0.33,-0.54,  	-0.36,0.04,0.00,25.25
-0.36,0.08,  	-0.26,0.45,  	-0.36,0.08,0.00,25.25
-0.36,0.15,  	-0.11,1.01,  	-0.36,0.15,0.00,25.25
-0.33,0.15,  	-0.07,1.08,  	-0.36,0.15,0.00,25.25
-0.33,0.12,  	0.25,0.18,  	-0.33,0.15,0.00,25.25
-0.38,0.09,  	-0.11,-0.37,  	-0.33,0.12,0.00,25.25
-0.34,0.09,  	0.20,0.02,  	-0.34,0.09,0.00,25.25
-0.34,0.09,  	-0.11,0.03,  	-0.34,0.09,0.00,25.25
-0.36,0.10,  	-0.18,0.02,  	-0.34,0.09,0.00,25.25
-0.42,0.10,  	-0.49,0.14,  	-0.36,0.10,0.00,25.25
-0.44,0.13,  	-0.96,0.16,  	-0.42,0.10,0.00,25.25
-0.45,0.11,  	-0.40,-0.08,  	-0.45,0.11,0.00,25.25
-0.45,0.11,  	-0.21,-0.03,  	-0.45,0.11,0.00,25.25
-0.45,0.15,  	-0.18,-0.01,  	-0.45,0.11,0.00,25.25
-0.49,0.14,  	-0.26,0.69,  	-0.45,0.15,0.00,25.25
-0.51,0.10,  	-0.69,-0.15,  	-0.49,0.14,0.00,25.25
-0.52,0.10,  	-0.44,-0.07,  	-0.52,0.10,0.00,25.25
-0.52,0.06,  	-0.22,-0.54,  	-0.52,0.06,0.00,25.25
-0.50,0.03,  	-0.19,-0.61,  	-0.52,0.06,0.00,25.25
-0.47,0.08,  	0.14,-0.35,  	-0.50,0.03,0.00,25.25
-0.47,0.01,  	0.22,0.66,  	-0.47,0.08,0.00,25.25
-0.48,-0.01,  	-0.29,-0.26,  	-0.48,-0.01,0.00,25.25
-0.48,-0.01,  	-0.20,-0.19,  	-0.48,-0.01,0.00,25.25
-0.48,-0.02,  	-0.18,-0.19,  	-0.48,-0.01,0.00,25.25
-0.47,-0.00,  	-0.18,-0.11,  	-0.48,-0.02,0.00,25.25
-0.42,-0.01,  	-0.06,0.31,  	-0.47,-0.00,0.00,25.25
-0.38,-0.03,  	0.46,-0.32,  	-0.38,-0.03,0.00,25.25
-0.36,-0.04,  	0.17,-0.17,  	-0.36,-0.04,0.00,25.25
-0.34,-0.02,  	0.13,-0.14,  	-0.36,-0.04,0.00,25.25
-0.37,-0.03,  	0.05,0.25,  	-0.34,-0.02,0.00,25.25
-0.38,-0.00,  	-0.51,-0.15,  	-0.37,-0.03,0.00,25.25
-0.35,0.06,  	0.16,0.83,  	-0.35,0.06,0.00,25.25
-0.32,0.05,  	0.27,0.06,  	-0.32,0.05,0.00,25.25
-0.29,0.11,  	0.28,-0.06,  	-0.32,0.05,0.00,25.25
-0.24,0.17,  	0.32,0.95,  	-0.29,0.11,0.00,25.25
-0.22,0.22,  	0.67,0.88,  	-0.24,0.17,0.00,25.25
-0.22,0.20,  	-0.02,-0.08,  	-0.22,0.20,0.00,25.25
-0.22,0.20,  	-0.03,-0.00,  	-0.22,0.20,0.00,25.25
-0.22,0.15,  	-0.02,0.03,  	-0.22,0.20,0.00,25.25
-0.22,0.14,  	-0.17,-0.61,  	-0.22,0.15,0.00,25.25
-0.22,0.06,  	-0.11,-0.14,  	-0.22,0.14,0.00,25.25
-0.26,0.04,  	-0.55,-0.41,  	-0.26,0.04,0.00,25.25
-0.29,0.02,  	-0.65,-0.29,  	-0.29,0.02,0.00,25.25
-0.29,0.05,  	-0.65,-0.29,  	-0.29,0.02,0.00,25.25
-0.33,0.01,  	-0.12,0.39,  	-0.29,0.05,0.00,25.25
-0.33,0.02,  	-0.68,-0.56,  	-0.33,0.01,0.00,25.25
-0.31,0.02,  	0.16,-0.00,  	-0.31,0.02,0.00,25.25
-0.30,-0.04,  	0.06,-0.71,  	-0.30,-0.04,0.00,25.25
-0.27,-0.11,  	0.03,-0.81,  	-0.30,-0.04,0.00,25.25
-0.27,-0.14,  	0.26,-1.15,  	-0.27,-0.11,0.00,25.25
-0.28,-0.18,  	-0.05,-0.51,  	-0.27,-0.14,0.00,25.25
-0.28,-0.25,  	-0.20,-1.18,  	-0.28,-0.25,0.00,25.25
-0.24,-0.25,  	0.32,-0.29,  	-0.24,-0.25,0.00,25.25
-0.24,-0.22,  	0.39,-0.14,  	-0.24,-0.25,0.00,25.25
-0.20,-0.15,  	0.07,0.46,  	-0.24,-0.22,0.00,25.25
-0.17,-0.11,  	0.42,0.88,  	-0.20,-0.15,0.00,25.25
-0.19,-0.08,  	-0.20,0.46,  	-0.19,-0.08,0.00,25.25
-0.19,-0.04,  	-0.15,0.48,  	-0.19,-0.04,0.00,25.25
-0.15,-0.04,  	-0.13,0.49,  	-0.19,-0.04,0.00,25.25
-0.13,-0.06,  	0.34,0.11,  	-0.15,-0.04,0.00,25.25
-0.11,-0.02,  	0.33,-0.40,  	-0.13,-0.06,0.00,25.25
-0.08,-0.03,  	0.38,-0.03,  	-0.08,-0.03,0.00,25.25
-0.07,-0.01,  	0.23,0.22,  	-0.07,-0.01,0.00,25.25
-0.10,-0.05,  	0.21,0.27,  	-0.07,-0.01,0.00,25.25
-0.12,-0.06,  	-0.41,-0.49,  	-0.10,-0.05,0.00,25.25
-0.12,-0.00,  	-0.38,-0.20,  	-0.12,-0.06,0.00,25.25
-0.12,0.08,  	0.01,1.10,  	-0.12,0.08,0.00,25.25
-0.10,0.08,  	0.13,0.23,  	-0.10,0.08,0.00,25.25
-0.10,0.06,  	0.15,0.09,  	-0.10,0.08,0.00,25.25
-0.13,0.01,  	0.04,-0.11,  	-0.10,0.06,0.00,25.25
-0.15,-0.00,  	-0.31,-0.70,  	-0.13,0.01,0.00,25.25
-0.17,0.01,  	-0.51,0.11,  	-0.17,0.01,0.00,25.25
-0.20,-0.03,  	-0.37,-0.48,  	-0.20,-0.03,0.00,25.25
-0.22,-0.06,  	-0.35,-0.58,  	-0.20,-0.03,0.00,25.25
-0.24,-0.10,  	-0.47,-0.39,  	-0.22,-0.06,0.00,25.25
-0.27,-0.11,  	-0.46,-0.71,  	-0.24,-0.10,0.00,25.25
-0.28,-0.11,  	-0.35,0.03,  	-0.28,-0.11,0.00,25.25
-0.28,-0.08,  	-0.21,0.34,  	-0.28,-0.08,0.00,25.25
-0.29,-0.06,  	-0.19,0.38,  	-0.28,-0.08,0.00,25.25
-0.31,-0.03,  	-0.29,0.18,  	-0.29,-0.06,0.00,25.25
-0.31,-0.00,  	-0.48,0.43,  	-0.31,-0.03,0.00,25.25
-0.31,0.02,  	-0.11,0.37,  	-0.31,0.02,0.00,25.25
-0.34,-0.04,  	-0.48,-0.74,  	-0.34,-0.04,0.00,25.25
-0.36,-0.08,  	-0.53,-0.91,  	-0.34,-0.04,0.00,25.25
-0.36,-0.06,  	-0.58,-0.63,  	-0.36,-0.08,0.00,25.25
-0.36,-0.02,  	-0.20,0.30,  	-0.36,-0.06,0.00,25.25
-0.37,-0.01,  	-0.19,0.47,  	-0.36,-0.02,0.00,25.25
-0.40,-0.01,  	-0.51,-0.11,  	-0.40,-0.01,0.00,25.25
-0.41,0.03,  	-0.54,-0.16,  	-0.40,-0.01,0.00,25.25
-0.46,0.03,  	-0.38,0.68,  	-0.41,0.03,0.00,25.25
-0.46,0.10,  	-0.88,0.12,  	-0.46,0.03,0.00,25.25
-0.46,0.10,  	-0.10,0.76,  	-0.46,0.10,0.00,25.25
-0.44,0.18,  	-0.04,0.63,  	-0.44,0.18,0.00,25.25
-0.42,0.18,  	-0.04,0.61,  	-0.44,0.18,0.00,25.25
-0.44,0.15,  	0.13,0.19,  	-0.42,0.18,0.00,25.25
-0.48,0.17,  	-0.49,-0.49,  	-0.44,0.15,0.00,25.25
-0.48,0.17,  	-0.07,0.83,  	-0.48,0.17,0.00,25.25
-0.47,0.23,  	-0.51,0.09,  	-0.47,0.23,0.00,25.25
-0.50,0.24,  	-0.61,-0.04,  	-0.50,0.22,0.00,25.25
-0.53,0.24,  	-0.41,0.30,  	-0.50,0.24,0.00,25.25
-0.54,0.24,  	-0.60,0.19,  	-0.53,0.24,0.00,25.25
-0.52,0.26,  	-0.08,0.31,  	-0.52,0.26,0.00,25.25
-0.52,0.22,  	-0.19,-0.38,  	-0.52,0.22,0.00,25.25
-0.55,0.14,  	-0.22,-0.48,  	-0.52,0.22,0.00,25.25
-0.57,0.08,  	-0.63,-1.16,  	-0.55,0.14,0.00,25.25
-0.56,0.02,  	-0.41,-0.85,  	-0.57,0.08,0.00,25.25
-0.52,-0.02,  	0.20,-0.64,  	-0.52,-0.02,0.00,25.25
-0.51,-0.06,  	0.05,-0.68,  	-0.51,-0.06,0.00,25.25
-0.50,-0.09,  	0.02,-0.69,  	-0.51,-0.06,0.00,25.25
-0.52,-0.13,  	-0.06,-0.43,  	-0.50,-0.09,0.00,25.25
-0.47,-0.03,  	-0.51,-0.57,  	-0.52,-0.13,0.00,25.25
-0.52,-0.06,  	-0.71,-0.21,  	-0.52,-0.06,0.00,25.25
-0.50,-0.04,  	-0.01,0.11,  	-0.50,-0.04,0.00,25.25
-0.44,-0.08,  	0.12,0.20,  	-0.50,-0.04,0.00,25.25
-0.41,-0.18,  	0.61,-0.56,  	-0.44,-0.08,0.00,25.25
-0.36,-0.22,  	0.30,-1.56,  	-0.41,-0.18,0.00,25.26
-0.33,-0.25,  	0.37,-0.47,  	-0.33,-0.25,0.00,25.25
-0.31,-0.33,  	0.17,-1.21,  	-0.31,-0.33,0.00,25.25
-0.29,-0.38,  	0.15,-1.33,  	-0.31,-0.33,0.00,25.25
-0.26,-0.45,  	0.10,-0.87,  	-0.29,-0.38,0.00,25.25
-0.22,-0.43,  	0.40,-1.30,  	-0.26,-0.45,0.00,25.25
-0.22,-0.43,  	0.48,0.10,  	-0.22,-0.43,0.00,25.25
-0.16,-0.36,  	0.33,0.52,  	-0.16,-0.36,0.00,25.25
-0.13,-0.36,  	0.30,0.58,  	-0.16,-0.36,0.00,25.25
-0.13,-0.32,  	0.43,-0.21,  	-0.13,-0.36,0.00,25.25
-0.10,-0.22,  	-0.06,0.50,  	-0.13,-0.32,0.00,25.25
-0.10,-0.22,  	0.49,0.76,  	-0.10,-0.22,0.00,25.25
-0.06,-0.17,  	0.54,0.85,  	-0.06,-0.17,0.00,25.25
0.04,-0.01,  	0.55,0.90,  	-0.03,-0.10,0.00,25.25
0.08,0.02,  	0.99,1.33,  	0.04,-0.01,0.00,25.26
0.06,0.08,  	0.70,0.50,  	0.08,0.02,0.00,25.25
0.06,0.08,  	-1.13,0.36,  	0.06,0.08,0.00,25.25
-0.05,0.17,  	-0.49,1.21,  	-0.05,0.17,0.00,25.25
-0.06,0.27,  	-0.37,1.34,  	-0.05,0.17,0.00,25.25
-0.06,0.29,  	-0.20,1.42,  	-0.06,0.27,0.00,25.26
-0.08,0.36,  	-0.09,0.56,  	-0.06,0.29,0.00,25.25
-0.07,0.43,  	0.03,1.08,  	-0.07,0.43,0.00,25.25
-0.09,0.47,  	-0.32,0.89,  	-0.09,0.47,0.00,25.25
-0.09,0.54,  	-0.37,0.86,  	-0.09,0.47,0.00,25.25
-0.15,0.62,  	-0.01,1.19,  	-0.09,0.54,0.00,25.25
-0.18,0.62,  	-0.85,1.57,  	-0.15,0.62,0.00,25.26
-0.17,0.65,  	-0.20,0.59,  	-0.17,0.65,0.00,25.25
-0.15,0.69,  	0.23,0.84,  	-0.15,0.69,0.00,25.25
-0.15,0.73,  	0.29,0.87,  	-0.15,0.69,0.00,25.25
-0.18,0.76,  	-0.11,0.92,  	-0.15,0.73,0.00,25.25
-0.23,0.73,  	-0.53,0.64,  	-0.18,0.76,0.00,25.25
-0.28,0.72,  	-0.80,0.10,  	-0.28,0.72,0.00,25.25
-0.31,0.68,  	-0.59,-0.26,  	-0.31,0.68,0.00,25.25
-0.31,0.66,  	-0.56,-0.31,  	-0.31,0.68,0.00,25.25
-0.32,0.62,  	-0.18,-0.05,  	-0.31,0.66,0.00,25.25
-0.35,0.55,  	-0.36,-0.41,  	-0.32,0.62,0.00,25.25
-0.37,0.54,  	-0.44,-0.10,  	-0.37,0.54,0.00,25.25
-0.34,0.47,  	0.15,-0.68,  	-0.34,0.47,0.00,25.25
-0.38,0.44,  	0.23,-0.77,  	-0.34,0.47,0.00,25.25
-0.41,0.40,  	-0.73,-0.25,  	-0.38,0.44,0.00,25.25
-0.40,0.33,  	-0.55,-0.46,  	-0.41,0.40,0.00,25.25
-0.39,0.22,  	-0.05,-1.44,  	-0.39,0.22,0.00,25.26
-0.37,0.16,  	0.16,-0.86,  	-0.37,0.16,0.00,25.25
-0.36,0.15,  	0.19,-0.76,  	-0.37,0.16,0.00,25.25
-0.36,0.08,  	0.08,-0.08,  	-0.36,0.15,0.00,25.25
-0.36,0.08,  	-0.27,-1.02,  	-0.36,0.08,0.00,25.25
-0.35,0.06,  	0.04,-0.28,  	-0.35,0.06,0.00,25.25
-0.32,0.03,  	0.24,-0.33,  	-0.32,0.03,0.00,25.25
-0.29,-0.02,  	0.27,-0.33,  	-0.32,0.03,0.00,25.25
-0.27,-0.05,  	0.41,-0.82,  	-0.29,-0.02,0.00,25.25
-0.23,-0.06,  	0.15,-0.40,  	-0.27,-0.05,0.00,25.25
-0.20,-0.06,  	0.47,-0.13,  	-0.20,-0.06,0.00,25.25
-0.20,-0.10,  	0.05,-0.64,  	-0.20,-0.10,0.00,25.25
-0.20,-0.17,  	-0.01,-0.72,  	-0.20,-0.10,0.00,25.25
-0.17,-0.20,  	-0.13,-1.03,  	-0.20,-0.17,0.00,25.25
-0.20,-0.29,  	0.17,-0.48,  	-0.17,-0.20,0.00,25.25
-0.20,-0.34,  	-0.16,-0.86,  	-0.20,-0.34,0.00,25.25
-0.22,-0.34,  	-0.38,-0.33,  	-0.22,-0.34,0.00,25.25
-0.22,-0.32,  	-0.42,-0.27,  	-0.22,-0.34,0.00,25.25
-0.21,-0.32,  	-0.08,0.15,  	-0.22,-0.32,0.00,25.25
-0.19,-0.28,  	-0.00,-0.04,  	-0.21,-0.32,0.00,25.25
-0.17,-0.22,  	0.14,0.78,  	-0.17,-0.22,0.00,25.25
-0.17,-0.20,  	0.05,0.24,  	-0.17,-0.20,0.00,25.25
-0.17,-0.24,  	0.04,0.15,  	-0.17,-0.20,0.00,25.25
-0.17,-0.25,  	-0.20,-0.53,  	-0.17,-0.24,0.00,25.25
-0.17,-0.20,  	-0.15,-0.34,  	-0.17,-0.25,0.00,25.25
-0.20,-0.20,  	3.52,-0.04,  	9.80,-0.20,0.00,25.30
-0.20,-0.17,  	3.92,0.32,  	9.80,-0.17,0.00,25.31
-0.23,-0.13,  	3.97,0.39,  	9.80,-0.17,0.00,25.31
-0.27,-0.07,  	3.66,0.59,  	9.77,-0.13,0.00,25.30
-0.31,-0.01,  	3.55,0.71,  	9.73,-0.07,0.00,25.30
-0.34,0.08,  	3.47,1.36,  	9.66,0.08,0.00,25.30
-0.38,0.16,  	3.39,1.30,  	9.62,0.16,0.00,25.30
-0.50,0.24,  	3.38,1.28,  	9.62,0.16,0.00,25.30
-0.58,0.31,  	2.24,1.36,  	9.50,0.24,0.00,25.27
-0.64,0.36,  	2.80,1.13,  	9.42,0.31,0.00,25.28
-0.79,0.41,  	1.78,0.94,  	9.21,0.41,0.00,25.26
-0.95,0.55,  	1.45,2.05,  	9.05,0.55,0.00,25.27
-1.13,0.62,  	1.43,2.20,  	9.05,0.55,0.00,25.27
-1.29,0.68,  	0.98,1.31,  	8.87,0.62,0.00,25.26
-1.42,0.73,  	1.26,1.24,  	8.71,0.68,0.00,25.26
-1.57,0.76,  	1.39,0.77,  	8.43,0.76,0.00,25.26
-1.78,0.81,  	0.47,1.14,  	8.22,0.81,0.00,25.25
-1.98,0.92,  	0.34,1.20,  	8.22,0.81,0.00,25.25
-2.21,0.98,  	0.31,1.96,  	8.02,0.92,0.00,25.26
-2.46,1.05,  	-0.18,1.39,  	7.79,0.98,0.00,25.25
-2.69,1.07,  	-0.47,0.74,  	7.31,1.07,0.00,25.25
-2.93,1.14,  	-0.58,1.41,  	7.07,1.14,0.00,25.26
-3.16,1.10,  	-0.58,1.52,  	7.07,1.14,0.00,25.26
-3.40,1.05,  	-0.67,-0.12,  	6.84,1.10,0.00,25.25
-3.68,1.02,  	-0.75,-0.33,  	6.60,1.05,0.00,25.25
-4.00,1.02,  	-2.13,0.44,  	6.00,1.02,0.00,25.27
-4.26,1.04,  	-1.58,0.72,  	5.74,1.04,0.00,25.26
-4.51,0.91,  	-1.47,0.75,  	5.74,1.04,0.00,25.26
-4.77,0.78,  	-1.58,-1.41,  	5.49,0.91,0.00,25.27
-5.04,0.68,  	-1.61,-1.62,  	5.23,0.78,0.00,25.27
-5.28,0.60,  	-1.65,-1.00,  	4.72,0.60,0.00,25.26
-5.54,0.49,  	-1.89,-1.39,  	4.46,0.49,0.00,25.27
-5.79,0.36,  	-1.93,-1.45,  	4.46,0.49,0.00,25.27
-6.07,0.16,  	-2.07,-1.72,  	4.21,0.36,0.00,25.28
-6.31,0.06,  	-2.54,-2.88,  	3.93,0.16,0.00,25.31
-6.51,-0.08,  	-1.70,-1.97,  	3.49,-0.08,0.00,25.27
-6.51,-0.08,  	-1.47,-2.55,  	3.49,-0.08,0.00,25.28
-6.93,-0.40,  	-1.52,-2.70,  	3.29,-0.26,0.00,25.28
-7.15,-0.55,  	-2.07,-2.27,  	3.07,-0.40,0.00,25.28
-7.30,-0.68,  	-1.90,-2.54,  	2.85,-0.55,0.00,25.29
-7.45,-0.79,  	-1.23,-2.02,  	2.55,-0.79,0.00,25.27
-7.63,-0.93,  	-1.52,-2.36,  	2.37,-0.93,0.00,25.28
-7.76,-1.05,  	-1.56,-2.41,  	2.37,-0.93,0.00,25.28
-7.87,-1.13,  	-1.07,-2.22,  	2.24,-1.05,0.00,25.27
-7.97,-1.24,  	-0.80,-1.74,  	2.13,-1.13,0.00,25.26
-8.07,-1.33,  	-0.76,-2.01,  	1.93,-1.33,0.00,25.27
-8.20,-1.40,  	-1.09,-1.66,  	1.80,-1.40,0.00,25.26
-8.28,-1.42,  	-1.13,-1.61,  	1.80,-1.40,0.00,25.26
-8.33,-1.42,  	-0.55,-0.85,  	1.72,-1.42,0.00,25.25
-8.39,-1.42,  	-0.04,-0.51,  	1.67,-1.42,0.00,25.25
-8.47,-1.48,  	-0.49,-1.40,  	1.53,-1.48,0.00,25.26
-8.51,-1.42,  	-0.06,0.02,  	1.49,-1.42,0.00,25.25
-8.54,-1.35,  	0.02,0.25,  	1.49,-1.42,0.00,25.25
-8.57,-1.33,  	0.15,0.49,  	1.46,-1.35,0.00,25.25
-8.62,-1.34,  	0.20,-0.27,  	1.43,-1.33,0.00,25.25
-8.66,-1.31,  	-0.14,-0.14,  	1.34,-1.31,0.00,25.25
-8.70,-1.32,  	-0.07,-0.66,  	1.30,-1.32,0.00,25.25
-8.73,-1.22,  	-0.06,-0.75,  	1.30,-1.32,0.00,25.25
-8.73,-1.09,  	0.14,0.90,  	1.27,-1.22,0.00,25.25
-8.75,-1.02,  	0.48,1.44,  	1.27,-1.09,0.00,25.26
-8.79,-0.89,  	0.03,1.36,  	1.21,-0.89,0.00,25.25
-8.86,-0.79,  	-0.52,1.23,  	1.14,-0.79,0.00,25.25
-8.91,-0.67,  	-0.60,1.20,  	1.14,-0.79,0.00,25.25
-8.93,-0.57,  	-0.36,1.49,  	1.09,-0.67,0.00,25.26
-8.97,-0.47,  	0.11,1.37,  	1.07,-0.57,0.00,25.25
-8.99,-0.38,  	0.06,1.24,  	1.01,-0.38,0.00,25.25
-9.04,-0.29,  	-0.19,1.19,  	0.96,-0.29,0.00,25.25
-9.06,-0.17,  	-0.23,1.18,  	0.96,-0.29,0.00,25.25
-9.12,-0.12,  	-0.00,1.75,  	0.94,-0.17,0.00,25.26
-9.19,-0.11,  	-0.44,0.86,  	0.88,-0.12,0.00,25.25
-9.19,-0.11,  	-1.13,-0.47,  	0.81,-0.11,0.00,25.25
-9.40,-0.17,  	-1.27,-0.59,  	0.60,-0.17,0.00,25.26
-9.48,-0.23,  	-1.27,-0.59,  	0.60,-0.17,0.00,25.26
-9.56,-0.22,  	-1.00,-0.85,  	0.52,-0.23,0.00,25.25
-9.61,-0.13,  	-0.99,-0.20,  	0.44,-0.22,0.00,25.25
-9.65,-0.03,  	-0.47,1.43,  	0.35,-0.03,0.00,25.26
-9.73,0.02,  	-0.90,0.97,  	0.27,0.02,0.00,25.25
-9.82,0.03,  	-0.97,0.90,  	0.27,0.02,0.00,25.25
-9.92,0.05,  	-1.37,0.24,  	0.18,0.03,0.00,25.26
-9.97,0.05,  	-1.38,0.21,  	0.08,0.05,0.00,25.25
-10.01,0.01,  	-0.55,-0.44,  	-0.01,0.01,0.00,25.25
-10.04,0.03,  	-0.47,0.14,  	-0.04,0.03,0.00,25.25
-10.06,0.06,  	-0.46,0.24,  	-0.04,0.03,0.00,25.25
-10.10,0.07,  	-0.33,0.48,  	-0.06,0.06,0.00,25.25
-10.13,0.09,  	-0.68,0.23,  	-0.10,0.07,0.00,25.25
-10.23,0.05,  	-1.48,-0.39,  	-0.23,0.05,0.00,25.26
-10.31,0.05,  	-1.35,-0.04,  	-0.31,0.05,0.00,25.25
-10.30,0.06,  	-1.30,0.03,  	-0.31,0.05,0.00,25.25
-10.32,0.04,  	-0.06,0.14,  	-0.30,0.06,0.00,25.25
-10.32,0.03,  	-0.37,-0.31,  	-0.32,0.04,0.00,25.25
-10.37,-0.01,  	-0.80,-0.40,  	-0.37,-0.01,0.00,25.25
-10.41,-0.02,  	-0.79,-0.15,  	-0.41,-0.02,0.00,25.25
-10.44,0.01,  	-0.78,-0.10,  	-0.41,-0.02,0.00,25.25
-10.49,0.04,  	-0.61,0.35,  	-0.44,0.01,0.00,25.25
-10.47,0.06,  	-0.88,0.43,  	-0.49,0.04,0.00,25.25
-10.45,0.09,  	0.09,0.42,  	-0.45,0.09,0.00,25.25
-10.40,0.16,  	0.47,0.90,  	-0.40,0.16,0.00,25.25
-10.45,0.16,  	0.52,0.97,  	-0.40,0.16,0.00,25.25
-10.51,0.14,  	-0.77,0.14,  	-0.45,0.16,0.00,25.25
-10.56,0.15,  	-1.13,-0.20,  	-0.51,0.14,0.00,25.25
-10.58,0.15,  	-0.68,0.03,  	-0.58,0.15,0.00,25.25
-10.58,0.07,  	-0.31,-1.03,  	-0.58,0.07,0.00,25.25
-10.61,-0.00,  	-0.26,-1.18,  	-0.58,0.07,0.00,25.25
-10.56,0.05,  	-0.59,-1.16,  	-0.61,-0.00,0.00,25.25
-10.56,-0.02,  	0.47,0.64,  	-0.56,0.05,0.00,25.25
-10.58,0.03,  	-0.49,0.50,  	-0.58,0.03,0.00,25.25
-10.65,0.09,  	-1.29,0.91,  	-0.65,0.09,0.00,25.26
-10.71,0.16,  	-1.40,0.93,  	-0.65,0.09,0.00,25.26
-10.70,0.17,  	-1.15,1.05,  	-0.71,0.16,0.00,25.26
-10.68,0.21,  	-0.11,0.39,  	-0.70,0.17,0.00,25.25
-10.68,0.21,  	-0.23,0.94,  	-0.68,0.21,0.00,25.25
-10.70,0.29,  	-0.48,0.56,  	-0.70,0.29,0.00,25.25
-10.68,0.38,  	-0.51,0.50,  	-0.70,0.29,0.00,25.25
-10.68,0.39,  	0.01,1.50,  	-0.68,0.38,0.00,25.26
-10.70,0.40,  	-0.21,0.36,  	-0.68,0.39,0.00,25.25
-10.70,0.47,  	-0.34,0.99,  	-0.70,0.47,0.00,25.25
-10.69,0.57,  	-0.10,1.69,  	-0.69,0.57,0.00,25.26
-10.71,0.56,  	-0.07,1.78,  	-0.69,0.57,0.00,25.26
-10.74,0.54,  	-0.57,0.22,  	-0.71,0.56,0.00,25.25
-10.78,0.51,  	-0.73,-0.13,  	-0.74,0.54,0.00,25.25
-10.82,0.54,  	-0.84,0.57,  	-0.82,0.54,0.00,25.25
-10.85,0.56,  	-0.92,0.59,  	-0.85,0.56,0.00,25.25
-10.89,0.57,  	-0.93,0.58,  	-0.85,0.56,0.00,25.25
-10.89,0.62,  	-0.86,0.38,  	-0.89,0.57,0.00,25.25
-10.89,0.66,  	-0.44,0.99,  	-0.89,0.62,0.00,25.25
-10.90,0.69,  	-0.55,0.72,  	-0.90,0.69,0.00,25.25
-10.93,0.72,  	-0.80,0.84,  	-0.93,0.72,0.00,25.25
-10.97,0.70,  	-0.83,0.86,  	-0.93,0.72,0.00,25.25
-10.99,0.68,  	-0.85,0.17,  	-0.97,0.70,0.00,25.25
-10.97,0.65,  	-0.73,-0.01,  	-0.99,0.68,0.00,25.25
-10.96,0.63,  	-0.18,-0.03,  	-0.96,0.63,0.00,25.25
-10.97,0.57,  	-0.59,-0.60,  	-0.97,0.57,0.00,25.25
-10.98,0.54,  	-0.66,-0.69,  	-0.97,0.57,0.00,25.25
-10.97,0.47,  	-0.52,-0.23,  	-0.98,0.54,0.00,25.25
-11.00,0.49,  	-0.28,-0.83,  	-0.97,0.47,0.00,25.25
-11.06,0.46,  	-1.19,-0.16,  	-1.06,0.46,0.00,25.25
-11.06,0.43,  	-0.65,-0.26,  	-1.06,0.43,0.00,25.25
-11.02,0.45,  	-0.56,-0.26,  	-1.06,0.43,0.00,25.25
-11.00,0.43,  	0.16,0.40,  	-1.02,0.45,0.00,25.25
-11.00,0.39,  	-0.09,-0.10,  	-1.00,0.43,0.00,25.25
-11.02,0.32,  	-0.73,-0.81,  	-1.02,0.32,0.00,25.25
-11.00,0.31,  	-0.18,-0.13,  	-1.00,0.31,0.00,25.25
-10.96,0.28,  	-0.09,-0.02,  	-1.00,0.31,0.00,25.25
-10.91,0.28,  	0.20,-0.31,  	-0.96,0.28,0.00,25.25
-10.91,0.27,  	0.20,0.15,  	-0.91,0.28,0.00,25.25
-10.89,0.28,  	0.00,0.26,  	-0.89,0.28,0.00,25.25
-10.87,0.25,  	-0.01,-0.27,  	-0.87,0.25,0.00,25.25
-10.88,0.27,  	-0.02,-0.36,  	-0.87,0.25,0.00,25.25
-10.88,0.24,  	-0.52,0.23,  	-0.88,0.27,0.00,25.25
-10.87,0.19,  	-0.30,-0.22,  	-0.88,0.24,0.00,25.25
-10.87,0.14,  	-0.31,-0.70,  	-0.87,0.14,0.00,25.25
-10.88,0.09,  	-0.44,-0.69,  	-0.88,0.09,0.00,25.25
-10.86,0.10,  	-0.46,-0.68,  	-0.88,0.09,0.00,25.25
-10.87,0.10,  	-0.08,0.09,  	-0.86,0.10,0.00,25.25
-10.87,0.14,  	-0.53,0.18,  	-0.87,0.10,0.00,25.25
-10.89,0.17,  	-0.59,0.62,  	-0.89,0.17,0.00,25.25
-10.93,0.11,  	-0.91,-0.73,  	-0.93,0.11,0.00,25.25
-10.93,0.08,  	-0.95,-0.93,  	-0.93,0.11,0.00,25.25
-10.93,0.08,  	-0.51,-0.58,  	-0.93,0.08,0.00,25.25
-10.95,0.06,  	-0.36,0.14,  	-0.93,0.08,0.00,25.25
-10.96,0.06,  	-0.59,-0.06,  	-0.96,0.06,0.00,25.25
-10.98,0.03,  	-0.64,-0.31,  	-0.98,0.03,0.00,25.25
-10.96,0.06,  	-0.65,-0.35,  	-0.98,0.03,0.00,25.25
-10.96,0.11,  	-0.21,0.28,  	-0.96,0.06,0.00,25.25
-10.98,0.15,  	-0.35,0.76,  	-0.96,0.11,0.00,25.25
-11.02,0.17,  	-0.89,0.28,  	-1.02,0.17,0.00,25.25
-11.03,0.17,  	-0.61,0.06,  	-1.03,0.17,0.00,25.25
-11.05,0.18,  	-0.57,0.04,  	-1.03,0.17,0.00,25.25
-11.05,0.23,  	-0.72,0.26,  	-1.05,0.18,0.00,25.25
-11.08,0.26,  	-0.53,0.90,  	-1.05,0.23,0.00,25.25
-11.10,0.35,  	-0.76,1.43,  	-1.10,0.35,0.00,25.26
-11.13,0.40,  	-0.89,0.98,  	-1.13,0.40,0.00,25.25
-11.15,0.49,  	-0.92,0.89,  	-1.13,0.40,0.00,25.25
-11.21,0.55,  	-0.90,1.48,  	-1.15,0.49,0.00,25.26
-11.27,0.55,  	-1.25,1.12,  	-1.21,0.55,0.00,25.26
-11.33,0.59,  	-1.43,0.76,  	-1.33,0.59,0.00,25.26
-11.38,0.64,  	-1.26,1.07,  	-1.38,0.64,0.00,25.26
-11.43,0.68,  	-1.23,1.11,  	-1.38,0.64,0.00,25.26
-11.49,0.67,  	-1.35,0.92,  	-1.43,0.68,0.00,25.26
-11.54,0.68,  	-1.39,0.09,  	-1.49,0.67,0.00,25.25
-11.57,0.75,  	-1.18,1.31,  	-1.57,0.75,0.00,25.26
-11.61,0.85,  	-1.19,1.80,  	-1.61,0.85,0.00,25.27
-11.68,0.82,  	-1.20,1.85,  	-1.61,0.85,0.00,25.27
-11.70,0.86,  	-1.71,-0.09,  	-1.68,0.82,0.00,25.26
-11.73,0.91,  	-1.08,1.08,  	-1.70,0.86,0.00,25.26
-11.77,0.90,  	-1.31,0.37,  	-1.77,0.90,0.00,25.25
-11.80,0.93,  	-1.19,0.71,  	-1.80,0.93,0.00,25.25
-11.84,0.90,  	-1.17,0.77,  	-1.80,0.93,0.00,25.25
-11.85,0.93,  	-1.40,0.17,  	-1.84,0.90,0.00,25.26
-11.86,0.94,  	-0.92,0.71,  	-1.85,0.93,0.00,25.25
-11.87,0.98,  	-1.02,0.95,  	-1.87,0.98,0.00,25.26
-11.90,0.92,  	-1.18,-0.18,  	-1.90,0.92,0.00,25.25
-11.95,0.88,  	-1.20,-0.36,  	-1.90,0.92,0.00,25.25
-12.00,0.79,  	-1.54,-0.41,  	-1.95,0.88,0.00,25.26
-11.99,0.79,  	-1.53,-0.99,  	-2.00,0.79,0.00,25.26
-11.99,0.78,  	-0.76,0.17,  	-1.99,0.79,0.00,25.25
-11.98,0.80,  	-0.71,0.15,  	-1.99,0.78,0.00,25.25
-11.95,0.79,  	-0.71,0.56,  	-1.98,0.80,0.00,25.25
-11.93,0.81,  	-0.45,0.41,  	-1.95,0.79,0.00,25.25
-11.90,0.85,  	-0.46,0.68,  	-1.93,0.81,0.00,25.25
-11.89,0.80,  	-0.61,-0.13,  	-1.89,0.80,0.00,25.25
-11.87,0.78,  	-0.50,-0.16,  	-1.87,0.78,0.00,25.25
-11.82,0.76,  	-0.48,-0.14,  	-1.87,0.78,0.00,25.25
-11.77,0.70,  	-0.10,0.03,  	-1.82,0.76,0.00,25.25
-11.74,0.71,  	0.03,-0.61,  	-1.77,0.70,0.00,25.25
-11.74,0.71,  	-0.76,0.23,  	-1.74,0.71,0.00,25.25
-11.75,0.70,  	-0.04,0.35,  	-1.75,0.70,0.00,25.25
-11.64,0.73,  	0.10,0.37,  	-1.69,0.70,0.00,25.25
-11.61,0.77,  	0.03,0.82,  	-1.64,0.73,0.00,25.25
-11.57,0.79,  	-0.26,0.96,  	-1.61,0.77,0.00,25.25
-11.51,0.82,  	0.26,0.84,  	-1.51,0.82,0.00,25.25
-11.46,0.83,  	0.08,0.40,  	-1.46,0.83,0.00,25.25
-11.40,0.89,  	0.04,0.33,  	-1.46,0.83,0.00,25.25
-11.37,0.97,  	0.28,1.25,  	-1.40,0.89,0.00,25.25
-11.34,1.01,  	-0.00,1.64,  	-1.37,0.97,0.00,25.26
-11.33,1.07,  	-0.35,1.24,  	-1.33,1.07,0.00,25.25
-11.31,1.10,  	-0.23,0.93,  	-1.31,1.10,0.00,25.25
-11.28,1.11,  	-0.20,0.89,  	-1.31,1.10,0.00,25.25
-11.30,1.09,  	-0.24,0.55,  	-1.28,1.11,0.00,25.25
-11.31,1.06,  	-0.64,0.18,  	-1.30,1.09,0.00,25.25
-11.31,1.11,  	-0.53,1.12,  	-1.31,1.11,0.00,25.25
-11.35,1.10,  	-1.07,0.40,  	-1.35,1.10,0.00,25.25
-11.40,1.05,  	-1.16,0.27,  	-1.35,1.10,0.00,25.25
-11.40,1.11,  	-1.21,-0.17,  	-1.40,1.05,0.00,25.25
-11.41,1.11,  	-0.66,1.28,  	-1.40,1.11,0.00,25.26
-11.43,1.13,  	-0.83,0.72,  	-1.43,1.13,0.00,25.25
-11.44,1.19,  	-0.76,1.37,  	-1.44,1.19,0.00,25.26
-11.47,1.19,  	-0.75,1.46,  	-1.44,1.19,0.00,25.26
-11.48,1.21,  	-0.98,0.56,  	-1.47,1.19,0.00,25.25
-11.50,1.24,  	-0.91,0.76,  	-1.48,1.21,0.00,25.25
-11.50,1.24,  	-0.87,0.93,  	-1.50,1.24,0.00,25.25
-11.52,1.23,  	-0.66,0.45,  	-1.50,1.24,0.00,25.25
-11.52,1.23,  	-0.96,0.37,  	-1.52,1.23,0.00,25.25
-11.56,1.17,  	-0.64,0.42,  	-1.52,1.23,0.00,25.25
-11.57,1.17,  	-1.09,-0.30,  	-1.56,1.17,0.00,25.25
-11.59,1.14,  	-1.06,0.06,  	-1.59,1.14,0.00,25.25
-11.59,1.13,  	-0.77,0.31,  	-1.59,1.13,0.00,25.25
-11.59,1.09,  	-0.72,0.36,  	-1.59,1.13,0.00,25.25
-11.61,1.09,  	-0.70,-0.21,  	-1.59,1.09,0.00,25.25
-11.64,1.04,  	-0.86,0.44,  	-1.61,1.09,0.00,25.25
-11.64,1.01,  	-0.67,-0.10,  	-1.64,1.01,0.00,25.25
-11.62,1.03,  	-0.46,0.67,  	-1.62,1.03,0.00,25.25
-11.60,1.02,  	-0.44,0.78,  	-1.62,1.03,0.00,25.25
-11.59,1.00,  	-0.42,0.32,  	-1.60,1.02,0.00,25.25
-11.60,1.01,  	-0.50,0.06,  	-1.59,1.00,0.00,25.25
-11.59,0.99,  	-0.53,0.16,  	-1.59,0.99,0.00,25.25
-11.56,1.04,  	-0.25,1.04,  	-1.56,1.04,0.00,25.25
-11.52,1.07,  	-0.21,1.18,  	-1.56,1.04,0.00,25.25
-11.52,1.03,  	-0.18,0.82,  	-1.52,1.07,0.00,25.25
-11.52,1.01,  	-0.59,0.03,  	-1.52,1.03,0.00,25.25
-11.51,0.99,  	-0.45,0.14,  	-1.51,0.99,0.00,25.25
-11.50,0.98,  	-0.47,0.42,  	-1.50,0.98,0.00,25.25
-11.50,0.94,  	-0.48,0.46,  	-1.50,0.98,0.00,25.25
-11.49,0.87,  	-0.63,-0.36,  	-1.50,0.94,0.00,25.25
-11.45,0.86,  	-0.42,-0.52,  	-1.49,0.87,0.00,25.25
-11.41,0.88,  	0.06,0.68,  	-1.41,0.88,0.00,25.25
-11.37,0.94,  	-0.08,1.15,  	-1.37,0.94,0.00,25.25
-11.34,0.99,  	-0.10,1.20,  	-1.37,0.94,0.00,25.25
-11.31,1.01,  	-0.08,1.10,  	-1.34,0.99,0.00,25.25
-11.30,1.03,  	-0.11,0.87,  	-1.31,1.01,0.00,25.25
-11.27,1.03,  	-0.15,0.54,  	-1.27,1.03,0.00,25.25
-11.26,1.01,  	-0.33,0.03,  	-1.26,1.01,0.00,25.25
-11.26,0.99,  	-0.36,-0.04,  	-1.26,1.01,0.00,25.25
-11.26,0.98,  	-0.49,0.17,  	-1.26,0.99,0.00,25.25
-11.26,0.98,  	-0.50,0.21,  	-1.26,0.98,0.00,25.25
-11.26,0.98,  	-0.52,0.49,  	-1.26,0.98,0.00,25.25
-11.23,1.02,  	-0.52,0.49,  	-1.26,0.98,0.00,25.25
-11.25,1.04,  	-0.21,1.06,  	-1.23,1.02,0.00,25.25
-11.24,1.04,  	-0.73,0.71,  	-1.25,1.04,0.00,25.25
-11.24,1.01,  	-0.43,0.42,  	-1.24,1.04,0.00,25.25
-11.23,1.01,  	-0.52,-0.03,  	-1.24,1.01,0.00,25.25
-11.25,0.94,  	-0.36,0.48,  	-1.23,1.01,0.00,25.25
-11.27,0.83,  	-0.75,-0.59,  	-1.25,0.94,0.00,25.25
-11.25,0.85,  	-0.82,-1.21,  	-1.27,0.83,0.00,25.26
-11.25,0.90,  	-0.26,0.52,  	-1.25,0.85,0.00,25.25
-11.26,0.92,  	-0.65,0.73,  	-1.26,0.92,0.00,25.25
-11.28,0.91,  	-0.74,0.28,  	-1.28,0.91,0.00,25.25
-11.30,0.87,  	-0.75,0.23,  	-1.28,0.91,0.00,25.25
-11.32,0.85,  	-0.86,-0.27,  	-1.30,0.87,0.00,25.25
-11.37,0.89,  	-0.87,0.09,  	-1.32,0.85,0.00,25.25
-11.37,0.96,  	-0.65,1.41,  	-1.37,0.96,0.00,25.26
-11.38,0.93,  	-0.74,0.22,  	-1.38,0.93,0.00,25.25
-11.38,0.92,  	-0.77,0.03,  	-1.38,0.93,0.00,25.25
-11.38,0.88,  	-0.64,0.13,  	-1.38,0.92,0.00,25.25
-11.40,0.90,  	-0.56,-0.26,  	-1.38,0.88,0.00,25.25
-11.38,0.95,  	-0.41,1.17,  	-1.38,0.95,0.00,25.25
-11.37,0.99,  	-0.38,0.93,  	-1.37,0.99,0.00,25.25
-11.40,1.01,  	-0.38,0.89,  	-1.37,0.99,0.00,25.25
-11.40,1.06,  	-1.05,0.70,  	-1.40,1.01,0.00,25.25
-11.40,1.14,  	-0.67,1.30,  	-1.40,1.06,0.00,25.26
-11.40,1.14,  	-0.91,0.59,  	-1.40,1.14,0.00,25.25
-11.47,1.13,  	-1.11,0.38,  	-1.47,1.13,0.00,25.25
-11.51,1.07,  	-1.13,0.37,  	-1.47,1.13,0.00,25.25
-11.55,1.02,  	-1.19,-0.35,  	-1.51,1.07,0.00,25.25
-11.55,1.01,  	-1.32,-0.41,  	-1.55,1.02,0.00,25.25
-11.55,1.01,  	-1.10,-0.26,  	-1.55,1.01,0.00,25.25
-11.61,0.95,  	-0.99,0.05,  	-1.61,0.95,0.00,25.25
-11.59,0.99,  	-0.96,0.11,  	-1.61,0.95,0.00,25.25
-11.58,1.04,  	-0.45,1.04,  	-1.59,0.99,0.00,25.25
-11.61,1.03,  	-0.46,1.18,  	-1.58,1.04,0.00,25.25
-11.64,1.00,  	-9.39,0.19,  	-21.64,1.00,0.00,25.58
-11.64,0.98,  	-9.22,0.08,  	-21.64,0.98,0.00,25.57
-11.63,1.00,  	-9.19,0.07,  	-21.64,0.98,0.00,25.57
-11.62,0.98,  	-8.81,0.65,  	-21.63,1.00,0.00,25.54
-11.58,0.98,  	-8.83,0.18,  	-21.62,0.98,0.00,25.54
-11.43,0.98,  	-6.95,0.23,  	-21.43,0.98,0.00,25.43
-11.35,0.98,  	-7.50,0.44,  	-21.35,0.98,0.00,25.46
-11.29,0.96,  	-7.62,0.47,  	-21.35,0.98,0.00,25.47
-11.15,0.96,  	-8.04,-0.05,  	-21.29,0.96,0.00,25.49
-10.90,0.91,  	-6.77,0.44,  	-21.15,0.96,0.00,25.42
-10.66,0.82,  	-5.05,-0.78,  	-20.66,0.82,0.00,25.35
-10.40,0.76,  	-4.63,-0.58,  	-20.40,0.76,0.00,25.33
-10.16,0.72,  	-4.58,-0.54,  	-20.40,0.76,0.00,25.33
-9.88,0.70,  	-4.88,-0.36,  	-20.16,0.72,0.00,25.34
-9.61,0.70,  	-4.20,-0.13,  	-19.88,0.70,0.00,25.31
-9.34,0.69,  	-4.14,-0.02,  	-19.34,0.69,0.00,25.31
-9.01,0.71,  	-3.13,0.35,  	-19.01,0.71,0.00,25.28
-8.57,0.69,  	-2.98,0.41,  	-19.01,0.71,0.00,25.28
-8.14,0.68,  	-1.34,-0.10,  	-18.57,0.69,0.00,25.25
-7.67,0.66,  	-1.22,0.12,  	-18.14,0.68,0.00,25.25
-7.27,0.69,  	-0.99,0.68,  	-17.27,0.69,0.00,25.25
-6.79,0.74,  	-0.05,1.05,  	-16.79,0.74,0.00,25.25
-6.27,0.75,  	0.08,1.09,  	-16.79,0.74,0.00,25.25
-5.73,0.75,  	0.91,0.42,  	-16.27,0.75,0.00,25.25
-5.14,0.77,  	1.46,0.34,  	-15.73,0.75,0.00,25.26
-4.60,0.82,  	1.96,0.87,  	-14.60,0.82,0.00,25.26
-4.14,0.91,  	1.25,1.61,  	-14.14,0.91,0.00,25.26
-3.61,0.97,  	1.14,1.71,  	-14.14,0.91,0.00,25.26
-3.08,1.11,  	2.05,1.29,  	-13.61,0.97,0.00,25.27
-2.61,1.21,  	2.46,2.36,  	-13.08,1.11,0.00,25.29
-2.61,1.21,  	2.13,2.20,  	-12.61,1.21,0.00,25.28
-1.58,1.47,  	2.96,2.68,  	-11.58,1.47,0.00,25.31
-1.01,1.61,  	3.03,2.74,  	-11.58,1.47,0.00,25.31
-0.51,1.74,  	3.72,2.77,  	-11.01,1.61,0.00,25.33
-0.01,1.94,  	3.22,2.66,  	-10.51,1.74,0.00,25.31
0.46,2.02,  	3.13,2.36,  	-9.54,2.02,0.00,25.31
0.93,2.11,  	3.16,2.20,  	-9.07,2.11,0.00,25.30
1.37,2.18,  	3.15,2.21,  	-9.07,2.11,0.00,25.30
1.82,2.28,  	2.97,1.89,  	-8.63,2.18,0.00,25.29
2.21,2.39,  	3.13,2.53,  	-8.18,2.28,0.00,25.31
2.55,2.50,  	2.07,2.71,  	-7.45,2.50,0.00,25.29
2.93,2.61,  	2.61,2.79,  	-7.07,2.61,0.00,25.30
3.28,2.74,  	2.69,2.79,  	-7.07,2.61,0.00,25.31
3.61,2.78,  	2.44,2.95,  	-6.72,2.74,0.00,25.30
3.96,2.88,  	2.16,2.01,  	-6.39,2.78,0.00,25.28
4.26,2.92,  	2.23,1.97,  	-5.74,2.92,0.00,25.28
4.55,2.99,  	1.98,2.18,  	-5.45,2.99,0.00,25.28
4.78,2.99,  	1.94,2.22,  	-5.45,2.99,0.00,25.28
4.98,2.94,  	1.37,1.43,  	-5.22,2.99,0.00,25.26
5.15,2.88,  	0.88,0.45,  	-5.02,2.94,0.00,25.25
5.34,2.89,  	0.75,1.22,  	-4.66,2.89,0.00,25.26
5.50,2.82,  	0.67,0.30,  	-4.50,2.82,0.00,25.25
5.66,2.72,  	0.65,0.15,  	-4.50,2.82,0.00,25.25
5.76,2.64,  	0.47,-0.34,  	-4.34,2.72,0.00,25.25
5.87,2.61,  	-0.12,-0.05,  	-4.24,2.64,0.00,25.25
5.95,2.52,  	-0.48,-0.08,  	-4.05,2.52,0.00,25.25
6.04,2.43,  	-0.35,-0.38,  	-3.96,2.43,0.00,25.25
6.11,2.28,  	-0.33,-0.41,  	-3.96,2.43,0.00,25.25
6.23,2.18,  	-0.46,-1.21,  	-3.89,2.28,0.00,25.25
6.31,1.99,  	0.16,-0.63,  	-3.77,2.18,0.00,25.25
6.37,1.80,  	-0.54,-2.01,  	-3.63,1.80,0.00,25.26
6.46,1.67,  	-0.25,-1.32,  	-3.54,1.67,0.00,25.25
6.53,1.47,  	-0.20,-1.21,  	-3.54,1.67,0.00,25.25
6.54,1.28,  	-0.46,-2.26,  	-3.47,1.47,0.00,25.27
6.57,1.01,  	-1.15,-2.35,  	-3.46,1.28,0.00,25.27
6.57,1.01,  	-1.03,-3.28,  	-3.43,1.01,0.00,25.29
6.69,0.63,  	-0.19,-1.99,  	-3.31,0.63,0.00,25.26
6.75,0.50,  	-0.07,-1.78,  	-3.31,0.63,0.00,25.26
6.79,0.40,  	-0.37,-1.76,  	-3.25,0.50,0.00,25.26
6.85,0.25,  	-0.70,-1.38,  	-3.21,0.40,0.00,25.26
6.91,0.12,  	-0.41,-1.87,  	-3.09,0.12,0.00,25.26
6.96,0.00,  	-0.47,-1.71,  	-3.04,0.00,0.00,25.26
7.03,-0.10,  	-0.48,-1.68,  	-3.04,0.00,0.00,25.26
7.09,-0.13,  	-0.26,-1.57,  	-2.97,-0.10,0.00,25.26
7.17,-0.19,  	-0.35,-0.61,  	-2.91,-0.13,0.00,25.25
7.30,-0.19,  	0.73,-0.21,  	-2.70,-0.19,0.00,25.25
7.35,-0.26,  	-0.20,-1.05,  	-2.65,-0.26,0.00,25.25
7.35,-0.31,  	-0.36,-1.19,  	-2.65,-0.26,0.00,25.25
7.38,-0.31,  	-1.09,-0.84,  	-2.65,-0.31,0.00,25.25
7.40,-0.34,  	-0.70,-0.15,  	-2.62,-0.31,0.00,25.25
7.45,-0.36,  	-0.41,-0.54,  	-2.55,-0.36,0.00,25.25
7.47,-0.35,  	-0.71,0.04,  	-2.53,-0.35,0.00,25.25
7.54,-0.24,  	-0.76,0.13,  	-2.53,-0.35,0.00,25.25
7.59,-0.19,  	-0.13,1.39,  	-2.46,-0.24,0.00,25.26
7.61,-0.13,  	-0.24,0.70,  	-2.41,-0.19,0.00,25.25
7.61,-0.13,  	-0.96,0.58,  	-2.39,-0.13,0.00,25.25
7.61,-0.10,  	-0.77,0.41,  	-2.39,-0.10,0.00,25.25
7.60,-0.10,  	-0.73,0.40,  	-2.38,-0.07,0.00,25.25
7.59,-0.13,  	-1.24,-0.41,  	-2.40,-0.10,0.00,25.25
7.63,-0.15,  	-1.11,-0.58,  	-2.41,-0.13,0.00,25.25
7.66,-0.11,  	-0.40,0.50,  	-2.34,-0.11,0.00,25.25
7.64,-0.03,  	-1.18,1.06,  	-2.36,-0.03,0.00,25.26
7.61,0.01,  	-1.30,1.12,  	-2.36,-0.03,0.00,25.26
7.61,0.07,  	-1.51,0.58,  	-2.39,0.01,0.00,25.26
7.61,0.09,  	-0.96,1.03,  	-2.39,0.07,0.00,25.26
7.62,0.09,  	-0.88,0.07,  	-2.38,0.09,0.00,25.25
7.66,0.13,  	-0.50,0.68,  	-2.34,0.13,0.00,25.25
7.71,0.18,  	-0.45,0.78,  	-2.34,0.13,0.00,25.25
7.75,0.21,  	-0.13,0.74,  	-2.29,0.18,0.00,25.25
7.77,0.24,  	-0.34,0.44,  	-2.25,0.21,0.00,25.25
7.76,0.28,  	-0.98,0.67,  	-2.24,0.28,0.00,25.25
7.73,0.30,  	-1.38,0.51,  	-2.27,0.30,0.00,25.26
7.73,0.31,  	-1.43,0.48,  	-2.27,0.30,0.00,25.26
7.77,0.32,  	-0.92,0.29,  	-2.27,0.31,0.00,25.25
7.78,0.32,  	-0.37,0.39,  	-2.23,0.32,0.00,25.25
7.82,0.30,  	-0.41,-0.10,  	-2.18,0.30,0.00,25.25
7.82,0.27,  	-0.87,-0.47,  	-2.18,0.27,0.00,25.25
7.83,0.25,  	-0.94,-0.51,  	-2.18,0.27,0.00,25.25
7.87,0.26,  	-0.78,-0.16,  	-2.17,0.25,0.00,25.25
7.87,0.25,  	-0.37,0.21,  	-2.13,0.26,0.00,25.25
7.88,0.19,  	-0.67,-0.69,  	-2.12,0.19,0.00,25.25
7.90,0.16,  	-0.67,-0.46,  	-2.10,0.16,0.00,25.25
7.96,0.20,  	-0.67,-0.41,  	-2.10,0.16,0.00,25.25
7.97,0.20,  	0.03,0.63,  	-2.04,0.20,0.00,25.25
7.98,0.21,  	-0.66,0.24,  	-2.03,0.20,0.00,25.25
7.99,0.22,  	-0.64,0.25,  	-2.01,0.22,0.00,25.25
8.02,0.25,  	-0.50,0.59,  	-1.98,0.25,0.00,25.25
8.08,0.24,  	-0.47,0.64,  	-1.98,0.25,0.00,25.25
8.13,0.25,  	0.07,-0.10,  	-1.92,0.24,0.00,25.25
8.14,0.21,  	-0.09,0.20,  	-1.87,0.25,0.00,25.25
8.14,0.21,  	-0.25,-0.12,  	-1.86,0.21,0.00,25.25
8.21,0.20,  	-0.25,0.08,  	-1.79,0.20,0.00,25.25
8.25,0.20,  	-0.26,0.10,  	-1.79,0.20,0.00,25.25
8.28,0.14,  	-0.26,0.01,  	-1.75,0.20,0.00,25.25
8.30,0.11,  	-0.20,-0.84,  	-1.72,0.14,0.00,25.25
8.30,0.11,  	-0.25,0.21,  	-1.70,0.11,0.00,25.25
8.33,0.12,  	0.02,0.41,  	-1.67,0.12,0.00,25.25
8.41,0.15,  	0.07,0.44,  	-1.62,0.15,0.00,25.25
8.44,0.15,  	-0.28,0.07,  	-1.59,0.15,0.00,25.25
8.42,0.10,  	-0.22,0.07,  	-1.56,0.15,0.00,25.25
8.42,0.10,  	-0.47,-0.11,  	-1.58,0.10,0.00,25.25
8.45,0.06,  	-0.53,-0.48,  	-1.55,0.06,0.00,25.25
8.48,0.04,  	-0.54,-0.55,  	-1.55,0.06,0.00,25.25
8.52,0.07,  	-0.20,-0.30,  	-1.52,0.04,0.00,25.25
8.55,0.09,  	-0.03,0.37,  	-1.48,0.07,0.00,25.25
8.57,0.12,  	-0.27,0.49,  	-1.43,0.12,0.00,25.25
8.58,0.11,  	-0.43,-0.02,  	-1.42,0.11,0.00,25.25
8.58,0.05,  	-0.45,-0.10,  	-1.42,0.11,0.00,25.25
8.60,0.08,  	-0.53,-0.83,  	-1.42,0.05,0.00,25.25
8.60,0.08,  	-0.34,0.43,  	-1.40,0.08,0.00,25.25
8.63,0.02,  	-0.25,-0.74,  	-1.37,0.02,0.00,25.25
8.64,-0.08,  	-0.41,-1.38,  	-1.36,-0.08,0.00,25.26
8.66,-0.10,  	-0.44,-1.45,  	-1.36,-0.08,0.00,25.26
8.69,-0.07,  	-0.21,-0.43,  	-1.34,-0.10,0.00,25.25
8.68,-0.06,  	-0.10,0.23,  	-1.31,-0.07,0.00,25.25
8.67,-0.07,  	-0.79,-0.15,  	-1.33,-0.07,0.00,25.25
8.67,-0.09,  	-0.55,-0.27,  	-1.33,-0.09,0.00,25.25
8.69,-0.10,  	-0.51,-0.28,  	-1.33,-0.09,0.00,25.25
8.71,-0.10,  	-0.24,-0.19,  	-1.31,-0.10,0.00,25.25
8.74,-0.07,  	-0.22,-0.02,  	-1.29,-0.10,0.00,25.25
8.75,-0.05,  	-0.30,0.36,  	-1.25,-0.05,0.00,25.25
8.79,-0.01,  	-0.01,0.47,  	-1.21,-0.01,0.00,25.25
8.81,0.04,  	0.04,0.48,  	-1.21,-0.01,0.00,25.25
8.81,0.02,  	-0.06,0.73,  	-1.19,0.04,0.00,25.25
8.81,0.04,  	-0.51,-0.33,  	-1.19,0.02,0.00,25.25
8.81,0.05,  	-0.60,0.32,  	-1.19,0.05,0.00,25.25
8.79,0.03,  	-0.76,-0.21,  	-1.21,0.03,0.00,25.25
8.80,-0.03,  	-0.78,-0.29,  	-1.21,0.03,0.00,25.25
8.80,-0.02,  	-0.41,-0.81,  	-1.20,-0.03,0.00,25.25
8.79,-0.04,  	-0.41,0.09,  	-1.20,-0.02,0.00,25.25
8.77,-0.02,  	-0.82,0.13,  	-1.23,-0.02,0.00,25.25
8.76,-0.01,  	-0.68,0.17,  	-1.24,-0.01,0.00,25.25
8.75,0.00,  	-0.66,0.17,  	-1.24,-0.01,0.00,25.25
8.75,0.03,  	-0.62,0.16,  	-1.25,0.00,0.00,25.25
8.74,0.02,  	-0.56,0.43,  	-1.25,0.03,0.00,25.25
8.72,0.02,  	-0.73,-0.07,  	-1.26,0.02,0.00,25.25
8.72,0.04,  	-0.68,0.03,  	-1.28,0.02,0.00,25.25
8.69,0.03,  	-0.65,0.28,  	-1.28,0.04,0.00,25.25
8.70,0.03,  	-0.95,-0.18,  	-1.31,0.03,0.00,25.25
8.70,0.05,  	-0.47,0.00,  	-1.30,0.03,0.00,25.25
8.69,0.06,  	-0.58,0.33,  	-1.30,0.05,0.00,25.25
8.69,0.07,  	-0.68,0.14,  	-1.31,0.06,0.00,25.25
8.67,0.04,  	-0.52,0.13,  	-1.31,0.07,0.00,25.25
8.67,0.04,  	-0.73,-0.32,  	-1.33,0.04,0.00,25.25
8.67,0.08,  	-0.66,-0.01,  	-1.33,0.04,0.00,25.25
8.67,0.06,  	-0.62,-0.18,  	-1.33,0.06,0.00,25.25
8.67,0.04,  	-0.63,-0.32,  	-1.33,0.04,0.00,25.25
8.67,0.04,  	-0.63,-0.32,  	-1.33,0.04,0.00,25.25
8.67,0.04,  	-0.52,0.00,  	-1.33,0.04,0.00,25.25
8.67,0.07,  	-0.54,-0.02,  	-1.33,0.04,0.00,25.25
8.67,0.05,  	-0.50,-0.19,  	-1.33,0.05,0.00,25.25
8.67,0.00,  	-0.51,-0.57,  	-1.33,0.00,0.00,25.25
8.67,-0.02,  	-0.52,-0.61,  	-1.33,0.00,0.00,25.25
8.67,0.02,  	-0.62,-0.31,  	-1.33,-0.02,0.00,25.25
8.67,0.02,  	-0.59,0.62,  	-1.33,0.02,0.00,25.25
8.69,0.02,  	-0.38,-0.08,  	-1.31,0.02,0.00,25.25
8.69,-0.00,  	-0.44,-0.32,  	-1.31,-0.00,0.00,25.25
8.73,-0.00,  	-0.45,-0.35,  	-1.31,-0.00,0.00,25.25
8.74,-0.02,  	-0.03,-0.04,  	-1.27,-0.00,0.00,25.25
8.74,-0.07,  	-0.32,-0.16,  	-1.26,-0.02,0.00,25.25
8.75,-0.19,  	-0.42,-1.68,  	-1.25,-0.19,0.00,25.26
8.77,-0.26,  	-0.24,-1.16,  	-1.23,-0.26,0.00,25.25
8.80,-0.28,  	-0.22,-1.06,  	-1.23,-0.26,0.00,25.25
8.83,-0.31,  	-0.13,-0.56,  	-1.20,-0.28,0.00,25.25
8.87,-0.29,  	0.02,-0.49,  	-1.17,-0.31,0.00,25.25
8.87,-0.29,  	0.40,0.59,  	-1.13,-0.29,0.00,25.25
8.93,-0.23,  	0.11,0.97,  	-1.07,-0.23,0.00,25.25
8.98,-0.11,  	0.07,1.04,  	-1.03,-0.15,0.00,25.25
9.02,-0.08,  	-0.23,0.59,  	-1.02,-0.11,0.00,25.25
9.05,-0.07,  	0.10,0.40,  	-0.98,-0.08,0.00,25.25
9.05,-0.07,  	-0.27,-0.04,  	-0.95,-0.07,0.00,25.25
9.09,-0.05,  	0.18,0.27,  	-0.91,-0.05,0.00,25.25
9.16,-0.01,  	0.26,0.33,  	-0.91,-0.05,0.00,25.25
9.19,0.01,  	0.74,0.63,  	-0.84,-0.01,0.00,25.25
9.15,0.01,  	0.13,0.22,  	-0.81,0.01,0.00,25.25
9.12,0.01,  	-0.84,0.07,  	-0.88,0.01,0.00,25.25
9.12,0.01,  	-0.36,0.01,  	-0.88,0.01,0.00,25.25
9.12,0.03,  	-0.29,0.00,  	-0.88,0.01,0.00,25.25
9.12,0.03,  	-0.41,0.26,  	-0.88,0.03,0.00,25.25
9.10,0.01,  	-0.46,0.21,  	-0.88,0.03,0.00,25.25
9.12,-0.03,  	-0.10,-0.63,  	-0.88,-0.03,0.00,25.25
9.14,0.02,  	-0.05,0.45,  	-0.86,0.02,0.00,25.25
9.11,0.02,  	-0.06,0.61,  	-0.86,0.02,0.00,25.25
9.08,0.04,  	-0.74,-0.03,  	-0.89,0.02,0.00,25.25
9.09,0.06,  	-0.85,0.45,  	-0.92,0.04,0.00,25.25
9.09,0.06,  	-0.06,-0.26,  	-0.91,0.06,0.00,25.25
9.11,0.03,  	-0.03,0.38,  	-0.89,0.03,0.00,25.25
9.14,0.03,  	-0.02,0.51,  	-0.86,0.06,0.00,25.25
9.12,0.01,  	-0.30,-0.37,  	-0.86,0.03,0.00,25.25
9.10,-0.04,  	-0.50,-0.32,  	-0.88,0.01,0.00,25.25
9.10,-0.04,  	-0.46,-1.31,  	-0.90,-0.04,0.00,25.26
9.08,-0.17,  	-0.65,-0.71,  	-0.92,-0.17,0.00,25.25
9.06,-0.22,  	-0.68,-0.61,  	-0.92,-0.17,0.00,25.25
9.09,-0.22,  	-0.66,-0.82,  	-0.94,-0.22,0.00,25.25
9.12,-0.21,  	-0.02,-0.22,  	-0.91,-0.22,0.00,25.25
9.12,-0.21,  	-0.20,0.19,  	-0.88,-0.21,0.00,25.25
9.10,-0.19,  	-0.68,-0.04,  	-0.90,-0.19,0.00,25.25
9.08,-0.20,  	-0.74,-0.07,  	-0.90,-0.19,0.00,25.25
9.09,-0.25,  	-0.68,-0.26,  	-0.92,-0.20,0.00,25.25
9.13,-0.31,  	-0.26,-0.87,  	-0.91,-0.25,0.00,25.25
9.13,-0.31,  	-0.17,-0.82,  	-0.87,-0.31,0.00,25.25
9.14,-0.35,  	-0.03,-0.65,  	-0.86,-0.35,0.00,25.25
9.21,-0.37,  	0.01,-0.64,  	-0.84,-0.38,0.00,25.25
9.22,-0.39,  	0.27,-0.00,  	-0.79,-0.37,0.00,25.25
9.23,-0.37,  	-0.03,-0.46,  	-0.78,-0.39,0.00,25.25
9.23,-0.35,  	-0.34,0.12,  	-0.77,-0.35,0.00,25.25
9.26,-0.38,  	0.01,-0.40,  	-0.74,-0.38,0.00,25.25
9.27,-0.44,  	0.06,-0.47,  	-0.74,-0.38,0.00,25.25
9.28,-0.50,  	-0.06,-1.02,  	-0.73,-0.44,0.00,25.25
9.29,-0.54,  	-0.13,-1.02,  	-0.72,-0.50,0.00,25.25
9.28,-0.60,  	-0.38,-1.16,  	-0.72,-0.60,0.00,25.25
9.30,-0.59,  	-0.05,-0.27,  	-0.70,-0.59,0.00,25.25
9.33,-0.58,  	0.01,-0.14,  	-0.70,-0.59,0.00,25.25
9.36,-0.57,  	0.14,-0.07,  	-0.67,-0.58,0.00,25.25
9.38,-0.60,  	0.13,-0.08,  	-0.64,-0.57,0.00,25.25
9.39,-0.61,  	-0.04,-0.24,  	-0.61,-0.61,0.00,25.25
9.42,-0.57,  	0.12,0.19,  	-0.58,-0.57,0.00,25.25
9.42,-0.63,  	0.14,0.24,  	-0.58,-0.57,0.00,25.25
9.42,-0.65,  	-0.33,-1.12,  	-0.58,-0.63,0.00,25.25
9.45,-0.69,  	-0.10,-0.69,  	-0.58,-0.65,0.00,25.25
9.45,-0.71,  	-0.21,-0.60,  	-0.55,-0.71,0.00,25.25
9.47,-0.67,  	0.09,0.23,  	-0.53,-0.67,0.00,25.25
9.49,-0.63,  	0.14,0.35,  	-0.53,-0.67,0.00,25.25
9.48,-0.62,  	0.05,0.36,  	-0.51,-0.63,0.00,25.25
9.47,-0.57,  	-0.35,-0.01,  	-0.52,-0.62,0.00,25.25
9.47,-0.50,  	-0.12,0.91,  	-0.53,-0.50,0.00,25.25
9.47,-0.39,  	-0.18,1.37,  	-0.53,-0.39,0.00,25.25
9.49,-0.34,  	-0.20,1.42,  	-0.53,-0.39,0.00,25.26
9.51,-0.32,  	0.09,0.55,  	-0.51,-0.34,0.00,25.25
9.51,-0.29,  	0.02,0.21,  	-0.49,-0.32,0.00,25.25
9.54,-0.27,  	0.15,0.15,  	-0.46,-0.27,0.00,25.25
9.52,-0.21,  	-0.29,0.78,  	-0.48,-0.21,0.00,25.25
9.51,-0.22,  	-0.36,0.87,  	-0.48,-0.21,0.00,25.25
9.50,-0.21,  	-0.43,-0.18,  	-0.49,-0.22,0.00,25.25
9.51,-0.17,  	-0.31,0.06,  	-0.50,-0.21,0.00,25.25
9.51,-0.15,  	-0.20,0.32,  	-0.49,-0.15,0.00,25.25
9.49,-0.12,  	-0.40,0.27,  	-0.51,-0.12,0.00,25.25
9.48,-0.11,  	-0.43,0.27,  	-0.51,-0.12,0.00,25.25
9.48,-0.08,  	-0.38,0.21,  	-0.52,-0.11,0.00,25.25
9.47,-0.13,  	-0.16,0.17,  	-0.52,-0.08,0.00,25.25
9.46,-0.17,  	-0.38,-0.69,  	-0.54,-0.17,0.00,25.25
9.44,-0.22,  	-0.52,-0.76,  	-0.56,-0.22,0.00,25.25
9.43,-0.23,  	-0.54,-0.76,  	-0.56,-0.22,0.00,25.25
9.42,-0.28,  	-0.38,-0.39,  	-0.57,-0.23,0.00,25.25
9.39,-0.37,  	-0.47,-0.81,  	-0.58,-0.28,0.00,25.25
9.36,-0.43,  	-0.70,-1.09,  	-0.64,-0.43,0.00,25.25
9.35,-0.49,  	-0.48,-1.10,  	-0.65,-0.49,0.00,25.25
9.35,-0.51,  	-0.45,-1.11,  	-0.65,-0.49,0.00,25.25
9.35,-0.55,  	-0.20,-0.61,  	-0.65,-0.51,0.00,25.25
9.35,-0.61,  	-0.21,-0.81,  	-0.65,-0.55,0.00,25.25
9.38,-0.65,  	0.09,-0.84,  	-0.62,-0.65,0.00,25.25
9.41,-0.67,  	0.13,-0.56,  	-0.59,-0.67,0.00,25.25
9.42,-0.73,  	0.13,-0.53,  	-0.59,-0.67,0.00,25.25
9.42,-0.80,  	0.00,-1.17,  	-0.58,-0.73,0.00,25.25
9.45,-0.77,  	-0.24,-1.41,  	-0.58,-0.80,0.00,25.26
9.45,-0.77,  	0.16,0.12,  	-0.55,-0.77,0.00,25.25
9.45,-0.81,  	-0.15,-0.43,  	-0.55,-0.77,0.00,25.25
9.45,-0.88,  	-0.26,-0.95,  	-0.55,-0.81,0.00,25.25
9.46,-0.92,  	-0.27,-1.42,  	-0.55,-0.88,0.00,25.26
9.49,-0.93,  	-0.05,-0.82,  	-0.54,-0.92,0.00,25.25
9.51,-0.90,  	0.07,0.04,  	-0.49,-0.90,0.00,25.25
9.51,-0.85,  	-0.18,0.33,  	-0.49,-0.85,0.00,25.25
9.53,-0.84,  	-0.21,0.35,  	-0.49,-0.85,0.00,25.25
9.55,-0.83,  	0.01,-0.13,  	-0.47,-0.84,0.00,25.25
9.58,-0.80,  	0.21,-0.20,  	-0.45,-0.83,0.00,25.25
9.58,-0.80,  	-0.08,-0.25,  	-0.42,-0.80,0.00,25.25
9.57,-0.80,  	-0.12,-0.30,  	-0.42,-0.80,0.00,25.25
9.58,-0.79,  	-0.30,-0.26,  	-0.43,-0.80,0.00,25.25
9.56,-0.79,  	-0.06,-0.23,  	-0.42,-0.79,0.00,25.25
9.55,-0.84,  	7.55,-0.33,  	19.56,-0.79,0.00,25.49
9.54,-0.84,  	7.86,-1.08,  	19.55,-0.84,0.00,25.49
9.50,-0.85,  	8.04,-0.43,  	19.54,-0.84,0.00,25.49
9.46,-0.88,  	7.57,-0.47,  	19.50,-0.85,0.00,25.47
9.45,-0.82,  	7.60,-0.74,  	19.46,-0.88,0.00,25.47
9.37,-0.77,  	7.82,0.41,  	19.45,-0.82,0.00,25.48
9.20,-0.81,  	5.54,-0.80,  	19.20,-0.81,0.00,25.36
9.15,-0.77,  	7.02,0.08,  	19.15,-0.77,0.00,25.44
9.04,-0.73,  	7.28,0.24,  	19.15,-0.77,0.00,25.45
8.86,-0.64,  	6.26,0.26,  	19.04,-0.73,0.00,25.39
8.60,-0.57,  	5.26,0.95,  	18.86,-0.64,0.00,25.35
8.36,-0.47,  	3.98,1.34,  	18.36,-0.47,0.00,25.32
8.15,-0.36,  	4.43,1.51,  	18.15,-0.36,0.00,25.33
7.93,-0.21,  	4.51,1.52,  	18.15,-0.36,0.00,25.33
7.66,-0.08,  	4.13,2.13,  	17.93,-0.21,0.00,25.33
7.36,0.05,  	3.42,1.78,  	17.66,-0.08,0.00,25.30
7.36,0.05,  	1.51,1.40,  	17.36,0.05,0.00,25.26
6.96,0.14,  	1.43,1.41,  	16.96,0.14,0.00,25.26
6.16,0.34,  	1.33,1.46,  	16.59,0.24,0.00,25.26
5.72,0.41,  	0.43,1.60,  	16.16,0.34,0.00,25.26
5.26,0.46,  	0.15,1.31,  	15.72,0.41,0.00,25.25
5.26,0.46,  	-0.46,0.11,  	15.26,0.46,0.00,25.25
4.32,0.43,  	-1.14,-0.06,  	14.32,0.43,0.00,25.25
3.75,0.38,  	-1.20,-0.06,  	14.32,0.43,0.00,25.25
3.15,0.40,  	-2.63,-0.57,  	13.75,0.38,0.00,25.28
2.55,0.36,  	-3.30,0.33,  	13.15,0.40,0.00,25.29
2.55,0.36,  	-2.85,-1.25,  	12.55,0.36,0.00,25.28
2.01,0.25,  	-2.92,-1.74,  	12.01,0.25,0.00,25.29
0.93,0.03,  	-3.14,-1.84,  	11.48,0.13,0.00,25.30
0.34,-0.12,  	-3.53,-1.50,  	10.93,0.03,0.00,25.30
-0.23,-0.29,  	-4.41,-2.18,  	10.34,-0.12,0.00,25.34
-0.23,-0.29,  	-4.41,-2.81,  	9.77,-0.29,0.00,25.35
-1.34,-0.64,  	-4.45,-2.79,  	8.66,-0.64,0.00,25.35
-1.87,-0.82,  	-4.40,-2.76,  	8.66,-0.64,0.00,25.35
-2.37,-1.03,  	-4.48,-2.96,  	8.13,-0.82,0.00,25.36
-2.85,-1.26,  	-4.40,-3.52,  	7.63,-1.03,0.00,25.37
-3.27,-1.42,  	-3.54,-3.07,  	6.73,-1.42,0.00,25.33
-3.69,-1.62,  	-3.68,-3.49,  	6.31,-1.62,0.00,25.35
-4.16,-1.80,  	-3.70,-3.57,  	6.31,-1.62,0.00,25.35
-4.60,-2.00,  	-4.43,-3.50,  	5.84,-1.80,0.00,25.37
-5.01,-2.18,  	-4.41,-3.84,  	5.40,-2.00,0.00,25.38
-5.36,-2.37,  	-3.22,-3.81,  	4.64,-2.37,0.00,25.34
-5.66,-2.49,  	-2.78,-2.99,  	4.34,-2.49,0.00,25.31
-5.96,-2.55,  	-2.73,-2.86,  	4.34,-2.49,0.00,25.31
-6.24,-2.64,  	-2.81,-1.97,  	4.04,-2.55,0.00,25.29
-6.51,-2.77,  	-2.62,-2.47,  	3.76,-2.64,0.00,25.30
-6.51,-2.77,  	-2.49,-2.34,  	3.49,-2.77,0.00,25.29
-6.77,-2.84,  	-1.96,-1.44,  	3.23,-2.84,0.00,25.27
-7.18,-2.88,  	-1.95,-1.32,  	3.01,-2.85,0.00,25.27
-7.34,-2.89,  	-1.58,-1.64,  	2.82,-2.88,0.00,25.27
-7.42,-2.78,  	-1.30,-1.43,  	2.66,-2.89,0.00,25.26
-7.42,-2.78,  	-1.09,-0.91,  	2.58,-2.78,0.00,25.26
-7.75,-2.79,  	-1.67,-1.31,  	2.25,-2.79,0.00,25.27
-7.88,-2.70,  	-1.72,-1.34,  	2.25,-2.79,0.00,25.27
-7.99,-2.59,  	-1.13,0.14,  	2.12,-2.70,0.00,25.25
-8.09,-2.52,  	-0.77,0.50,  	2.01,-2.59,0.00,25.25
-8.09,-2.52,  	-0.17,1.20,  	1.91,-2.52,0.00,25.25
-8.14,-2.36,  	-0.10,1.66,  	1.86,-2.36,0.00,25.26
-8.27,-2.03,  	-0.12,1.77,  	1.79,-2.18,0.00,25.26
-8.37,-1.91,  	-0.35,1.44,  	1.73,-2.03,0.00,25.26
-8.46,-1.81,  	-0.75,1.09,  	1.63,-1.91,0.00,25.25
-8.55,-1.64,  	-0.75,1.65,  	1.45,-1.64,0.00,25.26
-8.62,-1.51,  	-0.48,1.43,  	1.38,-1.51,0.00,25.26
-8.67,-1.39,  	-0.44,1.38,  	1.38,-1.51,0.00,25.26
-8.67,-1.20,  	-0.25,1.31,  	1.33,-1.39,0.00,25.25
-8.73,-1.07,  	0.51,2.21,  	1.33,-1.20,0.00,25.27
-8.83,-0.85,  	-0.88,2.89,  	1.17,-0.85,0.00,25.28
-8.90,-0.63,  	-0.79,2.98,  	1.10,-0.63,0.00,25.28
-9.02,-0.46,  	-0.76,2.96,  	1.10,-0.63,0.00,25.28
-9.11,-0.32,  	-1.24,2.35,  	0.98,-0.46,0.00,25.27
-9.17,-0.22,  	-0.99,2.13,  	0.89,-0.32,0.00,25.27
-9.25,-0.20,  	-0.82,0.32,  	0.75,-0.20,0.00,25.25
-9.28,-0.11,  	-0.33,1.14,  	0.72,-0.11,0.00,25.25
-9.40,-0.05,  	-0.25,1.28,  	0.72,-0.11,0.00,25.25
-9.52,0.04,  	-1.41,1.09,  	0.60,-0.05,0.00,25.26
-9.65,0.12,  	-1.58,1.29,  	0.48,0.04,0.00,25.26
-9.78,0.19,  	-1.81,1.22,  	0.22,0.19,0.00,25.27
-9.88,0.27,  	-1.44,1.20,  	0.12,0.27,0.00,25.26
-9.93,0.36,  	-1.38,1.19,  	0.12,0.27,0.00,25.26
-9.99,0.46,  	-0.85,1.31,  	0.07,0.36,0.00,25.26
-10.05,0.52,  	-0.82,1.75,  	0.01,0.46,0.00,25.26
-10.14,0.50,  	-1.35,0.21,  	-0.14,0.50,0.00,25.25
-10.23,0.52,  	-1.50,0.51,  	-0.23,0.52,0.00,25.26
-10.32,0.53,  	-1.51,0.58,  	-0.23,0.52,0.00,25.26
-10.35,0.60,  	-1.36,0.41,  	-0.32,0.53,0.00,25.26
-10.41,0.60,  	-0.68,1.25,  	-0.35,0.60,0.00,25.26
-10.50,0.58,  	-1.47,-0.09,  	-0.50,0.58,0.00,25.26
-10.59,0.56,  	-1.58,-0.16,  	-0.59,0.56,0.00,25.26
-10.65,0.56,  	-1.58,-0.16,  	-0.59,0.56,0.00,25.26
-10.71,0.54,  	-1.11,0.29,  	-0.65,0.56,0.00,25.25
-10.75,0.53,  	-1.25,0.03,  	-0.71,0.54,0.00,25.25
-10.75,0.53,  	-0.36,0.41,  	-0.75,0.53,0.00,25.25
-10.73,0.53,  	-0.15,0.09,  	-0.73,0.53,0.00,25.25
-10.73,0.53,  	-0.13,0.03,  	-0.73,0.53,0.00,25.25
-10.78,0.50,  	-0.32,0.32,  	-0.73,0.53,0.00,25.25
-10.81,0.51,  	-0.94,-0.32,  	-0.78,0.50,0.00,25.25
-10.85,0.54,  	-0.86,0.56,  	-0.85,0.54,0.00,25.25
-10.84,0.52,  	-0.29,0.01,  	-0.84,0.52,0.00,25.25
-10.82,0.45,  	-0.21,-0.08,  	-0.84,0.52,0.00,25.25
-10.80,0.46,  	-0.11,-0.99,  	-0.82,0.45,0.00,25.25
-10.80,0.48,  	0.05,0.29,  	-0.80,0.46,0.00,25.25
-10.80,0.46,  	-0.26,-0.02,  	-0.80,0.46,0.00,25.25
-10.84,0.43,  	-0.84,-0.19,  	-0.84,0.43,0.00,25.25
-10.84,0.44,  	-0.93,-0.21,  	-0.84,0.43,0.00,25.25
-10.84,0.45,  	-0.47,0.36,  	-0.84,0.44,0.00,25.25
-10.82,0.47,  	-0.31,0.26,  	-0.84,0.45,0.00,25.25
-10.81,0.49,  	-0.16,0.60,  	-0.81,0.49,0.00,25.25
-10.78,0.57,  	0.08,1.30,  	-0.78,0.57,0.00,25.25
-10.78,0.62,  	0.11,1.40,  	-0.78,0.57,0.00,25.26
-10.79,0.64,  	-0.14,1.05,  	-0.78,0.62,0.00,25.25
-10.80,0.66,  	-0.51,0.54,  	-0.79,0.64,0.00,25.25
-10.80,0.66,  	-0.10,1.04,  	-0.80,0.66,0.00,25.25
-10.77,0.72,  	-0.15,0.38,  	-0.77,0.72,0.00,25.25
-10.77,0.69,  	-0.17,0.27,  	-0.77,0.72,0.00,25.25
-10.76,0.73,  	-0.32,-0.09,  	-0.77,0.69,0.00,25.25
-10.80,0.76,  	-0.12,0.92,  	-0.76,0.73,0.00,25.25
-10.80,0.76,  	-0.85,0.49,  	-0.80,0.76,0.00,25.25
-10.88,0.81,  	-1.11,0.86,  	-0.88,0.81,0.00,25.26
-10.94,0.84,  	-1.15,0.91,  	-0.88,0.81,0.00,25.26
-10.97,0.82,  	-1.14,0.70,  	-0.94,0.84,0.00,25.25
-10.97,0.88,  	-0.98,0.21,  	-0.97,0.82,0.00,25.25
-10.97,0.88,  	-0.32,0.89,  	-0.97,0.88,0.00,25.25
-10.94,0.98,  	-0.09,1.32,  	-0.94,0.98,0.00,25.25
-11.01,0.89,  	-0.05,1.39,  	-0.94,0.98,0.00,25.25
-11.07,0.90,  	-1.44,-0.80,  	-1.01,0.89,0.00,25.26
-11.12,0.93,  	-1.34,0.50,  	-1.07,0.90,0.00,25.26
-11.16,0.92,  	-1.10,0.28,  	-1.16,0.92,0.00,25.25
-11.19,0.85,  	-1.02,-0.60,  	-1.19,0.85,0.00,25.25
-11.23,0.77,  	-1.00,-0.72,  	-1.19,0.85,0.00,25.25
-11.23,0.77,  	-1.07,-0.84,  	-1.23,0.77,0.00,25.25
-11.23,0.78,  	-0.47,0.17,  	-1.23,0.77,0.00,25.25
-11.28,0.79,  	-1.11,0.46,  	-1.28,0.79,0.00,25.25
-11.33,0.77,  	-1.39,0.12,  	-1.33,0.77,0.00,25.26
-11.34,0.78,  	-1.42,0.07,  	-1.33,0.77,0.00,25.26
-11.35,0.76,  	-0.67,0.48,  	-1.34,0.78,0.00,25.25
-11.33,0.78,  	-0.71,0.05,  	-1.35,0.76,0.00,25.25
-11.35,0.75,  	-0.65,0.02,  	-1.35,0.75,0.00,25.25
-11.35,0.72,  	-0.62,-0.08,  	-1.35,0.72,0.00,25.25
-11.35,0.75,  	-0.61,-0.09,  	-1.35,0.72,0.00,25.25
-11.35,0.73,  	-0.73,0.66,  	-1.35,0.75,0.00,25.25
-11.35,0.76,  	-0.53,0.14,  	-1.35,0.73,0.00,25.25
-11.31,0.74,  	-0.07,0.09,  	-1.31,0.74,0.00,25.25
-11.33,0.69,  	-0.73,-0.51,  	-1.33,0.69,0.00,25.25
-11.33,0.68,  	-0.84,-0.59,  	-1.33,0.69,0.00,25.25
-11.32,0.69,  	-0.65,0.14,  	-1.33,0.68,0.00,25.25
-11.32,0.66,  	-0.46,0.50,  	-1.32,0.69,0.00,25.25
-11.34,0.58,  	-0.77,-0.87,  	-1.34,0.58,0.00,25.25
-11.34,0.52,  	-0.53,-0.73,  	-1.34,0.52,0.00,25.25
-11.32,0.52,  	-0.49,-0.70,  	-1.34,0.52,0.00,25.25
-11.32,0.50,  	-0.18,0.16,  	-1.32,0.52,0.00,25.25
-11.31,0.50,  	-0.68,-0.17,  	-1.32,0.50,0.00,25.25
-11.31,0.50,  	-0.64,0.71,  	-1.31,0.50,0.00,25.25
-11.33,0.59,  	-0.73,0.92,  	-1.33,0.59,0.00,25.25
-11.30,0.61,  	-0.73,0.93,  	-1.33,0.59,0.00,25.25
-11.29,0.63,  	-0.16,0.70,  	-1.30,0.61,0.00,25.25
-11.30,0.63,  	-0.30,0.41,  	-1.29,0.63,0.00,25.25
-11.32,0.64,  	-0.85,0.54,  	-1.32,0.64,0.00,25.25
-11.32,0.67,  	-0.62,0.74,  	-1.32,0.67,0.00,25.25
-11.33,0.74,  	-0.58,0.76,  	-1.32,0.67,0.00,25.25
-11.32,0.79,  	-0.69,1.34,  	-1.33,0.74,0.00,25.26
-11.33,0.85,  	-0.38,1.03,  	-1.32,0.79,0.00,25.25
-11.35,0.90,  	-0.86,1.10,  	-1.35,0.90,0.00,25.25
-11.37,0.94,  	-0.86,1.07,  	-1.37,0.94,0.00,25.25
-11.40,0.99,  	-0.86,1.07,  	-1.37,0.94,0.00,25.25
-11.47,1.03,  	-1.08,1.17,  	-1.40,0.99,0.00,25.26
-11.50,1.06,  	-1.51,1.06,  	-1.47,1.03,0.00,25.26
-11.50,1.10,  	-0.73,1.09,  	-1.50,1.10,0.00,25.25
-11.51,1.11,  	-0.73,0.73,  	-1.51,1.11,0.00,25.25
-11.50,1.15,  	-0.74,0.67,  	-1.51,1.11,0.00,25.25
-11.52,1.19,  	-0.54,1.07,  	-1.50,1.15,0.00,25.25
-11.55,1.20,  	-0.75,1.11,  	-1.52,1.19,0.00,25.25
-11.59,1.24,  	-1.20,1.05,  	-1.59,1.24,0.00,25.26
-11.59,1.28,  	-0.79,1.16,  	-1.59,1.28,0.00,25.25
-11.60,1.31,  	-0.73,1.17,  	-1.59,1.28,0.00,25.25
-11.61,1.26,  	-0.75,0.79,  	-1.60,1.31,0.00,25.25
-11.63,1.24,  	-0.82,-0.10,  	-1.61,1.26,0.00,25.25
-11.63,1.25,  	-0.77,0.67,  	-1.63,1.25,0.00,25.25
-11.63,1.28,  	-0.74,0.95,  	-1.63,1.28,0.00,25.25
-11.67,1.27,  	-0.74,0.99,  	-1.63,1.28,0.00,25.25
-11.69,1.23,  	-1.24,0.35,  	-1.67,1.27,0.00,25.25
-11.69,1.19,  	-1.14,-0.16,  	-1.69,1.23,0.00,25.25
-11.69,1.15,  	-0.67,-0.14,  	-1.69,1.15,0.00,25.25
-11.70,1.10,  	-0.74,-0.28,  	-1.70,1.10,0.00,25.25
-11.70,1.05,  	-0.75,-0.30,  	-1.70,1.10,0.00,25.25
-11.72,1.01,  	-0.70,-0.15,  	-1.70,1.05,0.00,25.25
-11.73,0.98,  	-1.02,-0.26,  	-1.72,1.01,0.00,25.25
-11.76,0.94,  	-1.14,-0.05,  	-1.76,0.94,0.00,25.25
-11.72,0.97,  	-0.32,0.59,  	-1.72,0.97,0.00,25.25
-11.69,0.96,  	-0.19,0.69,  	-1.72,0.97,0.00,25.25
-11.66,0.91,  	-0.14,0.25,  	-1.69,0.96,0.00,25.25
-11.66,0.86,  	-0.36,-0.47,  	-1.66,0.91,0.00,25.25
-11.64,0.84,  	-0.47,0.12,  	-1.64,0.84,0.00,25.25
-11.60,0.91,  	-0.12,1.26,  	-1.60,0.91,0.00,25.25
-11.57,0.93,  	-0.08,1.41,  	-1.60,0.91,0.00,25.26
-11.54,0.95,  	-0.22,0.57,  	-1.57,0.93,0.00,25.25
-11.49,1.01,  	-0.11,0.85,  	-1.54,0.95,0.00,25.25
-11.45,1.05,  	0.07,1.16,  	-1.45,1.05,0.00,25.25
-11.42,1.05,  	-0.19,0.50,  	-1.42,1.05,0.00,25.25
-11.45,1.01,  	-0.23,0.41,  	-1.42,1.05,0.00,25.25
-11.45,1.03,  	-0.94,-0.28,  	-1.45,1.01,0.00,25.25
-11.40,1.01,  	-0.60,0.63,  	-1.45,1.03,0.00,25.25
-11.39,0.99,  	-0.38,0.18,  	-1.39,0.99,0.00,25.25
-11.40,0.94,  	-0.77,-0.40,  	-1.40,0.94,0.00,25.25
-11.43,0.90,  	-0.82,-0.49,  	-1.40,0.94,0.00,25.25
-11.43,0.88,  	-0.97,-0.24,  	-1.43,0.90,0.00,25.25
-11.45,0.86,  	-0.53,0.19,  	-1.43,0.88,0.00,25.25
-11.44,0.92,  	-0.51,1.10,  	-1.44,0.92,0.00,25.25
-11.43,0.94,  	-0.37,0.87,  	-1.43,0.94,0.00,25.25
-11.40,0.96,  	-0.36,0.82,  	-1.43,0.94,0.00,25.25
-11.35,0.93,  	-0.16,0.54,  	-1.40,0.96,0.00,25.25
-11.35,0.88,  	0.03,-0.08,  	-1.35,0.93,0.00,25.25
-11.35,0.88,  	-1.03,0.52,  	-1.35,0.88,0.00,25.25
-11.39,0.93,  	-0.65,0.91,  	-1.39,0.93,0.00,25.25
-11.39,0.87,  	-0.58,0.95,  	-1.39,0.93,0.00,25.25
-11.36,0.81,  	-0.57,-0.38,  	-1.39,0.87,0.00,25.25
-11.33,0.81,  	-0.18,-0.68,  	-1.36,0.81,0.00,25.25
-11.33,0.81,  	-0.94,0.11,  	-1.33,0.81,0.00,25.25
-11.37,0.79,  	-0.49,-0.02,  	-1.37,0.79,0.00,25.25
-11.35,0.79,  	-0.40,-0.05,  	-1.35,0.77,0.00,25.25
-11.37,0.79,  	-0.49,0.64,  	-1.35,0.79,0.00,25.25
-11.33,0.76,  	-0.75,0.43,  	-1.37,0.79,0.00,25.25
-11.30,0.74,  	-0.20,-0.03,  	-1.30,0.74,0.00,25.25
-11.26,0.75,  	0.10,0.36,  	-1.26,0.75,0.00,25.25
-11.27,0.72,  	0.14,0.42,  	-1.26,0.75,0.00,25.25
-11.30,0.67,  	-0.62,-0.08,  	-1.27,0.72,0.00,25.25
-11.32,0.70,  	-0.93,-0.28,  	-1.30,0.67,0.00,25.25
-11.34,0.70,  	-0.90,0.37,  	-1.34,0.70,0.00,25.25
-11.31,0.74,  	-0.24,0.76,  	-1.31,0.74,0.00,25.25
-11.29,0.73,  	-0.14,0.82,  	-1.31,0.74,0.00,25.25
-11.29,0.73,  	-0.16,0.19,  	-1.29,0.73,0.00,25.25
-11.32,0.73,  	-0.51,0.32,  	-1.29,0.73,0.00,25.25
-11.33,0.73,  	-0.74,0.28,  	-1.33,0.73,0.00,25.25
-11.38,0.72,  	-1.23,0.33,  	-1.38,0.72,0.00,25.25
-11.44,0.78,  	-1.31,0.34,  	-1.38,0.72,0.00,25.25
-11.42,0.78,  	-1.42,1.04,  	-1.44,0.78,0.00,25.26
-11.40,0.75,  	-0.45,0.49,  	-1.42,0.78,0.00,25.25
-11.37,0.75,  	-0.24,-0.30,  	-1.40,0.75,0.00,25.25
-11.40,0.75,  	-0.94,0.34,  	-1.40,0.75,0.00,25.25
-11.46,0.70,  	-1.05,0.36,  	-1.40,0.75,0.00,25.25
-11.53,0.68,  	-1.36,-0.37,  	-1.46,0.70,0.00,25.26
-11.58,0.66,  	-1.68,0.07,  	-1.53,0.68,0.00,25.26
-11.58,0.70,  	-0.70,0.61,  	-1.58,0.70,0.00,25.25
-11.56,0.70,  	-0.47,0.29,  	-1.56,0.70,0.00,25.25
-11.54,0.66,  	-0.46,0.23,  	-1.56,0.70,0.00,25.25
-11.54,0.66,  	-0.30,-0.30,  	-1.54,0.66,0.00,25.25
-11.59,0.59,  	-0.56,0.30,  	-1.54,0.66,0.00,25.25
-11.63,0.63,  	-1.31,0.71,  	-1.63,0.63,0.00,25.26
-11.66,0.61,  	-1.13,-0.03,  	-1.66,0.61,0.00,25.25
-11.64,0.58,  	-1.11,-0.17,  	-1.66,0.61,0.00,25.25
-11.62,0.52,  	-0.40,-0.34,  	-1.64,0.58,0.00,25.25
-11.60,0.54,  	-0.38,-0.69,  	-1.62,0.52,0.00,25.25
-11.63,0.53,  	-0.95,0.31,  	-1.63,0.53,0.00,25.25
-11.63,0.50,  	-0.76,-0.03,  	-1.63,0.50,0.00,25.25
-11.65,0.52,  	-0.72,-0.07,  	-1.63,0.50,0.00,25.25
-11.63,0.56,  	-1.11,0.44,  	-1.65,0.52,0.00,25.25
-11.61,0.53,  	-0.38,0.71,  	-1.63,0.56,0.00,25.25
-11.60,0.54,  	-0.36,0.23,  	-1.60,0.54,0.00,25.25
-11.62,0.47,  	-0.90,-0.57,  	-1.62,0.47,0.00,25.25
-11.62,0.40,  	-0.98,-0.70,  	-1.62,0.47,0.00,25.25
-11.65,0.37,  	-0.75,-0.95,  	-1.62,0.40,0.00,25.25
-11.68,0.36,  	-1.14,-0.28,  	-1.65,0.37,0.00,25.25
-11.68,0.33,  	-0.83,-0.32,  	-1.68,0.33,0.00,25.25
-11.67,0.33,  	-0.57,0.06,  	-1.67,0.33,0.00,25.25
-11.65,0.32,  	-0.54,0.12,  	-1.67,0.33,0.00,25.25
-11.63,0.38,  	-0.37,-0.05,  	-1.65,0.32,0.00,25.25
-11.60,0.39,  	-0.42,0.93,  	-1.63,0.38,0.00,25.25
-11.62,0.43,  	-0.81,0.71,  	-1.62,0.43,0.00,25.25
-11.63,0.49,  	-0.93,1.03,  	-1.63,0.49,0.00,25.26
-11.59,0.52,  	-0.93,1.07,  	-1.63,0.49,0.00,25.26
-11.55,0.52,  	-0.07,0.70,  	-1.59,0.52,0.00,25.25
-11.52,0.52,  	-0.01,0.27,  	-1.55,0.52,0.00,25.25
-11.52,0.52,  	-0.28,0.17,  	-1.52,0.52,0.00,25.25
-11.51,0.60,  	-0.65,1.20,  	-1.51,0.60,0.00,25.26
-11.51,0.60,  	-0.69,1.31,  	-1.51,0.60,0.00,25.26
-11.56,0.59,  	-0.67,0.29,  	-1.51,0.60,0.00,25.25
-11.56,0.60,  	-1.35,0.13,  	-1.56,0.59,0.00,25.25
-11.56,0.60,  	-0.63,-0.15,  	-1.56,0.60,0.00,25.25
-11.56,0.57,  	-0.44,0.30,  	-1.56,0.57,0.00,25.25
-11.53,0.59,  	-0.40,0.38,  	-1.53,0.58,0.00,25.25
-11.53,0.60,  	-0.60,0.48,  	-1.53,0.59,0.00,25.25
-11.58,0.59,  	-0.55,0.37,  	-1.53,0.60,0.00,25.25
-11.58,0.59,  	-0.99,0.10,  	-1.58,0.59,0.00,25.25
-11.57,0.63,  	-0.38,0.80,  	-1.57,0.63,0.00,25.25
-11.56,0.62,  	-0.30,0.90,  	-1.57,0.63,0.00,25.25
-11.56,0.62,  	-0.43,0.15,  	-1.56,0.62,0.00,25.25
-11.56,0.62,  	-0.63,0.23,  	-1.56,0.62,0.00,25.25
-11.55,0.58,  	-0.56,-0.25,  	-1.55,0.58,0.00,25.25
-11.55,0.54,  	-0.55,-0.36,  	-1.55,0.54,0.00,25.25
-11.56,0.54,  	-0.55,-0.36,  	-1.55,0.54,0.00,25.25
-11.55,0.51,  	-0.85,0.16,  	-1.56,0.54,0.00,25.25
-11.53,0.49,  	-0.52,-0.22,  	-1.55,0.51,0.00,25.25
-11.53,0.46,  	-0.55,-0.18,  	-1.53,0.46,0.00,25.25
-11.51,0.45,  	-0.37,-0.10,  	-1.51,0.45,0.00,25.25
-11.52,0.46,  	-0.34,-0.08,  	-1.51,0.45,0.00,25.25
-11.49,0.49,  	-0.71,0.36,  	-1.52,0.46,0.00,25.25
-11.44,0.51,  	-0.22,0.50,  	-1.49,0.49,0.00,25.25
-11.37,0.54,  	0.48,0.77,  	-1.37,0.54,0.00,25.25
-11.30,0.59,  	0.43,0.94,  	-1.30,0.59,0.00,25.25
-11.29,0.63,  	0.41,0.95,  	-1.30,0.59,0.00,25.25
-11.29,0.63,  	-0.23,0.94,  	-1.29,0.63,0.00,25.25
-11.25,0.70,  	-0.57,0.24,  	-1.29,0.63,0.00,25.25
-11.25,0.70,  	-0.42,1.15,  	-1.25,0.70,0.00,25.25
-11.25,0.72,  	-0.56,-0.13,  	-1.25,0.72,0.00,25.25
-11.25,0.69,  	-0.57,-0.32,  	-1.25,0.72,0.00,25.25
-11.21,0.72,  	-0.51,-0.23,  	-1.25,0.69,0.00,25.25
-11.18,0.76,  	0.15,0.64,  	-1.21,0.72,0.00,25.25
-11.18,0.76,  	-0.66,0.68,  	-1.18,0.76,0.00,25.25
-11.20,0.78,  	-0.72,0.79,  	-1.20,0.78,0.00,25.25
-11.20,0.80,  	-0.72,0.83,  	-1.21,0.82,0.00,25.25
-11.19,0.81,  	-0.39,0.08,  	-1.20,0.80,0.00,25.25
-11.16,0.86,  	-0.34,0.58,  	-1.19,0.81,0.00,25.25
-11.15,0.88,  	-0.22,0.77,  	-1.15,0.88,0.00,25.25
-11.13,0.91,  	-0.17,0.72,  	-1.13,0.91,0.00,25.25
-11.13,0.91,  	-0.17,0.72,  	-1.13,0.91,0.00,25.25
-11.18,0.89,  	-0.39,0.41,  	-1.13,0.91,0.00,25.25
-11.23,0.87,  	-1.17,0.17,  	-1.18,0.89,0.00,25.25
-11.26,0.93,  	-0.94,1.00,  	-1.26,0.93,0.00,25.25
-11.27,0.95,  	-0.74,0.76,  	-1.27,0.95,0.00,25.25
-11.25,1.00,  	-0.72,0.70,  	-1.27,0.95,0.00,25.25
-11.24,1.09,  	-0.32,1.19,  	-1.25,1.00,0.00,25.25
-11.24,1.14,  	-0.27,1.70,  	-1.24,1.09,0.00,25.26
-11.28,1.09,  	-1.00,-0.02,  	-1.28,1.09,0.00,25.25
-11.31,1.07,  	-0.96,0.01,  	-1.31,1.07,0.00,25.25
-11.33,1.09,  	-0.94,0.05,  	-1.31,1.07,0.00,25.25
-11.33,1.09,  	-0.85,0.80,  	-1.33,1.09,0.00,25.25
-11.34,1.14,  	-0.69,0.47,  	-1.33,1.09,0.00,25.25
-11.35,1.14,  	-0.73,0.50,  	-1.35,1.14,0.00,25.25
-11.38,1.08,  	-1.08,-0.26,  	-1.38,1.08,0.00,25.25
-11.42,1.08,  	-1.13,-0.36,  	-1.38,1.08,0.00,25.25
-11.48,1.06,  	-1.11,0.28,  	-1.42,1.08,0.00,25.25
-11.52,1.04,  	-1.50,0.25,  	-1.48,1.06,0.00,25.26
-11.52,1.04,  	-1.19,0.20,  	-1.52,1.04,0.00,25.25
-11.50,1.01,  	-0.68,0.50,  	-1.52,1.04,0.00,25.25
-11.50,1.03,  	-0.29,-0.07,  	-1.50,1.01,0.00,25.25
-11.54,0.94,  	-0.67,0.64,  	-1.50,1.03,0.00,25.25
-11.57,0.90,  	-1.18,-0.79,  	-1.54,0.94,0.00,25.26
-11.59,0.91,  	-1.03,0.38,  	-1.59,0.91,0.00,25.25
-11.59,0.87,  	-0.78,-0.03,  	-1.59,0.87,0.00,25.25
-11.59,0.81,  	-0.74,-0.10,  	-1.59,0.87,0.00,25.25
-11.59,0.73,  	-0.59,-0.60,  	-1.59,0.81,0.00,25.25
-11.60,0.61,  	-0.68,-0.89,  	-1.59,0.73,0.00,25.25
-11.63,0.53,  	-1.06,-1.00,  	-1.63,0.53,0.00,25.26
-11.65,0.51,  	-1.03,-0.19,  	-1.65,0.51,0.00,25.25
-11.72,0.46,  	-1.02,-0.09,  	-1.65,0.51,0.00,25.25
-11.76,0.39,  	-1.62,-0.49,  	-1.72,0.46,0.00,25.26
-11.75,0.34,  	-1.40,-0.93,  	-1.76,0.39,0.00,25.26
-11.72,0.26,  	-0.33,-1.00,  	-1.72,0.26,0.00,25.25
-11.72,0.24,  	-0.55,-0.31,  	-1.72,0.24,0.00,25.25
-11.72,0.21,  	-0.59,-0.20,  	-1.72,0.24,0.00,25.25
-11.74,0.19,  	-0.85,-0.40,  	-1.72,0.21,0.00,25.25
-11.74,0.21,  	-1.02,-0.20,  	-1.74,0.19,0.00,25.25
-11.74,0.20,  	-0.60,0.37,  	-1.74,0.21,0.00,25.25
-11.73,0.20,  	-0.64,-0.07,  	-1.74,0.20,0.00,25.25
-11.69,0.25,  	-0.62,0.12,  	-1.73,0.20,0.00,25.25
-11.69,0.28,  	-0.17,0.83,  	-1.69,0.25,0.00,25.25
-11.69,0.27,  	-0.65,0.61,  	-1.69,0.28,0.00,25.25
-11.69,0.26,  	-0.74,-0.08,  	-1.69,0.27,0.00,25.25
-11.72,0.23,  	-0.69,0.01,  	-1.69,0.26,0.00,25.25
-11.75,0.21,  	-1.16,-0.31,  	-1.72,0.23,0.00,25.25
-11.76,0.20,  	-1.16,-0.33,  	-1.75,0.21,0.00,25.25
-11.75,0.24,  	-0.85,-0.07,  	-1.76,0.20,0.00,25.25
-11.74,0.29,  	-0.57,0.84,  	-1.74,0.29,0.00,25.25
-11.74,0.30,  	-0.83,0.41,  	-1.74,0.30,0.00,25.25
-11.77,0.34,  	-0.87,0.34,  	-1.74,0.30,0.00,25.25
-11.81,0.38,  	-1.06,0.69,  	-1.77,0.34,0.00,25.25
-11.86,0.45,  	-1.25,0.77,  	-1.81,0.38,0.00,25.26
-11.89,0.44,  	-1.59,1.15,  	-1.86,0.45,0.00,25.26
-11.89,0.47,  	-0.77,0.50,  	-1.89,0.47,0.00,25.25
-11.85,0.53,  	-0.71,0.56,  	-1.89,0.47,0.00,25.25
-11.85,0.55,  	-0.33,1.06,  	-1.85,0.53,0.00,25.25
-11.88,0.58,  	-0.68,0.73,  	-1.85,0.55,0.00,25.25
-11.90,0.57,  	-1.04,0.14,  	-1.90,0.57,0.00,25.25
-11.92,0.59,  	-1.10,0.47,  	-1.92,0.59,0.00,25.25
-11.92,0.57,  	-1.11,0.53,  	-1.92,0.59,0.00,25.25
-11.91,0.62,  	-0.87,0.00,  	-1.92,0.57,0.00,25.25
-11.91,0.60,  	-0.62,0.76,  	-1.91,0.62,0.00,25.25
-11.91,0.60,  	-0.91,-0.06,  	-1.91,0.60,0.00,25.25
-11.92,0.56,  	-0.80,0.20,  	-1.91,0.60,0.00,25.25
-11.96,0.59,  	-0.88,-0.29,  	-1.92,0.56,0.00,25.25
-11.98,0.60,  	-1.41,0.65,  	-1.96,0.59,0.00,25.26
-12.01,0.59,  	-1.10,0.56,  	-1.98,0.60,0.00,25.25
-12.01,0.58,  	-0.78,0.09,  	-2.01,0.58,0.00,25.25
-11.98,0.53,  	-0.55,-0.58,  	-1.98,0.53,0.00,25.25
-11.97,0.53,  	-0.53,-0.67,  	-1.98,0.53,0.00,25.25
-11.98,0.54,  	-0.59,0.06,  	-1.97,0.53,0.00,25.25
-11.99,0.55,  	-1.01,0.47,  	-1.98,0.54,0.00,25.25
-11.99,0.55,  	-0.94,0.49,  	-1.99,0.55,0.00,25.25
-12.00,0.59,  	-0.89,0.44,  	-2.00,0.59,0.00,25.25
-11.99,0.56,  	-0.88,0.43,  	-2.00,0.59,0.00,25.25
-11.96,0.64,  	-0.74,-0.09,  	-1.99,0.56,0.00,25.25
-11.96,0.64,  	-0.27,1.43,  	-1.96,0.64,0.00,25.26
-11.96,0.64,  	-0.67,0.45,  	-1.96,0.64,0.00,25.25
-11.91,0.69,  	-0.36,0.75,  	-1.91,0.69,0.00,25.25
-11.93,0.73,  	-0.33,0.79,  	-1.91,0.69,0.00,25.25
-11.94,0.76,  	-0.94,0.91,  	-1.93,0.73,0.00,25.25
-11.94,0.73,  	-0.90,0.67,  	-1.94,0.76,0.00,25.25
-11.94,0.73,  	-0.25,0.08,  	-1.94,0.73,0.00,25.25
-11.89,0.72,  	-0.61,-0.23,  	-1.89,0.72,0.00,25.25